jahr;foerderungswerber;foerderungsart;mediumtyp;zeitung;gesetzlichegrundlage;status;foerderungsbetrag;"1. Teilbetrag";"2. Teilbetrag";ablehnungsgrund
2009;"Die Presse Verlags-Gesellschaft m.b.H. & Co KG";"Besondere Förderung zur Erhaltung der regionalen Vielfalt der Tageszeitungen";;"Die Presse";"Abschnitt III PresseFG 2004";abgeschlossen;"1180841,80";"590420,90";"590420,90";
2009;"Kärntner Druck- und Verlagsges.m.b.H.";"Besondere Förderung zur Erhaltung der regionalen Vielfalt der Tageszeitungen";;"Neue Kärntner Tageszeitung";"Abschnitt III PresseFG 2004";abgeschlossen;"1139264,80";"569632,40";"569632,40";
2009;"OÖ Media Data Vertriebs- und Verlagsges.m.b.H.";"Besondere Förderung zur Erhaltung der regionalen Vielfalt der Tageszeitungen";;"Neues Volksblatt";"Abschnitt III PresseFG 2004";abgeschlossen;"892001,50";"446000,75";"446000,75";
2009;"Salzburger Volkszeitung GmbH & Co KG";"Besondere Förderung zur Erhaltung der regionalen Vielfalt der Tageszeitungen";;"SVZ Salzburger Volkszeitung";"Abschnitt III PresseFG 2004";abgeschlossen;"769595,10";"384797,55";"384797,55";
2009;"Standard Verlagsgesellschaft m.b.H.";"Besondere Förderung zur Erhaltung der regionalen Vielfalt der Tageszeitungen";;"Der Standard";"Abschnitt III PresseFG 2004";abgeschlossen;"1180841,80";"590420,90";"590420,90";
2009;"Verlagsgruppe NEWS Gesellschaft m.b.H.";"Besondere Förderung zur Erhaltung der regionalen Vielfalt der Tageszeitungen";;profil;"Abschnitt III PresseFG 2004";abgelehnt;",00";",00";",00";
2009;"Verlagsgruppe NEWS Gesellschaft m.b.H.";"Besondere Förderung zur Erhaltung der regionalen Vielfalt der Tageszeitungen";;Format;"Abschnitt III PresseFG 2004";abgelehnt;",00";",00";",00";
2009;"WirtschaftsBlatt Verlag AG";"Besondere Förderung zur Erhaltung der regionalen Vielfalt der Tageszeitungen";;WirtschaftsBlatt;"Abschnitt III PresseFG 2004";abgeschlossen;"662189,30";"331094,65";"331094,65";
2009;"Zeitungs- und Verlagsges.m.b.H.";"Besondere Förderung zur Erhaltung der regionalen Vielfalt der Tageszeitungen";;"Neue Vorarlberger Tageszeitung";"Abschnitt III PresseFG 2004";abgeschlossen;"820265,70";"410132,85";"410132,85";
2009;"Friedrich Austerlitz-Institut für JournalistInnenausbildung";"Förderung von Vereinigungen der Journalistenausbildung";;"Friedrich Austerlitz-Institut für JournalistInnenausbildung";"§ 10 Abs.2 PresseFG 2004";abgeschlossen;"8856,30";"4428,15";"4428,15";
2009;"Friedrich Funder Institut für Publizistik, Medienforschung und Journalistenförderung";"Förderung von Vereinigungen der Journalistenausbildung";;"Friedrich Funder Institut für Publizistik, Medienforschung und Journalistenförderung";"§ 10 Abs.2 PresseFG 2004";abgeschlossen;"23537,80";"11768,90";"11768,90";
2009;"GESPU - Gesellschaft für Publizistik und Medienforschung";"Förderung von Vereinigungen der Journalistenausbildung";;"GESPU - Gesellschaft für Publizistik und Medienforschung";"§ 10 Abs.2 PresseFG 2004";abgeschlossen;"27657,90";"13828,95";"13828,95";
2009;"Katholische Medien Akademie";"Förderung von Vereinigungen der Journalistenausbildung";;"Katholische Medien Akademie";"§ 10 Abs.2 PresseFG 2004";abgeschlossen;"65052,00";"32526,00";"32526,00";
2009;"M-MEDIA, Verein zur Förderung interkultureller Medienarbeit";"Förderung von Vereinigungen der Journalistenausbildung";;"M-MEDIA, Verein zur Förderung interkultureller Medienarbeit";"§ 10 Abs.2 PresseFG 2004";abgeschlossen;"5000,00";"2500,00";"2500,00";
2009;"OÖ Journalistenakademie";"Förderung von Vereinigungen der Journalistenausbildung";;"OÖ Journalistenakademie";"§ 10 Abs.2 PresseFG 2004";abgeschlossen;"65052,00";"32526,00";"32526,00";
2009;"Österreichische Medienakademie - Kuratorium für Journalistenausbildung";"Förderung von Vereinigungen der Journalistenausbildung";;"Österreichische Medienakademie - Kuratorium für Journalistenausbildung";"§ 10 Abs.2 PresseFG 2004";abgeschlossen;"455364,00";"227682,00";"227682,00";
2009;"Klub der Wirtschaftspublizisten";"Förderung von Vereinigungen, deren Hauptaufgabe die Veranstaltung oder Durchführung von Pressekonferenzen ist";;"Klub der Wirtschaftspublizisten";"§ 11 Abs.4 PresseFG 2004";abgeschlossen;"3002,40";"1501,20";"1501,20";
2009;"Oberösterreichischer Presseclub";"Förderung von Vereinigungen, deren Hauptaufgabe die Veranstaltung oder Durchführung von Pressekonferenzen ist";;"Oberösterreichischer Presseclub";"§ 11 Abs.4 PresseFG 2004";abgeschlossen;"9507,60";"4753,80";"4753,80";
2009;"Presseclub Carinthia";"Förderung von Vereinigungen, deren Hauptaufgabe die Veranstaltung oder Durchführung von Pressekonferenzen ist";;"Presseclub Carinthia";"§ 11 Abs.4 PresseFG 2004";abgeschlossen;"3002,40";"1501,20";"1501,20";
2009;"Presseclub Concordia";"Förderung von Vereinigungen, deren Hauptaufgabe die Veranstaltung oder Durchführung von Pressekonferenzen ist";;"Presseclub Concordia";"§ 11 Abs.4 PresseFG 2004";abgeschlossen;"25020,00";"12510,00";"12510,00";
2009;"Steirischer Presseclub";"Förderung von Vereinigungen, deren Hauptaufgabe die Veranstaltung oder Durchführung von Pressekonferenzen ist";;"Steirischer Presseclub";"§ 11 Abs.4 PresseFG 2004";abgeschlossen;"7506,00";"3753,00";"3753,00";
2009;"Verband der Agrarjournalisten und -publizisten in Österreich (VAÖ)";"Förderung von Vereinigungen, deren Hauptaufgabe die Veranstaltung oder Durchführung von Pressekonferenzen ist";;"Verband der Agrarjournalisten und -publizisten in Österreich (VAÖ)";"§ 11 Abs.4 PresseFG 2004";abgeschlossen;"1000,80";"500,40";"500,40";
2009;"Verband der Auslandspresse Wien";"Förderung von Vereinigungen, deren Hauptaufgabe die Veranstaltung oder Durchführung von Pressekonferenzen ist";;"Verband der Auslandspresse Wien";"§ 11 Abs.4 PresseFG 2004";abgeschlossen;"1000,80";"500,40";"500,40";
2009;"Verband katholischer Publizistinnen und Publizisten Österreichs";"Förderung von Vereinigungen, deren Hauptaufgabe die Veranstaltung oder Durchführung von Pressekonferenzen ist";;"Verband katholischer Publizistinnen und Publizisten Österreichs";"§ 11 Abs.4 PresseFG 2004";abgelehnt;",00";",00";",00";
2009;"Die Presse Verlags-Gesellschaft m.b.H. & Co KG";"Refundierung für die Gratisverteilung an Schulen - Tageszeitungen";;"Die Presse";"§ 11 Abs.2 Z 2 PresseFG 2004";abgeschlossen;"20857,30";"10428,65";"10428,65";
2009;"Eugen Ruß, Vbg. Zeitungsverlag u. Druckerei GmbH";"Refundierung für die Gratisverteilung an Schulen - Tageszeitungen";;"Vorarlberger Nachrichten";"§ 11 Abs.2 Z 2 PresseFG 2004";abgeschlossen;"5133,80";"2566,90";"2566,90";
2009;"Kleine Zeitung GmbH & Co KG";"Refundierung für die Gratisverteilung an Schulen - Tageszeitungen";;"Kleine Zeitung Steiermark und Kärnten";"§ 11 Abs.2 Z 2 PresseFG 2004";abgeschlossen;"15911,80";"7955,90";"7955,90";
2009;"Kärntner Druck- und Verlagsges.m.b.H.";"Refundierung für die Gratisverteilung an Schulen - Tageszeitungen";;"Neue Kärntner Tageszeitung";"§ 11 Abs.2 Z 2 PresseFG 2004";abgeschlossen;"449,40";"224,70";"224,70";
2009;"Mediaprint Zeitungs- und Zeitschriftenverlag Ges.m.b.H & Co KG";"Refundierung für die Gratisverteilung an Schulen - Tageszeitungen";;"Neue Kronenzeitung";"§ 11 Abs.2 Z 2 PresseFG 2004";abgeschlossen;"18878,00";"9439,00";"9439,00";
2009;"Mediaprint Zeitungs- und Zeitschriftenverlag Ges.m.b.H & Co KG";"Refundierung für die Gratisverteilung an Schulen - Tageszeitungen";;Kurier;"§ 11 Abs.2 Z 2 PresseFG 2004";abgeschlossen;"18429,40";"9214,70";"9214,70";
2009;"OÖ Media Data Vertriebs- und Verlagsges.m.b.H.";"Refundierung für die Gratisverteilung an Schulen - Tageszeitungen";;"Neues Volksblatt";"§ 11 Abs.2 Z 2 PresseFG 2004";abgeschlossen;"2104,90";"1052,45";"1052,45";
2009;"OÖN Redaktion GmbH & CO KG";"Refundierung für die Gratisverteilung an Schulen - Tageszeitungen";;"OÖ Nachrichten";"§ 11 Abs.2 Z 2 PresseFG 2004";abgeschlossen;"20191,70";"10095,85";"10095,85";
2009;"Salzburger Nachrichten Verlagsges.m.b.H. & Co KG";"Refundierung für die Gratisverteilung an Schulen - Tageszeitungen";;"Salzburger Nachrichten";"§ 11 Abs.2 Z 2 PresseFG 2004";abgeschlossen;"20652,10";"10326,05";"10326,05";
2009;"Salzburger Volkszeitung GmbH & Co KG";"Refundierung für die Gratisverteilung an Schulen - Tageszeitungen";;"SVZ Salzburger Volkszeitung";"§ 11 Abs.2 Z 2 PresseFG 2004";abgeschlossen;"4011,80";"2005,90";"2005,90";
2009;"Schlüsselverlag J.S. Moser GmbH.";"Refundierung für die Gratisverteilung an Schulen - Tageszeitungen";;"Tiroler Tageszeitung";"§ 11 Abs.2 Z 2 PresseFG 2004";abgeschlossen;"20149,50";"10074,75";"10074,75";
2009;"Standard Verlagsgesellschaft m.b.H.";"Refundierung für die Gratisverteilung an Schulen - Tageszeitungen";;"Der Standard";"§ 11 Abs.2 Z 2 PresseFG 2004";abgeschlossen;"27693,80";"13846,90";"13846,90";
2009;"WirtschaftsBlatt Verlag AG";"Refundierung für die Gratisverteilung an Schulen - Tageszeitungen";;WirtschaftsBlatt;"§ 11 Abs.2 Z 2 PresseFG 2004";abgeschlossen;"2199,90";"1099,95";"1099,95";
2009;"Zeitungs- und Verlagsges.m.b.H.";"Refundierung für die Gratisverteilung an Schulen - Tageszeitungen";;"Neue Vorarlberger Tageszeitung";"§ 11 Abs.2 Z 2 PresseFG 2004";abgeschlossen;"400,50";"200,25";"200,25";
2009;"Die Furche ZeitschriftenbetriebsgesmbH & Co KG";"Refundierung für die Gratisverteilung an Schulen - Wochenzeitungen";;"Die Furche";"§ 11 Abs.2 Z 2 PresseFG 2004";abgeschlossen;"13047,60";"6523,80";"6523,80";
2009;"Diözese Innsbruck";"Refundierung für die Gratisverteilung an Schulen - Wochenzeitungen";;"Tiroler Sonntag - Kirchenzeitung der Diözese Innsbruck";"§ 11 Abs.2 Z 2 PresseFG 2004";abgeschlossen;"1345,00";"672,50";"672,50";
2009;"Falter Zeitschriftengesellschaft m.b.H.";"Refundierung für die Gratisverteilung an Schulen - Wochenzeitungen";;Falter;"§ 11 Abs.2 Z 2 PresseFG 2004";abgeschlossen;"346,30";"173,15";"173,15";
2009;"Kirchenzeitung Diözese Linz";"Refundierung für die Gratisverteilung an Schulen - Wochenzeitungen";;"Kirchenzeitung Diözese Linz";"§ 11 Abs.2 Z 2 PresseFG 2004";abgeschlossen;"91,50";"45,75";"45,75";
2009;"Kroatischer Presseverein";"Refundierung für die Gratisverteilung an Schulen - Wochenzeitungen";;"Hrvatske Novine";"§ 11 Abs.2 Z 2 PresseFG 2004";abgeschlossen;"566,40";"283,20";"283,20";
2009;"Niederösterreichisches Pressehaus Druck- und Verlagsges.m.b.H.";"Refundierung für die Gratisverteilung an Schulen - Wochenzeitungen";;BVZ;"§ 11 Abs.2 Z 2 PresseFG 2004";abgeschlossen;"124,40";"62,20";"62,20";
2009;"Niederösterreichisches Pressehaus Druck- und Verlagsges.m.b.H.";"Refundierung für die Gratisverteilung an Schulen - Wochenzeitungen";;NÖN;"§ 11 Abs.2 Z 2 PresseFG 2004";abgeschlossen;"2005,40";"1002,70";"1002,70";
2009;"Osttiroler Bote Medienunternehmen Ges.m.b.H.";"Refundierung für die Gratisverteilung an Schulen - Wochenzeitungen";;"Osttiroler Bote";"§ 11 Abs.2 Z 2 PresseFG 2004";abgeschlossen;"84,70";"42,35";"42,35";
2009;"Die Presse Verlags-Gesellschaft m.b.H. & Co KG";"Vertriebsförderung von Tageszeitungen";;"Die Presse";"Abschnitt II PresseFG 2004";abgeschlossen;"150369,20";"75184,60";"75184,60";
2009;"Eugen Ruß, Vbg. Zeitungsverlag u. Druckerei GmbH";"Vertriebsförderung von Tageszeitungen";;"Vorarlberger Nachrichten";"Abschnitt II PresseFG 2004";abgeschlossen;"187961,50";"93980,75";"93980,75";
2009;"Kleine Zeitung GmbH & Co KG";"Vertriebsförderung von Tageszeitungen";;"Kleine Zeitung Steiermark und Kärnten";"Abschnitt II PresseFG 2004";abgeschlossen;"187961,50";"93980,75";"93980,75";
2009;"Kärntner Druck- und Verlagsges.m.b.H.";"Vertriebsförderung von Tageszeitungen";;"Neue Kärntner Tageszeitung";"Abschnitt II PresseFG 2004";abgeschlossen;"187961,50";"93980,75";"93980,75";
2009;"Mediaprint Zeitungs- und Zeitschriftenverlag Ges.m.b.H & Co KG";"Vertriebsförderung von Tageszeitungen";;"Neue Kronenzeitung";"Abschnitt II PresseFG 2004";abgeschlossen;"187961,50";"93980,75";"93980,75";
2009;"Mediaprint Zeitungs- und Zeitschriftenverlag Ges.m.b.H & Co KG";"Vertriebsförderung von Tageszeitungen";;Kurier;"Abschnitt II PresseFG 2004";abgeschlossen;"150369,20";"75184,60";"75184,60";
2009;"OÖ Media Data Vertriebs- und Verlagsges.m.b.H.";"Vertriebsförderung von Tageszeitungen";;"Neues Volksblatt";"Abschnitt II PresseFG 2004";abgeschlossen;"187961,50";"93980,75";"93980,75";
2009;"OÖN Redaktion GmbH & CO KG";"Vertriebsförderung von Tageszeitungen";;"OÖ Nachrichten";"Abschnitt II PresseFG 2004";abgeschlossen;"187961,50";"93980,75";"93980,75";
2009;"Salzburger Nachrichten Verlagsges.m.b.H. & Co KG";"Vertriebsförderung von Tageszeitungen";;"Salzburger Nachrichten";"Abschnitt II PresseFG 2004";abgeschlossen;"187961,50";"93980,75";"93980,75";
2009;"Salzburger Volkszeitung GmbH & Co KG";"Vertriebsförderung von Tageszeitungen";;"SVZ Salzburger Volkszeitung";"Abschnitt II PresseFG 2004";abgeschlossen;"187961,50";"93980,75";"93980,75";
2009;"Schlüsselverlag J.S. Moser GmbH.";"Vertriebsförderung von Tageszeitungen";;"Tiroler Tageszeitung";"Abschnitt II PresseFG 2004";abgeschlossen;"187961,50";"93980,75";"93980,75";
2009;"Standard Verlagsgesellschaft m.b.H.";"Vertriebsförderung von Tageszeitungen";;"Der Standard";"Abschnitt II PresseFG 2004";abgeschlossen;"187961,50";"93980,75";"93980,75";
2009;"WirtschaftsBlatt Verlag AG";"Vertriebsförderung von Tageszeitungen";;WirtschaftsBlatt;"Abschnitt II PresseFG 2004";abgeschlossen;"112776,90";"56388,45";"56388,45";
2009;"Zeitungs- und Verlagsges.m.b.H.";"Vertriebsförderung von Tageszeitungen";;"Neue Vorarlberger Tageszeitung";"Abschnitt II PresseFG 2004";abgeschlossen;"150369,20";"75184,60";"75184,60";
2009;"A.B.C. Werbeagentur Ges.m.b.H.";"Vertriebsförderung von Wochenzeitungen";;"Kärntner Nachrichten";"Abschnitt II PresseFG 2004";abgeschlossen;"51872,90";"25936,45";"25936,45";
2009;"Agrar Media Verlagsgesellschaft mbH.";"Vertriebsförderung von Wochenzeitungen";;"Österreichische BauernZeitung (Bauernbündler)";"Abschnitt II PresseFG 2004";abgeschlossen;"90060,30";"45030,15";"45030,15";
2009;"Bischöfliches Ordinariat, Diözese Graz-Seckau";"Vertriebsförderung von Wochenzeitungen";;"Sonntagsblatt für Steiermark";"Abschnitt II PresseFG 2004";abgeschlossen;"90060,30";"45030,15";"45030,15";
2009;"Bischöfliches Seelsorgeamt";"Vertriebsförderung von Wochenzeitungen";;"Der Sonntag - Kärntner Kirchenzeitung";"Abschnitt II PresseFG 2004";abgeschlossen;"51872,90";"25936,45";"25936,45";
2009;"Bischöfliches Seelsorgeamt";"Vertriebsförderung von Wochenzeitungen";;"Nedelja  Slowenische Kirchenzeitung der Diözese Gurk";"Abschnitt II PresseFG 2004";abgeschlossen;"16728,90";"8364,45";"8364,45";
2009;"Die Furche ZeitschriftenbetriebsgesmbH & Co KG";"Vertriebsförderung von Wochenzeitungen";;"Die Furche";"Abschnitt II PresseFG 2004";abgeschlossen;"87808,70";"43904,35";"43904,35";
2009;"Die ganze Woche Ges.m.b.H.";"Vertriebsförderung von Wochenzeitungen";;"Die ganze Woche";"Abschnitt II PresseFG 2004";abgeschlossen;"91826,10";"45913,05";"45913,05";
2009;"Diözese Eisenstadt -Pastoralamt";"Vertriebsförderung von Wochenzeitungen";;"Eisenstädter Kirchenzeitung";"Abschnitt II PresseFG 2004";abgeschlossen;"85557,20";"42778,60";"42778,60";
2009;"Diözese Eisenstadt, Kroatische Sektion des Pastoralamtes";"Vertriebsförderung von Wochenzeitungen";;"GLASNIK  Crikvene novine Zeljezanske biskupije";"Abschnitt II PresseFG 2004";abgeschlossen;"7769,90";"3884,95";"3884,95";
2009;"Diözese Feldkirch";"Vertriebsförderung von Wochenzeitungen";;KirchenBlatt;"Abschnitt II PresseFG 2004";abgeschlossen;"75712,40";"37856,20";"37856,20";
2009;"Diözese Innsbruck Bischöfliches Ordinariat";"Vertriebsförderung von Wochenzeitungen";;"Tiroler Sonntag - Kirchenzeitung der Diözese Innsbruck";"Abschnitt II PresseFG 2004";abgeschlossen;"89530,50";"44765,25";"44765,25";
2009;"Falter Zeitschriftengesellschaft m.b.H.";"Vertriebsförderung von Wochenzeitungen";;Falter;"Abschnitt II PresseFG 2004";abgeschlossen;"82555,20";"41277,60";"41277,60";
2009;"Freiheitliche Partei Österreichs (FPÖ)";"Vertriebsförderung von Wochenzeitungen";;"Neue Freie Zeitung";"Abschnitt II PresseFG 2004";abgeschlossen;"43043,50";"21521,75";"21521,75";
2009;"Kirchenblatt für die Diözese St. Pölten";"Vertriebsförderung von Wochenzeitungen";;"Kirche bunt  St. Pöltner Kirchenzeitung";"Abschnitt II PresseFG 2004";abgeschlossen;"72048,20";"36024,10";"36024,10";
2009;"Kirchenzeitung Diözese Linz";"Vertriebsförderung von Wochenzeitungen";;"Kirchenzeitung Diözese Linz";"Abschnitt II PresseFG 2004";abgeschlossen;"91826,10";"45913,05";"45913,05";
2009;"Kitzbüheler Anzeiger Ges.m.b.H.";"Vertriebsförderung von Wochenzeitungen";;"Kitzbüheler Anzeiger";"Abschnitt II PresseFG 2004";abgeschlossen;"10000,00";"5000,00";"5000,00";
2009;"Kroatischer Presseverein";"Vertriebsförderung von Wochenzeitungen";;"Hrvatske Novine";"Abschnitt II PresseFG 2004";abgeschlossen;"10595,30";"5297,65";"5297,65";
2009;"Murtaler Zeitung GmbH. & Co KG";"Vertriebsförderung von Wochenzeitungen";;"Murtaler Zeitung";"Abschnitt II PresseFG 2004";abgeschlossen;"8000,00";"4000,00";"4000,00";
2009;"Neues Land Medien GesmbH";"Vertriebsförderung von Wochenzeitungen";;"Neues Land";"Abschnitt II PresseFG 2004";abgeschlossen;"90060,30";"45030,15";"45030,15";
2009;"Niederösterreichisches Pressehaus Druck- und Verlagsges.m.b.H.";"Vertriebsförderung von Wochenzeitungen";;BVZ;"Abschnitt II PresseFG 2004";abgeschlossen;"50504,40";"25252,20";"25252,20";
2009;"Niederösterreichisches Pressehaus Druck- und Verlagsges.m.b.H.";"Vertriebsförderung von Wochenzeitungen";;NÖN;"Abschnitt II PresseFG 2004";abgeschlossen;"91826,10";"45913,05";"45913,05";
2009;"Ordinariat der Erzdiözese Salzburg";"Vertriebsförderung von Wochenzeitungen";;"Rupertusblatt - Wochenzeitung der Erzdiözese Salzburg";"Abschnitt II PresseFG 2004";abgeschlossen;"79317,80";"39658,90";"39658,90";
2009;"Osttiroler Bote Medienunternehmen Ges.m.b.H.";"Vertriebsförderung von Wochenzeitungen";;"Osttiroler Bote";"Abschnitt II PresseFG 2004";abgeschlossen;"10000,00";"5000,00";"5000,00";
2009;"Raiffeisen Media GmbH";"Vertriebsförderung von Wochenzeitungen";;Raiffeisenzeitung;"Abschnitt II PresseFG 2004";abgeschlossen;"79464,90";"39732,45";"39732,45";
2009;"Salzburger Woche Verlags GesmbH";"Vertriebsförderung von Wochenzeitungen";;"Salzburger Woche";"Abschnitt II PresseFG 2004";abgeschlossen;"90060,30";"45030,15";"45030,15";
2009;"Slomedia GmbH";"Vertriebsförderung von Wochenzeitungen";;NOVICE;"Abschnitt II PresseFG 2004";abgeschlossen;"31521,10";"15760,55";"15760,55";
2009;"Sportverlag GmbH & Co KG";"Vertriebsförderung von Wochenzeitungen";;Sportwoche;"Abschnitt II PresseFG 2004";abgeschlossen;"26792,90";"13396,45";"13396,45";
2009;"Sportzeitung Verlags-GmbH";"Vertriebsförderung von Wochenzeitungen";;Sportzeitung;"Abschnitt II PresseFG 2004";abgeschlossen;"2251,50";"1125,75";"1125,75";
2009;"Verlag der SPÖ GmbH";"Vertriebsförderung von Wochenzeitungen";;"SPÖ-aktuell";"Abschnitt II PresseFG 2004";abgeschlossen;"67692,30";"33846,15";"33846,15";
2009;"Verlag Rudolf M. Rohrer";"Vertriebsförderung von Wochenzeitungen";;BadenerZeitung;"Abschnitt II PresseFG 2004";abgeschlossen;"10000,00";"5000,00";"5000,00";
2009;"Verlagsgruppe NEWS Gesellschaft m.b.H.";"Vertriebsförderung von Wochenzeitungen";;Format;"Abschnitt II PresseFG 2004";abgeschlossen;"35317,80";"17658,90";"17658,90";
2009;"Verlagsgruppe NEWS Gesellschaft m.b.H.";"Vertriebsförderung von Wochenzeitungen";;Profil;"Abschnitt II PresseFG 2004";abgeschlossen;"54036,20";"27018,10";"27018,10";
2009;"Verlagsgruppe NEWS Gesellschaft m.b.H.";"Vertriebsförderung von Wochenzeitungen";;"tv media";"Abschnitt II PresseFG 2004";abgeschlossen;"91826,10";"45913,05";"45913,05";
2009;"Verlagsgruppe NEWS Gesellschaft m.b.H.";"Vertriebsförderung von Wochenzeitungen";;NEWS;"Abschnitt II PresseFG 2004";abgeschlossen;"72048,20";"36024,10";"36024,10";
2009;"W 3 Verlagsges.m.b.H.";"Vertriebsförderung von Wochenzeitungen";;"Zur Zeit - Die Wochenzeitung für Österreich";"Abschnitt II PresseFG 2004";abgeschlossen;"46354,50";"23177,25";"23177,25";
2009;"Wallig GMBH Ennstaler Druckerei und Verlag";"Vertriebsförderung von Wochenzeitungen";;"Der Ennstaler";"Abschnitt II PresseFG 2004";abgeschlossen;"10000,00";"5000,00";"5000,00";
2009;"Wiener Domverlag Ges.m.b.H.";"Vertriebsförderung von Wochenzeitungen";;"Der Sonntag";"Abschnitt II PresseFG 2004";abgeschlossen;"85557,20";"42778,60";"42778,60";
2009;"Verein zur Förderung der Nutzung von Zeitungen in der Schule";"Zuschuss an Vereinigungen zur Leseförderungen";;"Verein Zeitung in der Schule";"§ 11 Abs.2 Z 1 PresseFG 2004";abgeschlossen;"199847,80";"99923,90";"99923,90";
2009;"Die Presse Verlags-Gesellschaft m.b.H. & Co KG";"Zuschuss zu den Kosten angestellter Auslandskorrespondenten";;"Die Presse";"§ 11 Abs.1 PresseFG 2004";abgeschlossen;"40000,00";"20000,00";"20000,00";
2009;"Kleine Zeitung GmbH & Co KG";"Zuschuss zu den Kosten angestellter Auslandskorrespondenten";;"Kleine Zeitung Steiermark und Kärnten";"§ 11 Abs.1 PresseFG 2004";abgeschlossen;"40000,00";"20000,00";"20000,00";
2009;"Mediaprint Zeitungs- und Zeitschriftenverlag Ges.m.b.H & Co KG";"Zuschuss zu den Kosten angestellter Auslandskorrespondenten";;Kurier;"§ 11 Abs.1 PresseFG 2004";abgeschlossen;"24917,00";"12458,50";"12458,50";
2009;"Salzburger Nachrichten Verlagsges.m.b.H. & Co KG";"Zuschuss zu den Kosten angestellter Auslandskorrespondenten";;"Salzburger Nachrichten";"§ 11 Abs.1 PresseFG 2004";abgeschlossen;"40000,00";"20000,00";"20000,00";
2009;"Standard Verlagsgesellschaft m.b.H.";"Zuschuss zu den Kosten angestellter Auslandskorrespondenten";;"Der Standard";"§ 11 Abs.1 PresseFG 2004";abgeschlossen;"40000,00";"20000,00";"20000,00";
2009;"WirtschaftsBlatt Verlag AG";"Zuschuss zu den Kosten angestellter Auslandskorrespondenten";;WirtschaftsBlatt;"§ 11 Abs.1 PresseFG 2004";abgeschlossen;"40000,00";"20000,00";"20000,00";
2009;"Die Presse Verlags-Gesellschaft m.b.H. & Co KG";"Zuschuss zu den Kosten der redaktionsinternen Ausbildung von Nachwuchsjournalisten - Tageszeitungen";;"Die Presse";"§ 10 Abs.1 PresseFG 2004";abgeschlossen;"18000,00";"9000,00";"9000,00";
2009;"Eugen Ruß, Vbg. Zeitungsverlag u. Druckerei GmbH";"Zuschuss zu den Kosten der redaktionsinternen Ausbildung von Nachwuchsjournalisten - Tageszeitungen";;"Vorarlberger Nachrichten";"§ 10 Abs.1 PresseFG 2004";abgeschlossen;"3000,00";"1500,00";"1500,00";
2009;"Kleine Zeitung GmbH & Co KG";"Zuschuss zu den Kosten der redaktionsinternen Ausbildung von Nachwuchsjournalisten - Tageszeitungen";;"Kleine Zeitung Steiermark und Kärnten";"§ 10 Abs.1 PresseFG 2004";abgeschlossen;"18000,00";"9000,00";"9000,00";
2009;"Kärntner Druck- und Verlagsges.m.b.H.";"Zuschuss zu den Kosten der redaktionsinternen Ausbildung von Nachwuchsjournalisten - Tageszeitungen";;"Neue Kärntner Tageszeitung";"§ 10 Abs.1 PresseFG 2004";abgeschlossen;"18000,00";"9000,00";"9000,00";
2009;"Mediaprint Zeitungs- und Zeitschriftenverlag Ges.m.b.H & Co KG";"Zuschuss zu den Kosten der redaktionsinternen Ausbildung von Nachwuchsjournalisten - Tageszeitungen";;Kurier;"§ 10 Abs.1 PresseFG 2004";abgeschlossen;"5000,00";"2500,00";"2500,00";
2009;"Mediaprint Zeitungs- und Zeitschriftenverlag Ges.m.b.H & Co KG";"Zuschuss zu den Kosten der redaktionsinternen Ausbildung von Nachwuchsjournalisten - Tageszeitungen";;"Neue Kronenzeitung";"§ 10 Abs.1 PresseFG 2004";abgeschlossen;"18000,00";"9000,00";"9000,00";
2009;"OÖ Media Data Vertriebs- und Verlagsges.m.b.H.";"Zuschuss zu den Kosten der redaktionsinternen Ausbildung von Nachwuchsjournalisten - Tageszeitungen";;"Neues Volksblatt";"§ 10 Abs.1 PresseFG 2004";abgeschlossen;"18000,00";"9000,00";"9000,00";
2009;"OÖN Redaktion GmbH & CO KG";"Zuschuss zu den Kosten der redaktionsinternen Ausbildung von Nachwuchsjournalisten - Tageszeitungen";;"OÖ Nachrichten";"§ 10 Abs.1 PresseFG 2004";abgeschlossen;"18000,00";"9000,00";"9000,00";
2009;"Salzburger Nachrichten Verlagsges.m.b.H. & Co KG";"Zuschuss zu den Kosten der redaktionsinternen Ausbildung von Nachwuchsjournalisten - Tageszeitungen";;"Salzburger Nachrichten";"§ 10 Abs.1 PresseFG 2004";abgeschlossen;"18000,00";"9000,00";"9000,00";
2009;"Salzburger Volkszeitung GmbH & Co KG";"Zuschuss zu den Kosten der redaktionsinternen Ausbildung von Nachwuchsjournalisten - Tageszeitungen";;"SVZ Salzburger Volkszeitung";"§ 10 Abs.1 PresseFG 2004";abgeschlossen;"18000,00";"9000,00";"9000,00";
2009;"Schlüsselverlag J.S. Moser GmbH.";"Zuschuss zu den Kosten der redaktionsinternen Ausbildung von Nachwuchsjournalisten - Tageszeitungen";;"Tiroler Tageszeitung";"§ 10 Abs.1 PresseFG 2004";abgeschlossen;"18000,00";"9000,00";"9000,00";
2009;"Standard Verlagsgesellschaft m.b.H.";"Zuschuss zu den Kosten der redaktionsinternen Ausbildung von Nachwuchsjournalisten - Tageszeitungen";;"Der Standard";"§ 10 Abs.1 PresseFG 2004";abgeschlossen;"18000,00";"9000,00";"9000,00";
2009;"Zeitungs- und Verlagsges.m.b.H.";"Zuschuss zu den Kosten der redaktionsinternen Ausbildung von Nachwuchsjournalisten - Tageszeitungen";;"Neue Vorarlberger Tageszeitung";"§ 10 Abs.1 PresseFG 2004";abgeschlossen;"3500,00";"1750,00";"1750,00";
2009;"Kirchenzeitung Diözese Linz";"Zuschuss zu den Kosten der redaktionsinternen Ausbildung von Nachwuchsjournalisten - Wochenzeitungen";;"Kirchenzeitung Diözese Linz";"§ 10 Abs.1 PresseFG 2004";abgeschlossen;"18000,00";"9000,00";"9000,00";
2009;"Niederösterreichisches Pressehaus Druck- und Verlagsges.m.b.H.";"Zuschuss zu den Kosten der redaktionsinternen Ausbildung von Nachwuchsjournalisten - Wochenzeitungen";;"BVZ-Burgenländische Volkszeitung";"§ 10 Abs.1 PresseFG 2004";abgeschlossen;"18000,00";"9000,00";"9000,00";
2009;"Niederösterreichisches Pressehaus Druck- und Verlagsges.m.b.H.";"Zuschuss zu den Kosten der redaktionsinternen Ausbildung von Nachwuchsjournalisten - Wochenzeitungen";;NÖN;"§ 10 Abs.1 PresseFG 2004";abgeschlossen;"18000,00";"9000,00";"9000,00";
2009;"Salzburger Woche Verlags GmbH";"Zuschuss zu den Kosten der redaktionsinternen Ausbildung von Nachwuchsjournalisten - Wochenzeitungen";;"Salzburger Woche";"§ 10 Abs.1 PresseFG 2004";abgeschlossen;"18000,00";"9000,00";"9000,00";
2009;"Verlagsgruppe NEWS Gesellschaft m.b.H.";"Zuschuss zu den Kosten der redaktionsinternen Ausbildung von Nachwuchsjournalisten - Wochenzeitungen";;"tv media";"§ 10 Abs.1 PresseFG 2004";abgeschlossen;"18000,00";"9000,00";"9000,00";
2009;"Verlagsgruppe NEWS Gesellschaft m.b.H.";"Zuschuss zu den Kosten der redaktionsinternen Ausbildung von Nachwuchsjournalisten - Wochenzeitungen";;NEWS;"§ 10 Abs.1 PresseFG 2004";abgeschlossen;"11000,00";"5500,00";"5500,00";
2009;"Verlagsgruppe NEWS Gesellschaft m.b.H.";"Zuschuss zu den Kosten der redaktionsinternen Ausbildung von Nachwuchsjournalisten - Wochenzeitungen";;Profil;"§ 10 Abs.1 PresseFG 2004";abgeschlossen;"1500,00";"750,00";"750,00";
2009;"Bildungsverein für die Freunde der Webster University";"Zuschuss zu Forschungsprojekten";;"Studie erfolgreicher Geschäftsmodelle für Medien";"§ 11 Abs.3 PresseFG 2004";abgelehnt;",00";",00";",00";
2009;"Fachbereich Kommunikationswissenschaft (Abteilung Journalistik) der Universität Salzburg (Univ. Prof. Dr. Roman Hummel)";"Zuschuss zu Forschungsprojekten";;"Karriereverläufe im österreichischen Journalismus";"§ 11 Abs.3 PresseFG 2004";abgeschlossen;"18000,00";"9000,00";"9000,00";
2009;"Fachhochschule St. Pölten ForschungsGmbH (Institut für Medienwirtschaft)";"Zuschuss zu Forschungsprojekten";;"Management: Vermittler zwischen Profit und Qualität";"§ 11 Abs.3 PresseFG 2004";abgeschlossen;"18000,00";"9000,00";"9000,00";
2009;"Medienhaus Wien - Forschung und Weiterbildung GmbH";"Zuschuss zu Forschungsprojekten";;"Der glokale Newsroom";"§ 11 Abs.3 PresseFG 2004";abgeschlossen;"18000,00";"9000,00";"9000,00";
2009;"Medienhaus Wien - Forschung und Weiterbildung GmbH";"Zuschuss zu Forschungsprojekten";;"Journalismus-Qualifikation 2.0";"§ 11 Abs.3 PresseFG 2004";abgelehnt;",00";",00";",00";
2009;"Privatdozent Dr. Stefan Weber";"Zuschuss zu Forschungsprojekten";;"Direktmarketing-Strategien von Tageszeitungen";"§ 11 Abs.3 PresseFG 2004";abgelehnt;",00";",00";",00";
2010;"Die Presse Verlags-Gesellschaft m.b.H. & Co KG";"Besondere Förderung zur Erhaltung der regionalen Vielfalt der Tageszeitungen";;"Die Presse";"Abschnitt III PresseFG 2004";abgeschlossen;"1250777,80";"625388,90";"625388,90";
2010;"Kärntner Tageszeitungsges.m.b.H";"Besondere Förderung zur Erhaltung der regionalen Vielfalt der Tageszeitungen";;"Kärntner Tageszeitung";"Abschnitt III PresseFG 2004";abgeschlossen;"1026352,40";"513176,20";"513176,20";
2010;"OÖ Media Data Vertriebs- und Verlagsges.m.b.H.";"Besondere Förderung zur Erhaltung der regionalen Vielfalt der Tageszeitungen";;"Neues Volksblatt";"Abschnitt III PresseFG 2004";abgeschlossen;"881137,80";"440568,90";"440568,90";
2010;"Salzburger Volkszeitung GmbH & Co KG";"Besondere Förderung zur Erhaltung der regionalen Vielfalt der Tageszeitungen";;"SVZ Salzburger Volkszeitung";"Abschnitt III PresseFG 2004";abgeschlossen;"864570,00";"432285,00";"432285,00";
2010;"Standard Verlagsgesellschaft m.b.H.";"Besondere Förderung zur Erhaltung der regionalen Vielfalt der Tageszeitungen";;"Der Standard";"Abschnitt III PresseFG 2004";abgeschlossen;"1162710,00";"581355,00";"581355,00";
2010;"Verlagsgruppe NEWS Gesellschaft m.b.H.";"Besondere Förderung zur Erhaltung der regionalen Vielfalt der Tageszeitungen";;Format;"Abschnitt III PresseFG 2004";abgelehnt;",00";",00";",00";
2010;"Verlagsgruppe NEWS Gesellschaft m.b.H.";"Besondere Förderung zur Erhaltung der regionalen Vielfalt der Tageszeitungen";;profil;"Abschnitt III PresseFG 2004";abgelehnt;",00";",00";",00";
2010;"WirtschaftsBlatt Verlag AG";"Besondere Förderung zur Erhaltung der regionalen Vielfalt der Tageszeitungen";;WirtschaftsBlatt;"Abschnitt III PresseFG 2004";abgeschlossen;"646748,00";"323374,00";"323374,00";
2010;"Zeitungs- und Verlagsges.m.b.H.";"Besondere Förderung zur Erhaltung der regionalen Vielfalt der Tageszeitungen";;"Neue Vorarlberger Tageszeitung";"Abschnitt III PresseFG 2004";abgeschlossen;"812704,00";"406352,00";"406352,00";
2010;"Friedrich Austerlitz-Institut für JournalistInnenausbildung";"Förderung von Vereinigungen der Journalistenausbildung";;"Friedrich Austerlitz-Institut für JournalistInnenausbildung";"§ 10 Abs.2 PresseFG 2004";abgeschlossen;"15676,50";"7838,25";"7838,25";
2010;"Friedrich Funder Institut für Publizistik, Medienforschung und Journalistenförderung";"Förderung von Vereinigungen der Journalistenausbildung";;"Friedrich Funder Institut für Publizistik, Medienforschung und Journalistenförderung";"§ 10 Abs.2 PresseFG 2004";abgeschlossen;"18005,30";"9002,65";"9002,65";
2010;"GESPU - Gesellschaft für Publizistik und Medienforschung";"Förderung von Vereinigungen der Journalistenausbildung";;"GESPU - Gesellschaft für Publizistik und Medienforschung";"§ 10 Abs.2 PresseFG 2004";abgeschlossen;"26370,20";"13185,10";"13185,10";
2010;"Katholische Medien Akademie";"Förderung von Vereinigungen der Journalistenausbildung";;"Katholische Medien Akademie";"§ 10 Abs.2 PresseFG 2004";abgeschlossen;"65052,00";"32526,00";"32526,00";
2010;"M-MEDIA, Verein zur Förderung interkultureller Medienarbeit";"Förderung von Vereinigungen der Journalistenausbildung";;"M-MEDIA, Verein zur Förderung interkultureller Medienarbeit";"§ 10 Abs.2 PresseFG 2004";abgeschlossen;"5000,00";"2500,00";"2500,00";
2010;"OÖ Journalistenakademie";"Förderung von Vereinigungen der Journalistenausbildung";;"OÖ Journalistenakademie";"§ 10 Abs.2 PresseFG 2004";abgeschlossen;"65052,00";"32526,00";"32526,00";
2010;"Österreichische Medienakademie - Kuratorium für Journalistenausbildung";"Förderung von Vereinigungen der Journalistenausbildung";;"Österreichische Medienakademie - Kuratorium für Journalistenausbildung";"§ 10 Abs.2 PresseFG 2004";abgeschlossen;"455364,00";"227682,00";"227682,00";
2010;"Klub der Wirtschaftspublizisten";"Förderung von Vereinigungen, deren Hauptaufgabe die Veranstaltung oder Durchführung von Pressekonferenzen ist";;"Klub der Wirtschaftspublizisten";"§ 11 Abs.4 PresseFG 2004";abgeschlossen;"3502,80";"1751,40";"1751,40";
2010;"Oberösterreichischer Presseclub";"Förderung von Vereinigungen, deren Hauptaufgabe die Veranstaltung oder Durchführung von Pressekonferenzen ist";;"Oberösterreichischer Presseclub";"§ 11 Abs.4 PresseFG 2004";abgeschlossen;"10008,00";"5004,00";"5004,00";
2010;"OÖ Journalistenforum";"Förderung von Vereinigungen, deren Hauptaufgabe die Veranstaltung oder Durchführung von Pressekonferenzen ist";;"OÖ Journalistenforum";"§ 11 Abs.4 PresseFG 2004";abgelehnt;",00";",00";",00";
2010;"Presseclub Concordia";"Förderung von Vereinigungen, deren Hauptaufgabe die Veranstaltung oder Durchführung von Pressekonferenzen ist";;"Presseclub Concordia";"§ 11 Abs.4 PresseFG 2004";abgeschlossen;"25020,00";"12510,00";"12510,00";
2010;"Steirischer Presseclub";"Förderung von Vereinigungen, deren Hauptaufgabe die Veranstaltung oder Durchführung von Pressekonferenzen ist";;"Steirischer Presseclub";"§ 11 Abs.4 PresseFG 2004";abgeschlossen;"7506,00";"3753,00";"3753,00";
2010;"Verband der Agrarjournalisten und -publizisten in Österreich (VAÖ)";"Förderung von Vereinigungen, deren Hauptaufgabe die Veranstaltung oder Durchführung von Pressekonferenzen ist";;"Verband der Agrarjournalisten und -publizisten in Österreich (VAÖ)";"§ 11 Abs.4 PresseFG 2004";abgeschlossen;"1000,80";"500,40";"500,40";
2010;"Verband der Auslandspresse Wien";"Förderung von Vereinigungen, deren Hauptaufgabe die Veranstaltung oder Durchführung von Pressekonferenzen ist";;"Verband der Auslandspresse Wien";"§ 11 Abs.4 PresseFG 2004";abgeschlossen;"3002,40";"1501,20";"1501,20";
2010;"Die Presse Verlags-Gesellschaft m.b.H. & Co KG";"Refundierung für die Gratisverteilung an Schulen - Tageszeitungen";;"Die Presse";"§ 11 Abs.2 Z 2 PresseFG 2004";abgeschlossen;"17710,50";"8855,25";"8855,25";
2010;"Eugen Ruß, Vbg. Zeitungsverlag u. Druckerei GmbH";"Refundierung für die Gratisverteilung an Schulen - Tageszeitungen";;"Vorarlberger Nachrichten";"§ 11 Abs.2 Z 2 PresseFG 2004";abgeschlossen;"6208,20";"3104,10";"3104,10";
2010;"Kleine Zeitung GmbH & Co KG";"Refundierung für die Gratisverteilung an Schulen - Tageszeitungen";;"Kleine Zeitung Steiermark und Kärnten";"§ 11 Abs.2 Z 2 PresseFG 2004";abgeschlossen;"14022,00";"7011,00";"7011,00";
2010;"Kärntner Tageszeitungsges.m.b.H";"Refundierung für die Gratisverteilung an Schulen - Tageszeitungen";;"Kärntner Tageszeitung";"§ 11 Abs.2 Z 2 PresseFG 2004";abgeschlossen;"211,20";"105,60";"105,60";
2010;"Mediaprint Zeitungs- und Zeitschriftenverlag Ges.m.b.H & Co KG";"Refundierung für die Gratisverteilung an Schulen - Tageszeitungen";;Kurier;"§ 11 Abs.2 Z 2 PresseFG 2004";abgeschlossen;"15009,10";"7504,55";"7504,55";
2010;"Mediaprint Zeitungs- und Zeitschriftenverlag Ges.m.b.H & Co KG";"Refundierung für die Gratisverteilung an Schulen - Tageszeitungen";;"Neue Kronenzeitung";"§ 11 Abs.2 Z 2 PresseFG 2004";abgeschlossen;"15000,00";"7500,00";"7500,00";
2010;"OÖ Media Data Vertriebs- und Verlagsges.m.b.H.";"Refundierung für die Gratisverteilung an Schulen - Tageszeitungen";;"Neues Volksblatt";"§ 11 Abs.2 Z 2 PresseFG 2004";abgeschlossen;"2320,80";"1160,40";"1160,40";
2010;"OÖN Redaktion GmbH & CO KG";"Refundierung für die Gratisverteilung an Schulen - Tageszeitungen";;"OÖ Nachrichten";"§ 11 Abs.2 Z 2 PresseFG 2004";abgeschlossen;"15042,40";"7521,20";"7521,20";
2010;"Salzburger Nachrichten Verlagsges.m.b.H. & Co KG";"Refundierung für die Gratisverteilung an Schulen - Tageszeitungen";;"Salzburger Nachrichten";"§ 11 Abs.2 Z 2 PresseFG 2004";abgeschlossen;"16222,50";"8111,25";"8111,25";
2010;"Salzburger Volkszeitung GmbH & Co KG";"Refundierung für die Gratisverteilung an Schulen - Tageszeitungen";;"SVZ Salzburger Volkszeitung";"§ 11 Abs.2 Z 2 PresseFG 2004";abgeschlossen;"1675,00";"837,50";"837,50";
2010;"Schlüsselverlag J.S. Moser GmbH.";"Refundierung für die Gratisverteilung an Schulen - Tageszeitungen";;"Tiroler Tageszeitung";"§ 11 Abs.2 Z 2 PresseFG 2004";abgeschlossen;"16353,10";"8176,55";"8176,55";
2010;"Standard Verlagsgesellschaft m.b.H.";"Refundierung für die Gratisverteilung an Schulen - Tageszeitungen";;"Der Standard";"§ 11 Abs.2 Z 2 PresseFG 2004";abgeschlossen;"22458,60";"11229,30";"11229,30";
2010;"WirtschaftsBlatt Verlag AG";"Refundierung für die Gratisverteilung an Schulen - Tageszeitungen";;WirtschaftsBlatt;"§ 11 Abs.2 Z 2 PresseFG 2004";abgeschlossen;"232,80";"116,40";"116,40";
2010;"Zeitungs- und Verlagsges.m.b.H.";"Refundierung für die Gratisverteilung an Schulen - Tageszeitungen";;"Neue Vorarlberger Tageszeitung";"§ 11 Abs.2 Z 2 PresseFG 2004";abgeschlossen;"464,70";"232,35";"232,35";
2010;"BVZ Burgenländische Volkszeitung GmbH";"Refundierung für die Gratisverteilung an Schulen - Wochenzeitungen";;BVZ;"§ 11 Abs.2 Z 2 PresseFG 2004";abgeschlossen;"99,20";"49,60";"49,60";
2010;"Die Furche ZeitschriftenbetriebsgesmbH & Co KG";"Refundierung für die Gratisverteilung an Schulen - Wochenzeitungen";;"Die Furche";"§ 11 Abs.2 Z 2 PresseFG 2004";abgeschlossen;"11346,50";"5673,25";"5673,25";
2010;"Diözese Innsbruck";"Refundierung für die Gratisverteilung an Schulen - Wochenzeitungen";;"Tiroler Sonntag - Kirchenzeitung der Diözese Innsbruck";"§ 11 Abs.2 Z 2 PresseFG 2004";abgeschlossen;"1093,60";"546,80";"546,80";
2010;"Falter Zeitschriftengesellschaft m.b.H.";"Refundierung für die Gratisverteilung an Schulen - Wochenzeitungen";;Falter;"§ 11 Abs.2 Z 2 PresseFG 2004";abgeschlossen;"176,40";"88,20";"88,20";
2010;"Kirchenzeitung Diözese Linz";"Refundierung für die Gratisverteilung an Schulen - Wochenzeitungen";;"Kirchenzeitung Diözese Linz";"§ 11 Abs.2 Z 2 PresseFG 2004";abgeschlossen;"781,80";"390,90";"390,90";
2010;"Kroatischer Presseverein";"Refundierung für die Gratisverteilung an Schulen - Wochenzeitungen";;"Hrvatske Novine";"§ 11 Abs.2 Z 2 PresseFG 2004";abgeschlossen;"561,60";"280,80";"280,80";
2010;"Niederösterreichisches Pressehaus Druck- und Verlagsges.m.b.H.";"Refundierung für die Gratisverteilung an Schulen - Wochenzeitungen";;NÖN;"§ 11 Abs.2 Z 2 PresseFG 2004";abgeschlossen;"1585,80";"792,90";"792,90";
2010;"Osttiroler Bote Medienunternehmen Ges.m.b.H.";"Refundierung für die Gratisverteilung an Schulen - Wochenzeitungen";;"Osttiroler Bote";"§ 11 Abs.2 Z 2 PresseFG 2004";abgeschlossen;"111,90";"55,95";"55,95";
2010;"Die Presse Verlags-Gesellschaft m.b.H. & Co KG";"Vertriebsförderung von Tageszeitungen";;"Die Presse";"Abschnitt II PresseFG 2004";abgeschlossen;"150369,20";"75184,60";"75184,60";
2010;"Eugen Ruß, Vbg. Zeitungsverlag u. Druckerei GmbH";"Vertriebsförderung von Tageszeitungen";;"Vorarlberger Nachrichten";"Abschnitt II PresseFG 2004";abgeschlossen;"187961,50";"93980,75";"93980,75";
2010;"Kleine Zeitung GmbH & Co KG";"Vertriebsförderung von Tageszeitungen";;"Kleine Zeitung Steiermark und Kärnten";"Abschnitt II PresseFG 2004";abgeschlossen;"187961,50";"93980,75";"93980,75";
2010;"Kärntner Tageszeitungsges.m.b.H";"Vertriebsförderung von Tageszeitungen";;"Kärntner Tageszeitung";"Abschnitt II PresseFG 2004";abgeschlossen;"187961,50";"93980,75";"93980,75";
2010;"Mediaprint Zeitungs- und Zeitschriftenverlag Ges.m.b.H & Co KG";"Vertriebsförderung von Tageszeitungen";;"Neue Kronenzeitung";"Abschnitt II PresseFG 2004";abgeschlossen;"187961,50";"93980,75";"93980,75";
2010;"Mediaprint Zeitungs- und Zeitschriftenverlag Ges.m.b.H & Co KG";"Vertriebsförderung von Tageszeitungen";;Kurier;"Abschnitt II PresseFG 2004";abgeschlossen;"150369,20";"75184,60";"75184,60";
2010;"OÖ Media Data Vertriebs- und Verlagsges.m.b.H.";"Vertriebsförderung von Tageszeitungen";;"Neues Volksblatt";"Abschnitt II PresseFG 2004";abgeschlossen;"187961,50";"93980,75";"93980,75";
2010;"OÖN Redaktion GmbH & CO KG";"Vertriebsförderung von Tageszeitungen";;"OÖ Nachrichten";"Abschnitt II PresseFG 2004";abgeschlossen;"187961,50";"93980,75";"93980,75";
2010;"Salzburger Nachrichten Verlagsges.m.b.H. & Co KG";"Vertriebsförderung von Tageszeitungen";;"Salzburger Nachrichten";"Abschnitt II PresseFG 2004";abgeschlossen;"187961,50";"93980,75";"93980,75";
2010;"Salzburger Volkszeitung GmbH & Co KG";"Vertriebsförderung von Tageszeitungen";;"SVZ Salzburger Volkszeitung";"Abschnitt II PresseFG 2004";abgeschlossen;"187961,50";"93980,75";"93980,75";
2010;"Schlüsselverlag J.S. Moser GmbH.";"Vertriebsförderung von Tageszeitungen";;"Tiroler Tageszeitung";"Abschnitt II PresseFG 2004";abgeschlossen;"187961,50";"93980,75";"93980,75";
2010;"Standard Verlagsgesellschaft m.b.H.";"Vertriebsförderung von Tageszeitungen";;"Der Standard";"Abschnitt II PresseFG 2004";abgeschlossen;"187961,50";"93980,75";"93980,75";
2010;"WirtschaftsBlatt Verlag AG";"Vertriebsförderung von Tageszeitungen";;WirtschaftsBlatt;"Abschnitt II PresseFG 2004";abgeschlossen;"112776,90";"56388,45";"56388,45";
2010;"Zeitungs- und Verlagsges.m.b.H.";"Vertriebsförderung von Tageszeitungen";;"Neue Vorarlberger Tageszeitung";"Abschnitt II PresseFG 2004";abgeschlossen;"150369,20";"75184,60";"75184,60";
2010;"A.B.C. Werbeagentur Ges.m.b.H.";"Vertriebsförderung von Wochenzeitungen";;"Kärntner Nachrichten";"Abschnitt II PresseFG 2004";abgeschlossen;"58694,70";"29347,35";"29347,35";
2010;"Agrar Media Verlagsgesellschaft mbH.";"Vertriebsförderung von Wochenzeitungen";;"Österreichische BauernZeitung (Bauernbündler)";"Abschnitt II PresseFG 2004";abgeschlossen;"92769,80";"46384,90";"46384,90";
2010;"Bischöfliches Ordinariat, Diözese Graz-Seckau";"Vertriebsförderung von Wochenzeitungen";;"Sonntagsblatt für Steiermark";"Abschnitt II PresseFG 2004";abgeschlossen;"90985,70";"45492,85";"45492,85";
2010;"Bischöfliches Seelsorgeamt";"Vertriebsförderung von Wochenzeitungen";;"Nedelja  Slowenische Kirchenzeitung der Diözese Gurk";"Abschnitt II PresseFG 2004";abgeschlossen;"21577,10";"10788,55";"10788,55";
2010;"BVZ Burgenländische Volkszeitung GmbH";"Vertriebsförderung von Wochenzeitungen";;BVZ;"Abschnitt II PresseFG 2004";abgeschlossen;"53895,70";"26947,85";"26947,85";
2010;"Die Furche ZeitschriftenbetriebsgesmbH & Co KG";"Vertriebsförderung von Wochenzeitungen";;"Die Furche";"Abschnitt II PresseFG 2004";abgeschlossen;"90450,50";"45225,25";"45225,25";
2010;"Die ganze Woche Ges.m.b.H.";"Vertriebsförderung von Wochenzeitungen";;"Die ganze Woche";"Abschnitt II PresseFG 2004";abgeschlossen;"90985,70";"45492,85";"45492,85";
2010;"Diözese Eisenstadt -Pastoralamt";"Vertriebsförderung von Wochenzeitungen";;"martinus - Kirchenzeitung der Diözese Eisenstadt (vormals: Eisenstädter Kirchenzeitung)";"Abschnitt II PresseFG 2004";abgeschlossen;"85039,00";"42519,50";"42519,50";
2010;"Diözese Eisenstadt, Kroatische Sektion des Pastoralamtes";"Vertriebsförderung von Wochenzeitungen";;"GLASNIK  Crikvene novine Zeljezanske biskupije";"Abschnitt II PresseFG 2004";abgeschlossen;"7492,90";"3746,45";"3746,45";
2010;"Diözese Feldkirch";"Vertriebsförderung von Wochenzeitungen";;KirchenBlatt;"Abschnitt II PresseFG 2004";abgeschlossen;"76490,50";"38245,25";"38245,25";
2010;"Diözese Innsbruck Bischöfliches Ordinariat";"Vertriebsförderung von Wochenzeitungen";;"Tiroler Sonntag - Kirchenzeitung der Diözese Innsbruck";"Abschnitt II PresseFG 2004";abgeschlossen;"90450,50";"45225,25";"45225,25";
2010;"edition rot GmbH";"Vertriebsförderung von Wochenzeitungen";;"SPÖ-aktuell";"Abschnitt II PresseFG 2004";abgeschlossen;"58813,70";"29406,85";"29406,85";
2010;"Falter Zeitschriftengesellschaft m.b.H.";"Vertriebsförderung von Wochenzeitungen";;Falter;"Abschnitt II PresseFG 2004";abgeschlossen;"83403,60";"41701,80";"41701,80";
2010;"Freiheitliche Partei Österreichs (FPÖ)";"Vertriebsförderung von Wochenzeitungen";;"Neue Freie Zeitung";"Abschnitt II PresseFG 2004";abgeschlossen;"49060,90";"24530,45";"24530,45";
2010;"Kirchenblatt für die Diözese St. Pölten";"Vertriebsförderung von Wochenzeitungen";;"Kirche bunt  St. Pöltner Kirchenzeitung";"Abschnitt II PresseFG 2004";abgeschlossen;"72788,60";"36394,30";"36394,30";
2010;"Kirchenzeitung Diözese Linz";"Vertriebsförderung von Wochenzeitungen";;"Kirchenzeitung Diözese Linz";"Abschnitt II PresseFG 2004";abgeschlossen;"90985,70";"45492,85";"45492,85";
2010;"Kitzbüheler Anzeiger Ges.m.b.H.";"Vertriebsförderung von Wochenzeitungen";;"Kitzbüheler Anzeiger";"Abschnitt II PresseFG 2004";abgeschlossen;"10000,00";"5000,00";"5000,00";
2010;"Kroatischer Presseverein";"Vertriebsförderung von Wochenzeitungen";;"Hrvatske Novine";"Abschnitt II PresseFG 2004";abgeschlossen;"10704,20";"5352,10";"5352,10";
2010;"Neues Land Medien GesmbH";"Vertriebsförderung von Wochenzeitungen";;"Neues Land";"Abschnitt II PresseFG 2004";abgeschlossen;"92769,80";"46384,90";"46384,90";
2010;"Niederösterreichisches Pressehaus Druck- und Verlagsges.m.b.H.";"Vertriebsförderung von Wochenzeitungen";;NÖN;"Abschnitt II PresseFG 2004";abgeschlossen;"94533,80";"47266,90";"47266,90";
2010;"Ordinariat der Erzdiözese Salzburg";"Vertriebsförderung von Wochenzeitungen";;"Rupertusblatt - Wochenzeitung der Erzdiözese Salzburg";"Abschnitt II PresseFG 2004";abgeschlossen;"81768,20";"40884,10";"40884,10";
2010;"Osttiroler Bote Medienunternehmen Ges.m.b.H.";"Vertriebsförderung von Wochenzeitungen";;"Osttiroler Bote";"Abschnitt II PresseFG 2004";abgeschlossen;"10000,00";"5000,00";"5000,00";
2010;"Raiffeisen Media GmbH";"Vertriebsförderung von Wochenzeitungen";;Raiffeisenzeitung;"Abschnitt II PresseFG 2004";abgeschlossen;"80281,50";"40140,75";"40140,75";
2010;"Salzburger Woche Verlags GesmbH";"Vertriebsförderung von Wochenzeitungen";;"Salzburger Woche";"Abschnitt II PresseFG 2004";abgeschlossen;"92769,80";"46384,90";"46384,90";
2010;"Slomedia GmbH";"Vertriebsförderung von Wochenzeitungen";;NOVICE;"Abschnitt II PresseFG 2004";abgeschlossen;"31220,60";"15610,30";"15610,30";
2010;"Sportverlag GmbH & Co KG";"Vertriebsförderung von Wochenzeitungen";;Sportwoche;"Abschnitt II PresseFG 2004";abgeschlossen;"27068,30";"13534,15";"13534,15";
2010;"Sportzeitung Verlags-GmbH";"Vertriebsförderung von Wochenzeitungen";;Sportzeitung;"Abschnitt II PresseFG 2004";abgeschlossen;"15922,50";"7961,25";"7961,25";
2010;"Verlag Rudolf M. Rohrer";"Vertriebsförderung von Wochenzeitungen";;BadenerZeitung;"Abschnitt II PresseFG 2004";abgeschlossen;"10000,00";"5000,00";"5000,00";
2010;"Verlagsgruppe NEWS Gesellschaft m.b.H.";"Vertriebsförderung von Wochenzeitungen";;Profil;"Abschnitt II PresseFG 2004";abgeschlossen;"54591,40";"27295,70";"27295,70";
2010;"Verlagsgruppe NEWS Gesellschaft m.b.H.";"Vertriebsförderung von Wochenzeitungen";;"tv media";"Abschnitt II PresseFG 2004";abgeschlossen;"94553,80";"47276,90";"47276,90";
2010;"Verlagsgruppe NEWS Gesellschaft m.b.H.";"Vertriebsförderung von Wochenzeitungen";;Format;"Abschnitt II PresseFG 2004";abgeschlossen;"35680,70";"17840,35";"17840,35";
2010;"Verlagsgruppe NEWS Gesellschaft m.b.H.";"Vertriebsförderung von Wochenzeitungen";;NEWS;"Abschnitt II PresseFG 2004";abgeschlossen;"72788,60";"36394,30";"36394,30";
2010;"W 3 Verlagsges.m.b.H.";"Vertriebsförderung von Wochenzeitungen";;"Zur Zeit - Die Wochenzeitung für Österreich";"Abschnitt II PresseFG 2004";abgeschlossen;"46830,90";"23415,45";"23415,45";
2010;"Wallig Ennstaler Druckerei und Verlag GmbH";"Vertriebsförderung von Wochenzeitungen";;"Der Ennstaler";"Abschnitt II PresseFG 2004";abgeschlossen;"10000,00";"5000,00";"5000,00";
2010;"Wiener Domverlag Ges.m.b.H.";"Vertriebsförderung von Wochenzeitungen";;"Der Sonntag";"Abschnitt II PresseFG 2004";abgeschlossen;"88131,30";"44065,65";"44065,65";
2010;"Wochenzeitung GmbH Steiermark";"Vertriebsförderung von Wochenzeitungen";;"Murtaler Zeitung";"Abschnitt II PresseFG 2004";abgeschlossen;"8000,00";"4000,00";"4000,00";
2010;"Verein zur Förderung der Nutzung von Zeitungen in der Schule";"Zuschuss an Vereinigungen zur Leseförderungen";;"Verein Zeitung in der Schule";"§ 11 Abs.2 Z 1 PresseFG 2004";abgeschlossen;"209292,30";"104646,15";"104646,15";
2010;"Die Presse Verlags-Gesellschaft m.b.H. & Co KG";"Zuschuss zu den Kosten angestellter Auslandskorrespondenten";;"Die Presse";"§ 11 Abs.1 PresseFG 2004";abgeschlossen;"40000,00";"20000,00";"20000,00";
2010;"Kleine Zeitung GmbH & Co KG";"Zuschuss zu den Kosten angestellter Auslandskorrespondenten";;"Kleine Zeitung Steiermark und Kärnten";"§ 11 Abs.1 PresseFG 2004";abgeschlossen;"40000,00";"20000,00";"20000,00";
2010;"Mediaprint Zeitungs- und Zeitschriftenverlag Ges.m.b.H & Co KG";"Zuschuss zu den Kosten angestellter Auslandskorrespondenten";;Kurier;"§ 11 Abs.1 PresseFG 2004";abgeschlossen;"40000,00";"20000,00";"20000,00";
2010;"Salzburger Nachrichten Verlagsges.m.b.H. & Co KG";"Zuschuss zu den Kosten angestellter Auslandskorrespondenten";;"Salzburger Nachrichten";"§ 11 Abs.1 PresseFG 2004";abgeschlossen;"40000,00";"20000,00";"20000,00";
2010;"Salzburger Volkszeitung GmbH & Co KG";"Zuschuss zu den Kosten angestellter Auslandskorrespondenten";;"SVZ Salzburger Volkszeitung";"§ 11 Abs.1 PresseFG 2004";abgeschlossen;"24026,20";"12013,10";"12013,10";
2010;"Standard Verlagsgesellschaft m.b.H.";"Zuschuss zu den Kosten angestellter Auslandskorrespondenten";;"Der Standard";"§ 11 Abs.1 PresseFG 2004";abgeschlossen;"34673,80";"17336,90";"17336,90";
2010;"WirtschaftsBlatt Verlag AG";"Zuschuss zu den Kosten angestellter Auslandskorrespondenten";;WirtschaftsBlatt;"§ 11 Abs.1 PresseFG 2004";abgeschlossen;"40000,00";"20000,00";"20000,00";
2010;"Die Presse Verlags-Gesellschaft m.b.H. & Co KG";"Zuschuss zu den Kosten der redaktionsinternen Ausbildung von Nachwuchsjournalisten - Tageszeitungen";;"Die Presse";"§ 10 Abs.1 PresseFG 2004";abgeschlossen;"20000,00";"10000,00";"10000,00";
2010;"Eugen Ruß, Vbg. Zeitungsverlag u. Druckerei GmbH";"Zuschuss zu den Kosten der redaktionsinternen Ausbildung von Nachwuchsjournalisten - Tageszeitungen";;"Vorarlberger Nachrichten";"§ 10 Abs.1 PresseFG 2004";abgeschlossen;"3500,00";"1750,00";"1750,00";
2010;"Kleine Zeitung GmbH & Co KG";"Zuschuss zu den Kosten der redaktionsinternen Ausbildung von Nachwuchsjournalisten - Tageszeitungen";;"Kleine Zeitung Steiermark und Kärnten";"§ 10 Abs.1 PresseFG 2004";abgeschlossen;"20000,00";"10000,00";"10000,00";
2010;"Kärntner Tageszeitungsges.m.b.H";"Zuschuss zu den Kosten der redaktionsinternen Ausbildung von Nachwuchsjournalisten - Tageszeitungen";;"Kärntner Tageszeitung";"§ 10 Abs.1 PresseFG 2004";abgeschlossen;"20000,00";"10000,00";"10000,00";
2010;"Mediaprint Zeitungs- und Zeitschriftenverlag Ges.m.b.H & Co KG";"Zuschuss zu den Kosten der redaktionsinternen Ausbildung von Nachwuchsjournalisten - Tageszeitungen";;"Neue Kronenzeitung";"§ 10 Abs.1 PresseFG 2004";abgeschlossen;"20000,00";"10000,00";"10000,00";
2010;"Mediaprint Zeitungs- und Zeitschriftenverlag Ges.m.b.H & Co KG";"Zuschuss zu den Kosten der redaktionsinternen Ausbildung von Nachwuchsjournalisten - Tageszeitungen";;Kurier;"§ 10 Abs.1 PresseFG 2004";abgeschlossen;"20000,00";"10000,00";"10000,00";
2010;"OÖ Media Data Vertriebs- und Verlagsges.m.b.H.";"Zuschuss zu den Kosten der redaktionsinternen Ausbildung von Nachwuchsjournalisten - Tageszeitungen";;"Neues Volksblatt";"§ 10 Abs.1 PresseFG 2004";abgeschlossen;"20000,00";"10000,00";"10000,00";
2010;"OÖN Redaktion GmbH & CO KG";"Zuschuss zu den Kosten der redaktionsinternen Ausbildung von Nachwuchsjournalisten - Tageszeitungen";;"OÖ Nachrichten";"§ 10 Abs.1 PresseFG 2004";abgeschlossen;"20000,00";"10000,00";"10000,00";
2010;"Salzburger Nachrichten Verlagsges.m.b.H. & Co KG";"Zuschuss zu den Kosten der redaktionsinternen Ausbildung von Nachwuchsjournalisten - Tageszeitungen";;"Salzburger Nachrichten";"§ 10 Abs.1 PresseFG 2004";abgeschlossen;"20000,00";"10000,00";"10000,00";
2010;"Salzburger Volkszeitung GmbH & Co KG";"Zuschuss zu den Kosten der redaktionsinternen Ausbildung von Nachwuchsjournalisten - Tageszeitungen";;"SVZ Salzburger Volkszeitung";"§ 10 Abs.1 PresseFG 2004";abgeschlossen;"20000,00";"10000,00";"10000,00";
2010;"Schlüsselverlag J.S. Moser GmbH.";"Zuschuss zu den Kosten der redaktionsinternen Ausbildung von Nachwuchsjournalisten - Tageszeitungen";;"Tiroler Tageszeitung";"§ 10 Abs.1 PresseFG 2004";abgeschlossen;"14260,00";"7130,00";"7130,00";
2010;"Standard Verlagsgesellschaft m.b.H.";"Zuschuss zu den Kosten der redaktionsinternen Ausbildung von Nachwuchsjournalisten - Tageszeitungen";;"Der Standard";"§ 10 Abs.1 PresseFG 2004";abgeschlossen;"20000,00";"10000,00";"10000,00";
2010;"Zeitungs- und Verlagsges.m.b.H.";"Zuschuss zu den Kosten der redaktionsinternen Ausbildung von Nachwuchsjournalisten - Tageszeitungen";;"Neue Vorarlberger Tageszeitung";"§ 10 Abs.1 PresseFG 2004";abgeschlossen;"3000,00";"1500,00";"1500,00";
2010;"BVZ Burgenländische Volkszeitung GmbH";"Zuschuss zu den Kosten der redaktionsinternen Ausbildung von Nachwuchsjournalisten - Wochenzeitungen";;"BVZ-Burgenländische Volkszeitung";"§ 10 Abs.1 PresseFG 2004";abgeschlossen;"20000,00";"10000,00";"10000,00";
2010;"Niederösterreichisches Pressehaus Druck- und Verlagsges.m.b.H.";"Zuschuss zu den Kosten der redaktionsinternen Ausbildung von Nachwuchsjournalisten - Wochenzeitungen";;NÖN;"§ 10 Abs.1 PresseFG 2004";abgeschlossen;"20000,00";"10000,00";"10000,00";
2010;"Salzburger Woche Verlags GmbH";"Zuschuss zu den Kosten der redaktionsinternen Ausbildung von Nachwuchsjournalisten - Wochenzeitungen";;"Salzburger Woche";"§ 10 Abs.1 PresseFG 2004";abgeschlossen;"20000,00";"10000,00";"10000,00";
2010;"Verlagsgruppe NEWS Gesellschaft m.b.H.";"Zuschuss zu den Kosten der redaktionsinternen Ausbildung von Nachwuchsjournalisten - Wochenzeitungen";;"tv media";"§ 10 Abs.1 PresseFG 2004";abgeschlossen;"20000,00";"10000,00";"10000,00";
2010;"Verlagsgruppe NEWS Gesellschaft m.b.H.";"Zuschuss zu den Kosten der redaktionsinternen Ausbildung von Nachwuchsjournalisten - Wochenzeitungen";;NEWS;"§ 10 Abs.1 PresseFG 2004";abgeschlossen;"20000,00";"10000,00";"10000,00";
2010;"Medienhaus Wien - Forschung und Weiterbildung GmbH";"Zuschuss zu Forschungsprojekten";;"Der glokale Newsroom - E-Reader, Tablets & Co: ""Second life"" für Zeitungen?";"§ 11 Abs.3 PresseFG 2004";abgeschlossen;"20000,00";"10000,00";"10000,00";
2010;"Österreichisches Medienhaus Reinhard Bimashofer, ARGE mit dem Institut für Angewandte Politische Ökonomie";"Zuschuss zu Forschungsprojekten";;"Österreichs Wirtschaftsjournalismus in der Krise";"§ 11 Abs.3 PresseFG 2004";abgelehnt;",00";",00";",00";
2011;"Die Presse Verlags-Gesellschaft m.b.H. & Co KG";"Besondere Förderung zur Erhaltung der regionalen Vielfalt der Tageszeitungen";;"Die Presse";"Abschnitt III PresseFG 2004";abgeschlossen;"1210512,50";"605256,25";"605256,25";
2011;"Kärntner Tageszeitungsges.m.b.H";"Besondere Förderung zur Erhaltung der regionalen Vielfalt der Tageszeitungen";;"Kärntner Tageszeitung";"Abschnitt III PresseFG 2004";abgeschlossen;"974661,00";"487330,50";"487330,50";
2011;"OÖ Media Data Vertriebs- und Verlagsges.m.b.H.";"Besondere Förderung zur Erhaltung der regionalen Vielfalt der Tageszeitungen";;"Neues Volksblatt";"Abschnitt III PresseFG 2004";abgeschlossen;"839710,90";"419855,45";"419855,45";
2011;"Salzburger Volkszeitung GmbH & Co KG";"Besondere Förderung zur Erhaltung der regionalen Vielfalt der Tageszeitungen";;"SVZ Salzburger Volkszeitung";"Abschnitt III PresseFG 2004";abgeschlossen;"859339,60";"429669,80";"429669,80";
2011;"Standard Verlagsgesellschaft m.b.H.";"Besondere Förderung zur Erhaltung der regionalen Vielfalt der Tageszeitungen";;"Der Standard";"Abschnitt III PresseFG 2004";abgeschlossen;"1109587,50";"554793,75";"554793,75";
2011;"Verlagsgruppe NEWS Gesellschaft m.b.H.";"Besondere Förderung zur Erhaltung der regionalen Vielfalt der Tageszeitungen";;Format;"Abschnitt III PresseFG 2004";abgelehnt;",00";",00";",00";
2011;"Verlagsgruppe NEWS Gesellschaft m.b.H.";"Besondere Förderung zur Erhaltung der regionalen Vielfalt der Tageszeitungen";;profil;"Abschnitt III PresseFG 2004";abgelehnt;",00";",00";",00";
2011;"WirtschaftsBlatt Verlag AG";"Besondere Förderung zur Erhaltung der regionalen Vielfalt der Tageszeitungen";;WirtschaftsBlatt;"Abschnitt III PresseFG 2004";abgeschlossen;"626136,20";"313068,10";"313068,10";
2011;"Zeitungs- und Verlagsges.m.b.H.";"Besondere Förderung zur Erhaltung der regionalen Vielfalt der Tageszeitungen";;"Neue Vorarlberger Tageszeitung";"Abschnitt III PresseFG 2004";abgeschlossen;"786052,30";"393026,15";"393026,15";
2011;"Friedrich Austerlitz-Institut für JournalistInnenausbildung";"Förderung von Vereinigungen der Journalistenausbildung";;"Friedrich Austerlitz-Institut für JournalistInnenausbildung";"§ 10 Abs.2 PresseFG 2004";abgeschlossen;"16145,20";"8072,60";"8072,60";
2011;"Friedrich Funder Institut für Publizistik, Medienforschung und Journalistenausbildung";"Förderung von Vereinigungen der Journalistenausbildung";;"Friedrich Funder Institut für Publizistik, Medienforschung und Journalistenausbildung";"§ 10 Abs.2 PresseFG 2004";abgeschlossen;"28447,20";"14223,60";"14223,60";
2011;"GESPU - Gesellschaft für Publizistik und Medienforschung";"Förderung von Vereinigungen der Journalistenausbildung";;"GESPU - Gesellschaft für Publizistik und Medienforschung";"§ 10 Abs.2 PresseFG 2004";abgeschlossen;"17625,10";"8812,55";"8812,55";
2011;"Katholische Medien Akademie";"Förderung von Vereinigungen der Journalistenausbildung";;"Katholische Medien Akademie";"§ 10 Abs.2 PresseFG 2004";abgeschlossen;"58206,50";"29103,25";"29103,25";
2011;"M-MEDIA, Verein zur Förderung interkultureller Medienarbeit";"Förderung von Vereinigungen der Journalistenausbildung";;"M-MEDIA, Verein zur Förderung interkultureller Medienarbeit";"§ 10 Abs.2 PresseFG 2004";abgeschlossen;"5000,00";"2500,00";"2500,00";
2011;"OÖ Journalistenakademie";"Förderung von Vereinigungen der Journalistenausbildung";;"OÖ Journalistenakademie";"§ 10 Abs.2 PresseFG 2004";abgeschlossen;"62712,00";"31356,00";"31356,00";
2011;"Österreichische Medienakademie - Kuratorium für Journalistenausbildung";"Förderung von Vereinigungen der Journalistenausbildung";;"Österreichische Medienakademie - Kuratorium für Journalistenausbildung";"§ 10 Abs.2 PresseFG 2004";abgeschlossen;"438984,00";"219492,00";"219492,00";
2011;"Klub der Wirtschaftspublizisten";"Förderung von Vereinigungen, deren Hauptaufgabe die Veranstaltung oder Durchführung von Pressekonferenzen ist";;"Klub der Wirtschaftspublizisten";"§ 11 Abs.4 PresseFG 2004";abgeschlossen;"3502,80";"1751,40";"1751,40";
2011;"Oberösterreichischer Presseclub";"Förderung von Vereinigungen, deren Hauptaufgabe die Veranstaltung oder Durchführung von Pressekonferenzen ist";;"Oberösterreichischer Presseclub";"§ 11 Abs.4 PresseFG 2004";abgeschlossen;"9108,00";"4554,00";"4554,00";
2011;"Presseclub Concordia";"Förderung von Vereinigungen, deren Hauptaufgabe die Veranstaltung oder Durchführung von Pressekonferenzen ist";;"Presseclub Concordia";"§ 11 Abs.4 PresseFG 2004";abgeschlossen;"24120,00";"12060,00";"12060,00";
2011;"Steirischer Presseclub";"Förderung von Vereinigungen, deren Hauptaufgabe die Veranstaltung oder Durchführung von Pressekonferenzen ist";;"Steirischer Presseclub";"§ 11 Abs.4 PresseFG 2004";abgeschlossen;"7506,00";"3753,00";"3753,00";
2011;"Verband der Agrarjournalisten und -publizisten in Österreich (VAÖ)";"Förderung von Vereinigungen, deren Hauptaufgabe die Veranstaltung oder Durchführung von Pressekonferenzen ist";;"Verband der Agrarjournalisten und -publizisten in Österreich (VAÖ)";"§ 11 Abs.4 PresseFG 2004";abgeschlossen;"1000,80";"500,40";"500,40";
2011;"Verband der Auslandspresse Wien";"Förderung von Vereinigungen, deren Hauptaufgabe die Veranstaltung oder Durchführung von Pressekonferenzen ist";;"Verband der Auslandspresse Wien";"§ 11 Abs.4 PresseFG 2004";abgeschlossen;"3002,40";"1501,20";"1501,20";
2011;"Die Presse Verlags-Gesellschaft m.b.H. & Co KG";"Refundierung für die Gratisverteilung an Schulen - Tageszeitungen";;"Die Presse";"§ 11 Abs.2 Z 2 PresseFG 2004";abgeschlossen;"20700,00";"10350,00";"10350,00";
2011;"Eugen Ruß, Vbg. Zeitungsverlag u. Druckerei GmbH";"Refundierung für die Gratisverteilung an Schulen - Tageszeitungen";;"Vorarlberger Nachrichten";"§ 11 Abs.2 Z 2 PresseFG 2004";abgeschlossen;"8463,00";"4231,50";"4231,50";
2011;"Kleine Zeitung GmbH & Co KG";"Refundierung für die Gratisverteilung an Schulen - Tageszeitungen";;"Kleine Zeitung Steiermark und Kärnten";"§ 11 Abs.2 Z 2 PresseFG 2004";abgeschlossen;"8622,00";"4311,00";"4311,00";
2011;"Mediaprint Zeitungs- und Zeitschriftenverlag Ges.m.b.H & Co KG";"Refundierung für die Gratisverteilung an Schulen - Tageszeitungen";;Kurier;"§ 11 Abs.2 Z 2 PresseFG 2004";abgeschlossen;"10387,00";"5193,50";"5193,50";
2011;"Mediaprint Zeitungs- und Zeitschriftenverlag Ges.m.b.H & Co KG";"Refundierung für die Gratisverteilung an Schulen - Tageszeitungen";;"Neue Kronenzeitung";"§ 11 Abs.2 Z 2 PresseFG 2004";abgeschlossen;"10350,00";"5175,00";"5175,00";
2011;"OÖ Media Data Vertriebs- und Verlagsges.m.b.H.";"Refundierung für die Gratisverteilung an Schulen - Tageszeitungen";;"Neues Volksblatt";"§ 11 Abs.2 Z 2 PresseFG 2004";abgeschlossen;"1380,00";"690,00";"690,00";
2011;"OÖN Redaktion GmbH & CO KG";"Refundierung für die Gratisverteilung an Schulen - Tageszeitungen";;"OÖ Nachrichten";"§ 11 Abs.2 Z 2 PresseFG 2004";abgeschlossen;"10621,00";"5310,50";"5310,50";
2011;"Salzburger Nachrichten Verlagsges.m.b.H. & Co KG";"Refundierung für die Gratisverteilung an Schulen - Tageszeitungen";;"Salzburger Nachrichten";"§ 11 Abs.2 Z 2 PresseFG 2004";abgeschlossen;"12327,00";"6163,50";"6163,50";
2011;"Salzburger Volkszeitung GmbH & Co KG";"Refundierung für die Gratisverteilung an Schulen - Tageszeitungen";;"SVZ Salzburger Volkszeitung";"§ 11 Abs.2 Z 2 PresseFG 2004";abgeschlossen;"1005,00";"502,50";"502,50";
2011;"Schlüsselverlag J.S. Moser GmbH.";"Refundierung für die Gratisverteilung an Schulen - Tageszeitungen";;"Tiroler Tageszeitung";"§ 11 Abs.2 Z 2 PresseFG 2004";abgeschlossen;"13154,00";"6577,00";"6577,00";
2011;"Standard Verlagsgesellschaft m.b.H.";"Refundierung für die Gratisverteilung an Schulen - Tageszeitungen";;"Der Standard";"§ 11 Abs.2 Z 2 PresseFG 2004";abgeschlossen;"17796,00";"8898,00";"8898,00";
2011;"WirtschaftsBlatt Verlag AG";"Refundierung für die Gratisverteilung an Schulen - Tageszeitungen";;WirtschaftsBlatt;"§ 11 Abs.2 Z 2 PresseFG 2004";abgeschlossen;"1409,00";"704,50";"704,50";
2011;"Zeitungs- und Verlagsges.m.b.H.";"Refundierung für die Gratisverteilung an Schulen - Tageszeitungen";;"Neue Vorarlberger Tageszeitung";"§ 11 Abs.2 Z 2 PresseFG 2004";abgeschlossen;"435,00";"217,50";"217,50";
2011;"BVZ Burgenländische Volkszeitung GmbH";"Refundierung für die Gratisverteilung an Schulen - Wochenzeitungen";;BVZ;"§ 11 Abs.2 Z 2 PresseFG 2004";abgeschlossen;"345,00";"172,50";"172,50";
2011;"Die Furche ZeitschriftenbetriebsgesmbH & Co KG";"Refundierung für die Gratisverteilung an Schulen - Wochenzeitungen";;"Die Furche";"§ 11 Abs.2 Z 2 PresseFG 2004";abgeschlossen;"14494,00";"7247,00";"7247,00";
2011;"Diözese Innsbruck";"Refundierung für die Gratisverteilung an Schulen - Wochenzeitungen";;"Tiroler Sonntag - Kirchenzeitung der Diözese Innsbruck";"§ 11 Abs.2 Z 2 PresseFG 2004";abgeschlossen;"1077,00";"538,50";"538,50";
2011;"Falter Zeitschriftengesellschaft m.b.H.";"Refundierung für die Gratisverteilung an Schulen - Wochenzeitungen";;Falter;"§ 11 Abs.2 Z 2 PresseFG 2004";abgeschlossen;"321,00";"160,50";"160,50";
2011;"Kirchenzeitung Diözese Linz";"Refundierung für die Gratisverteilung an Schulen - Wochenzeitungen";;"Kirchenzeitung Diözese Linz";"§ 11 Abs.2 Z 2 PresseFG 2004";abgeschlossen;"394,00";"197,00";"197,00";
2011;"Kroatischer Presseverein";"Refundierung für die Gratisverteilung an Schulen - Wochenzeitungen";;"Hrvatske Novine";"§ 11 Abs.2 Z 2 PresseFG 2004";abgeschlossen;"651,00";"325,50";"325,50";
2011;"Murtaler Zeitung GmbH";"Refundierung für die Gratisverteilung an Schulen - Wochenzeitungen";;"Murtaler Zeitung";"§ 11 Abs.2 Z 2 PresseFG 2004";abgeschlossen;"7,00";"3,50";"3,50";
2011;"Niederösterreichisches Pressehaus Druck- und Verlagsges.m.b.H.";"Refundierung für die Gratisverteilung an Schulen - Wochenzeitungen";;NÖN;"§ 11 Abs.2 Z 2 PresseFG 2004";abgeschlossen;"1688,00";"844,00";"844,00";
2011;"Osttiroler Bote Medienunternehmen Ges.m.b.H.";"Refundierung für die Gratisverteilung an Schulen - Wochenzeitungen";;"Osttiroler Bote";"§ 11 Abs.2 Z 2 PresseFG 2004";abgeschlossen;"88,00";"44,00";"44,00";
2011;"Verlagsgruppe NEWS Gesellschaft m.b.H.";"Refundierung für die Gratisverteilung an Schulen - Wochenzeitungen";;FORMAT;"§ 11 Abs.2 Z 2 PresseFG 2004";abgeschlossen;"731,00";"365,50";"365,50";
2011;"Verlagsgruppe NEWS Gesellschaft m.b.H.";"Refundierung für die Gratisverteilung an Schulen - Wochenzeitungen";;PROFIL;"§ 11 Abs.2 Z 2 PresseFG 2004";abgeschlossen;"3887,00";"1943,50";"1943,50";
2011;"Verlagsgruppe NEWS Gesellschaft m.b.H.";"Refundierung für die Gratisverteilung an Schulen - Wochenzeitungen";;NEWS;"§ 11 Abs.2 Z 2 PresseFG 2004";abgeschlossen;"1842,00";"921,00";"921,00";
2011;"Die Presse Verlags-Gesellschaft m.b.H. & Co KG";"Vertriebsförderung von Tageszeitungen";;"Die Presse";"Abschnitt II PresseFG 2004";abgeschlossen;"144952,60";"72476,30";"72476,30";
2011;"Eugen Ruß, Vbg. Zeitungsverlag u. Druckerei GmbH";"Vertriebsförderung von Tageszeitungen";;"Vorarlberger Nachrichten";"Abschnitt II PresseFG 2004";abgeschlossen;"181190,70";"90595,35";"90595,35";
2011;"Kleine Zeitung GmbH & Co KG";"Vertriebsförderung von Tageszeitungen";;"Kleine Zeitung Steiermark und Kärnten";"Abschnitt II PresseFG 2004";abgeschlossen;"181190,70";"90595,35";"90595,35";
2011;"Kärntner Tageszeitungsges.m.b.H";"Vertriebsförderung von Tageszeitungen";;"Kärntner Tageszeitung";"Abschnitt II PresseFG 2004";abgeschlossen;"181190,70";"90595,35";"90595,35";
2011;"Mediaprint Zeitungs- und Zeitschriftenverlag Ges.m.b.H & Co KG";"Vertriebsförderung von Tageszeitungen";;"Neue Kronenzeitung";"Abschnitt II PresseFG 2004";abgeschlossen;"181190,70";"90595,35";"90595,35";
2011;"Mediaprint Zeitungs- und Zeitschriftenverlag Ges.m.b.H & Co KG";"Vertriebsförderung von Tageszeitungen";;Kurier;"Abschnitt II PresseFG 2004";abgeschlossen;"144952,60";"72476,30";"72476,30";
2011;"OÖ Media Data Vertriebs- und Verlagsges.m.b.H.";"Vertriebsförderung von Tageszeitungen";;"Neues Volksblatt";"Abschnitt II PresseFG 2004";abgeschlossen;"181190,70";"90595,35";"90595,35";
2011;"OÖN Redaktion GmbH & CO KG";"Vertriebsförderung von Tageszeitungen";;"OÖ Nachrichten";"Abschnitt II PresseFG 2004";abgeschlossen;"181190,70";"90595,35";"90595,35";
2011;"Salzburger Nachrichten Verlagsges.m.b.H. & Co KG";"Vertriebsförderung von Tageszeitungen";;"Salzburger Nachrichten";"Abschnitt II PresseFG 2004";abgeschlossen;"181190,70";"90595,35";"90595,35";
2011;"Salzburger Volkszeitung GmbH & Co KG";"Vertriebsförderung von Tageszeitungen";;"SVZ Salzburger Volkszeitung";"Abschnitt II PresseFG 2004";abgeschlossen;"181190,70";"90595,35";"90595,35";
2011;"Schlüsselverlag J.S. Moser GmbH.";"Vertriebsförderung von Tageszeitungen";;"Tiroler Tageszeitung";"Abschnitt II PresseFG 2004";abgeschlossen;"181190,70";"90595,35";"90595,35";
2011;"Standard Verlagsgesellschaft m.b.H.";"Vertriebsförderung von Tageszeitungen";;"Der Standard";"Abschnitt II PresseFG 2004";abgeschlossen;"181190,70";"90595,35";"90595,35";
2011;"WirtschaftsBlatt Verlag AG";"Vertriebsförderung von Tageszeitungen";;WirtschaftsBlatt;"Abschnitt II PresseFG 2004";abgeschlossen;"108714,50";"54357,25";"54357,25";
2011;"Zeitungs- und Verlagsges.m.b.H.";"Vertriebsförderung von Tageszeitungen";;"Neue Vorarlberger Tageszeitung";"Abschnitt II PresseFG 2004";abgeschlossen;"144952,60";"72476,30";"72476,30";
2011;"A.B.C. Werbeagentur Ges.m.b.H.";"Vertriebsförderung von Wochenzeitungen";;"Kärntner Nachrichten";"Abschnitt II PresseFG 2004";abgeschlossen;"56692,10";"28346,05";"28346,05";
2011;"Agrar Media Verlagsgesellschaft mbH.";"Vertriebsförderung von Wochenzeitungen";;"Österreichische BauernZeitung (Bauernbündler)";"Abschnitt II PresseFG 2004";abgeschlossen;"86050,50";"43025,25";"43025,25";
2011;"Bischöfliches Ordinariat, Diözese Graz-Seckau";"Vertriebsförderung von Wochenzeitungen";;"Sonntagsblatt für Steiermark";"Abschnitt II PresseFG 2004";abgeschlossen;"87737,80";"43868,90";"43868,90";
2011;"Bischöfliches Seelsorgeamt";"Vertriebsförderung von Wochenzeitungen";;"Nedelja  Slowenische Kirchenzeitung der Diözese Gurk";"Abschnitt II PresseFG 2004";abgeschlossen;"15984,00";"7992,00";"7992,00";
2011;"BVZ Burgenländische Volkszeitung GmbH";"Vertriebsförderung von Wochenzeitungen";;BVZ;"Abschnitt II PresseFG 2004";abgeschlossen;"50010,60";"25005,30";"25005,30";
2011;"Die Furche ZeitschriftenbetriebsgesmbH & Co KG";"Vertriebsförderung von Wochenzeitungen";;"Die Furche";"Abschnitt II PresseFG 2004";abgeschlossen;"81748,00";"40874,00";"40874,00";
2011;"Die ganze Woche Ges.m.b.H.";"Vertriebsförderung von Wochenzeitungen";;"Die ganze Woche";"Abschnitt II PresseFG 2004";abgeschlossen;"86050,50";"43025,25";"43025,25";
2011;"Diözese Eisenstadt - martinus - Kirchenzeitung der Diözese Eisenstadt";"Vertriebsförderung von Wochenzeitungen";;"martinus - Kirchenzeitung der Diözese Eisenstadt (vormals: Eisenstädter Kirchenzeitung)";"Abschnitt II PresseFG 2004";abgeschlossen;"78879,70";"39439,85";"39439,85";
2011;"Diözese Eisenstadt, Kroatische Sektion des Pastoralamtes";"Vertriebsförderung von Wochenzeitungen";;"GLASNIK  Crikvene novine Zeljezanske biskupije";"Abschnitt II PresseFG 2004";abgeschlossen;"7086,50";"3543,25";"3543,25";
2011;"Diözese Feldkirch";"Vertriebsförderung von Wochenzeitungen";;KirchenBlatt;"Abschnitt II PresseFG 2004";abgeschlossen;"68207,70";"34103,85";"34103,85";
2011;"Diözese Innsbruck Bischöfliches Ordinariat";"Vertriebsförderung von Wochenzeitungen";;"Tiroler Sonntag - Kirchenzeitung der Diözese Innsbruck";"Abschnitt II PresseFG 2004";abgeschlossen;"83899,30";"41949,65";"41949,65";
2011;"edition rot GmbH";"Vertriebsförderung von Wochenzeitungen";;"SPÖ-aktuell";"Abschnitt II PresseFG 2004";abgeschlossen;"59855,80";"29927,90";"29927,90";
2011;"Falter Zeitschriftengesellschaft m.b.H.";"Vertriebsförderung von Wochenzeitungen";;Falter;"Abschnitt II PresseFG 2004";abgeschlossen;"77333,00";"38666,50";"38666,50";
2011;"Freiheitliche Partei Österreichs (FPÖ)";"Vertriebsförderung von Wochenzeitungen";;"Neue Freie Zeitung";"Abschnitt II PresseFG 2004";abgeschlossen;"48508,90";"24254,45";"24254,45";
2011;"Kirchenblatt für die Diözese St. Pölten";"Vertriebsförderung von Wochenzeitungen";;"Kirche bunt  St. Pöltner Kirchenzeitung";"Abschnitt II PresseFG 2004";abgeschlossen;"70190,30";"35095,15";"35095,15";
2011;"Kirchenzeitung Diözese Linz";"Vertriebsförderung von Wochenzeitungen";;"Kirchenzeitung Diözese Linz";"Abschnitt II PresseFG 2004";abgeschlossen;"86050,50";"43025,25";"43025,25";
2011;"Kitzbüheler Anzeiger Ges.m.b.H.";"Vertriebsförderung von Wochenzeitungen";;"Kitzbüheler Anzeiger";"Abschnitt II PresseFG 2004";abgeschlossen;"9600,00";"4800,00";"4800,00";
2011;"Kroatischer Presseverein";"Vertriebsförderung von Wochenzeitungen";;"Hrvatske Novine";"Abschnitt II PresseFG 2004";abgeschlossen;"10334,50";"5167,25";"5167,25";
2011;"Murtaler Zeitung GmbH";"Vertriebsförderung von Wochenzeitungen";;"Murtaler Zeitung";"Abschnitt II PresseFG 2004";abgeschlossen;"7680,00";"3840,00";"3840,00";
2011;"Neues Land Medien GesmbH";"Vertriebsförderung von Wochenzeitungen";;"Neues Land";"Abschnitt II PresseFG 2004";abgeschlossen;"86050,50";"43025,25";"43025,25";
2011;"Niederösterreichisches Pressehaus Druck- und Verlagsges.m.b.H.";"Vertriebsförderung von Wochenzeitungen";;NÖN;"Abschnitt II PresseFG 2004";abgeschlossen;"87737,80";"43868,90";"43868,90";
2011;"Ordinariat der Erzdiözese Salzburg";"Vertriebsförderung von Wochenzeitungen";;"Rupertusblatt - Wochenzeitung der Erzdiözese Salzburg";"Abschnitt II PresseFG 2004";abgeschlossen;"75786,40";"37893,20";"37893,20";
2011;"Osttiroler Bote Medienunternehmen Ges.m.b.H.";"Vertriebsförderung von Wochenzeitungen";;"Osttiroler Bote";"Abschnitt II PresseFG 2004";abgeschlossen;"9600,00";"4800,00";"4800,00";
2011;"Raiffeisen Media GmbH";"Vertriebsförderung von Wochenzeitungen";;Raiffeisenzeitung;"Abschnitt II PresseFG 2004";abgeschlossen;"77614,20";"38807,10";"38807,10";
2011;"Red Bulletin GmbH";"Vertriebsförderung von Wochenzeitungen";;Seitenblicke;"Abschnitt II PresseFG 2004";abgelehnt;",00";",00";",00";
2011;"Salzburger Woche Verlags GesmbH";"Vertriebsförderung von Wochenzeitungen";;"Salzburger Woche";"Abschnitt II PresseFG 2004";abgeschlossen;"86050,50";"43025,25";"43025,25";
2011;"Seelsorgeamt der Diözese Gurk";"Vertriebsförderung von Wochenzeitungen";;"Der Sonntag - Kärntner Kirchenzeitung";"Abschnitt II PresseFG 2004";abgeschlossen;"49563,40";"24781,70";"24781,70";
2011;"Slomedia GmbH";"Vertriebsförderung von Wochenzeitungen";;NOVICE;"Abschnitt II PresseFG 2004";abgeschlossen;"30117,70";"15058,85";"15058,85";
2011;"Sportverlag GmbH & Co KG";"Vertriebsförderung von Wochenzeitungen";;Sportwoche;"Abschnitt II PresseFG 2004";abgeschlossen;"25169,80";"12584,90";"12584,90";
2011;"Sportzeitung Verlags-GmbH";"Vertriebsförderung von Wochenzeitungen";;Sportzeitung;"Abschnitt II PresseFG 2004";abgeschlossen;"26890,80";"13445,40";"13445,40";
2011;"Verlag Rudolf M. Rohrer";"Vertriebsförderung von Wochenzeitungen";;BadenerZeitung;"Abschnitt II PresseFG 2004";abgelehnt;",00";",00";",00";
2011;"Verlagsgruppe NEWS Gesellschaft m.b.H.";"Vertriebsförderung von Wochenzeitungen";;NEWS;"Abschnitt II PresseFG 2004";abgeschlossen;"68840,50";"34420,25";"34420,25";
2011;"Verlagsgruppe NEWS Gesellschaft m.b.H.";"Vertriebsförderung von Wochenzeitungen";;Profil;"Abschnitt II PresseFG 2004";abgeschlossen;"51630,30";"25815,15";"25815,15";
2011;"Verlagsgruppe NEWS Gesellschaft m.b.H.";"Vertriebsförderung von Wochenzeitungen";;Format;"Abschnitt II PresseFG 2004";abgeschlossen;"33745,30";"16872,65";"16872,65";
2011;"Verlagsgruppe NEWS Gesellschaft m.b.H.";"Vertriebsförderung von Wochenzeitungen";;"tv media";"Abschnitt II PresseFG 2004";abgeschlossen;"87737,80";"43868,90";"43868,90";
2011;"W 3 Verlagsges.m.b.H.";"Vertriebsförderung von Wochenzeitungen";;"Zur Zeit - Die Wochenzeitung für Österreich";"Abschnitt II PresseFG 2004";abgeschlossen;"49605,60";"24802,80";"24802,80";
2011;"Wallig Ennstaler Druckerei und Verlag GmbH";"Vertriebsförderung von Wochenzeitungen";;"Der Ennstaler";"Abschnitt II PresseFG 2004";abgeschlossen;"9600,00";"4800,00";"4800,00";
2011;"Wiener Domverlag Ges.m.b.H.";"Vertriebsförderung von Wochenzeitungen";;"Der Sonntag";"Abschnitt II PresseFG 2004";abgeschlossen;"78879,70";"39439,85";"39439,85";
2011;"Verein zur Förderung der Nutzung von Zeitungen in der Schule";"Zuschuss an Vereinigungen zur Leseförderungen";;"Verein Zeitung in der Schule";"§ 11 Abs.2 Z 1 PresseFG 2004";abgeschlossen;"211134,00";"105567,00";"105567,00";
2011;"Die Presse Verlags-Gesellschaft m.b.H. & Co KG";"Zuschuss zu den Kosten angestellter Auslandskorrespondenten";;"Die Presse";"§ 11 Abs.1 PresseFG 2004";abgeschlossen;"40000,00";"20000,00";"20000,00";
2011;"Kleine Zeitung GmbH & Co KG";"Zuschuss zu den Kosten angestellter Auslandskorrespondenten";;"Kleine Zeitung Steiermark und Kärnten";"§ 11 Abs.1 PresseFG 2004";abgeschlossen;"40000,00";"20000,00";"20000,00";
2011;"Mediaprint Zeitungs- und Zeitschriftenverlag Ges.m.b.H & Co KG";"Zuschuss zu den Kosten angestellter Auslandskorrespondenten";;Kurier;"§ 11 Abs.1 PresseFG 2004";abgeschlossen;"40000,00";"20000,00";"20000,00";
2011;"Salzburger Nachrichten Verlagsges.m.b.H. & Co KG";"Zuschuss zu den Kosten angestellter Auslandskorrespondenten";;"Salzburger Nachrichten";"§ 11 Abs.1 PresseFG 2004";abgeschlossen;"40000,00";"20000,00";"20000,00";
2011;"Salzburger Volkszeitung GmbH & Co KG";"Zuschuss zu den Kosten angestellter Auslandskorrespondenten";;"SVZ Salzburger Volkszeitung";"§ 11 Abs.1 PresseFG 2004";abgeschlossen;"26475,00";"13237,50";"13237,50";
2011;"Standard Verlagsgesellschaft m.b.H.";"Zuschuss zu den Kosten angestellter Auslandskorrespondenten";;"Der Standard";"§ 11 Abs.1 PresseFG 2004";abgeschlossen;"40000,00";"20000,00";"20000,00";
2011;"WirtschaftsBlatt Verlag AG";"Zuschuss zu den Kosten angestellter Auslandskorrespondenten";;WirtschaftsBlatt;"§ 11 Abs.1 PresseFG 2004";abgeschlossen;"40000,00";"20000,00";"20000,00";
2011;"Die Presse Verlags-Gesellschaft m.b.H. & Co KG";"Zuschuss zu den Kosten der redaktionsinternen Ausbildung von Nachwuchsjournalisten - Tageszeitungen";;"Die Presse";"§ 10 Abs.1 PresseFG 2004";abgeschlossen;"20000,00";"10000,00";"10000,00";
2011;"Eugen Ruß, Vbg. Zeitungsverlag u. Druckerei GmbH";"Zuschuss zu den Kosten der redaktionsinternen Ausbildung von Nachwuchsjournalisten - Tageszeitungen";;"Vorarlberger Nachrichten";"§ 10 Abs.1 PresseFG 2004";abgeschlossen;"3500,00";"1750,00";"1750,00";
2011;"Kleine Zeitung GmbH & Co KG";"Zuschuss zu den Kosten der redaktionsinternen Ausbildung von Nachwuchsjournalisten - Tageszeitungen";;"Kleine Zeitung Steiermark und Kärnten";"§ 10 Abs.1 PresseFG 2004";abgeschlossen;"20000,00";"10000,00";"10000,00";
2011;"Kärntner Tageszeitungsges.m.b.H";"Zuschuss zu den Kosten der redaktionsinternen Ausbildung von Nachwuchsjournalisten - Tageszeitungen";;"Kärntner Tageszeitung";"§ 10 Abs.1 PresseFG 2004";abgeschlossen;"10973,00";"5486,50";"5486,50";
2011;"Mediaprint Zeitungs- und Zeitschriftenverlag Ges.m.b.H & Co KG";"Zuschuss zu den Kosten der redaktionsinternen Ausbildung von Nachwuchsjournalisten - Tageszeitungen";;"Neue Kronenzeitung";"§ 10 Abs.1 PresseFG 2004";abgeschlossen;"20000,00";"10000,00";"10000,00";
2011;"Mediaprint Zeitungs- und Zeitschriftenverlag Ges.m.b.H & Co KG";"Zuschuss zu den Kosten der redaktionsinternen Ausbildung von Nachwuchsjournalisten - Tageszeitungen";;Kurier;"§ 10 Abs.1 PresseFG 2004";abgeschlossen;"20000,00";"10000,00";"10000,00";
2011;"OÖ Media Data Vertriebs- und Verlagsges.m.b.H.";"Zuschuss zu den Kosten der redaktionsinternen Ausbildung von Nachwuchsjournalisten - Tageszeitungen";;"Neues Volksblatt";"§ 10 Abs.1 PresseFG 2004";abgeschlossen;"20000,00";"10000,00";"10000,00";
2011;"OÖN Redaktion GmbH & CO KG";"Zuschuss zu den Kosten der redaktionsinternen Ausbildung von Nachwuchsjournalisten - Tageszeitungen";;"OÖ Nachrichten";"§ 10 Abs.1 PresseFG 2004";abgeschlossen;"20000,00";"10000,00";"10000,00";
2011;"Salzburger Volkszeitung GmbH & Co KG";"Zuschuss zu den Kosten der redaktionsinternen Ausbildung von Nachwuchsjournalisten - Tageszeitungen";;"SVZ Salzburger Volkszeitung";"§ 10 Abs.1 PresseFG 2004";abgeschlossen;"20000,00";"10000,00";"10000,00";
2011;"Standard Verlagsgesellschaft m.b.H.";"Zuschuss zu den Kosten der redaktionsinternen Ausbildung von Nachwuchsjournalisten - Tageszeitungen";;"Der Standard";"§ 10 Abs.1 PresseFG 2004";abgeschlossen;"20000,00";"10000,00";"10000,00";
2011;"Zeitungs- und Verlagsges.m.b.H.";"Zuschuss zu den Kosten der redaktionsinternen Ausbildung von Nachwuchsjournalisten - Tageszeitungen";;"Neue Vorarlberger Tageszeitung";"§ 10 Abs.1 PresseFG 2004";abgeschlossen;"3000,00";"1500,00";"1500,00";
2011;"Falter Zeitschriftengesellschaft m.b.H.";"Zuschuss zu den Kosten der redaktionsinternen Ausbildung von Nachwuchsjournalisten - Wochenzeitungen";;Falter;"§ 10 Abs.1 PresseFG 2004";abgeschlossen;"20000,00";"10000,00";"10000,00";
2011;"Niederösterreichisches Pressehaus Druck- und Verlagsges.m.b.H.";"Zuschuss zu den Kosten der redaktionsinternen Ausbildung von Nachwuchsjournalisten - Wochenzeitungen";;NÖN;"§ 10 Abs.1 PresseFG 2004";abgeschlossen;"20000,00";"10000,00";"10000,00";
2011;"Salzburger Woche Verlags GmbH";"Zuschuss zu den Kosten der redaktionsinternen Ausbildung von Nachwuchsjournalisten - Wochenzeitungen";;"Salzburger Woche";"§ 10 Abs.1 PresseFG 2004";abgeschlossen;"20000,00";"10000,00";"10000,00";
2011;"Verlagsgruppe NEWS Gesellschaft m.b.H.";"Zuschuss zu den Kosten der redaktionsinternen Ausbildung von Nachwuchsjournalisten - Wochenzeitungen";;"tv media";"§ 10 Abs.1 PresseFG 2004";abgeschlossen;"20000,00";"10000,00";"10000,00";
2011;"Verlagsgruppe NEWS Gesellschaft m.b.H.";"Zuschuss zu den Kosten der redaktionsinternen Ausbildung von Nachwuchsjournalisten - Wochenzeitungen";;NEWS;"§ 10 Abs.1 PresseFG 2004";abgeschlossen;"20000,00";"10000,00";"10000,00";
2011;"Fachbereich Kommunikationswissenschaft (Abteilung Journalistik) der Universität Salzburg (Univ. Prof. Dr. Roman Hummel)";"Zuschuss zu Forschungsprojekten";;"Journalismus im Wandel?";"§ 11 Abs.3 PresseFG 2004";abgeschlossen;"15384,00";"7692,00";"7692,00";
2011;"Medienhaus Wien - Forschung und Weiterbildung GmbH";"Zuschuss zu Forschungsprojekten";;"""How to Change Fluently"": Innovationen in Verlagshäusern. Strategien und Best Practice-Beispiele aus aller Welt";"§ 11 Abs.3 PresseFG 2004";abgeschlossen;"20000,00";"10000,00";"10000,00";
2012;"Die Presse Verlags-Gesellschaft m.b.H. & Co KG";"Besondere Förderung zur Erhaltung der regionalen Vielfalt der Tageszeitungen";;"Die Presse";"Abschnitt III PresseFG 2004";abgeschlossen;"941085,40";"470542,70";"470542,70";
2012;"Kärntner Tageszeitungsges.m.b.H";"Besondere Förderung zur Erhaltung der regionalen Vielfalt der Tageszeitungen";;"Kärntner Tageszeitung";"Abschnitt III PresseFG 2004";abgeschlossen;"795881,60";"397940,80";"397940,80";
2012;"OÖ Media Data Vertriebs- und Verlagsges.m.b.H.";"Besondere Förderung zur Erhaltung der regionalen Vielfalt der Tageszeitungen";;"Neues Volksblatt";"Abschnitt III PresseFG 2004";abgeschlossen;"695728,70";"347864,35";"347864,35";
2012;"Salzburger Volkszeitung GmbH & Co KG";"Besondere Förderung zur Erhaltung der regionalen Vielfalt der Tageszeitungen";;"SVZ Salzburger Volkszeitung";"Abschnitt III PresseFG 2004";abgeschlossen;"726717,40";"363358,70";"363358,70";
2012;"Standard Verlagsgesellschaft m.b.H.";"Besondere Förderung zur Erhaltung der regionalen Vielfalt der Tageszeitungen";;"Der Standard";"Abschnitt III PresseFG 2004";abgeschlossen;"877359,20";"438679,60";"438679,60";
2012;"WirtschaftsBlatt Medien GmbH";"Besondere Förderung zur Erhaltung der regionalen Vielfalt der Tageszeitungen";;WirtschaftsBlatt;"Abschnitt III PresseFG 2004";abgeschlossen;"574247,30";"287123,65";"287123,65";
2012;"Zeitungs- und Verlagsges.m.b.H.";"Besondere Förderung zur Erhaltung der regionalen Vielfalt der Tageszeitungen";;"Neue Vorarlberger Tageszeitung";"Abschnitt III PresseFG 2004";abgeschlossen;"675980,40";"337990,20";"337990,20";
2012;"fjum- forum journalismus und medien wien";"Förderung von Vereinigungen der Journalistenausbildung";;"fjum - forum journalismus und medien wien";"§ 10 Abs.2 PresseFG 2004";abgeschlossen;"4793,00";"2396,50";"2396,50";
2012;"Friedrich Austerlitz-Institut für JournalistInnenausbildung";"Förderung von Vereinigungen der Journalistenausbildung";;"Friedrich Austerlitz-Institut für JournalistInnenausbildung";"§ 10 Abs.2 PresseFG 2004";abgeschlossen;"9715,00";"4857,50";"4857,50";
2012;"Friedrich Funder Institut für Publizistik, Medienforschung und Journalistenausbildung";"Förderung von Vereinigungen der Journalistenausbildung";;"Friedrich Funder Institut für Publizistik, Medienforschung und Journalistenausbildung";"§ 10 Abs.2 PresseFG 2004";abgeschlossen;"29303,00";"14651,50";"14651,50";
2012;"GESPU - Gesellschaft für Publizistik und Medienforschung";"Förderung von Vereinigungen der Journalistenausbildung";;"GESPU - Gesellschaft für Publizistik und Medienforschung";"§ 10 Abs.2 PresseFG 2004";abgeschlossen;"12614,00";"6307,00";"6307,00";
2012;"Katholische Medien Akademie";"Förderung von Vereinigungen der Journalistenausbildung";;"Katholische Medien Akademie";"§ 10 Abs.2 PresseFG 2004";abgeschlossen;"61425,00";"30712,50";"30712,50";
2012;"M-MEDIA, Verein zur Förderung interkultureller Medienarbeit";"Förderung von Vereinigungen der Journalistenausbildung";;"M-MEDIA, Verein zur Förderung interkultureller Medienarbeit";"§ 10 Abs.2 PresseFG 2004";abgeschlossen;"5000,00";"2500,00";"2500,00";
2012;"OÖ Journalistenakademie";"Förderung von Vereinigungen der Journalistenausbildung";;"OÖ Journalistenakademie";"§ 10 Abs.2 PresseFG 2004";abgeschlossen;"61425,00";"30712,50";"30712,50";
2012;"Österreichische Medienakademie - Kuratorium für Journalistenausbildung";"Förderung von Vereinigungen der Journalistenausbildung";;"Österreichische Medienakademie - Kuratorium für Journalistenausbildung";"§ 10 Abs.2 PresseFG 2004";abgeschlossen;"429975,00";"214987,50";"214987,50";
2012;"Klub der Wirtschaftspublizisten";"Förderung von Vereinigungen, deren Hauptaufgabe die Veranstaltung oder Durchführung von Pressekonferenzen ist";;"Klub der Wirtschaftspublizisten";"§ 11 Abs.4 PresseFG 2004";abgeschlossen;"3780,00";"1890,00";"1890,00";
2012;"Oberösterreichischer Presseclub";"Förderung von Vereinigungen, deren Hauptaufgabe die Veranstaltung oder Durchführung von Pressekonferenzen ist";;"Oberösterreichischer Presseclub";"§ 11 Abs.4 PresseFG 2004";abgeschlossen;"8505,00";"4252,50";"4252,50";
2012;"Presseclub Concordia";"Förderung von Vereinigungen, deren Hauptaufgabe die Veranstaltung oder Durchführung von Pressekonferenzen ist";;"Presseclub Concordia";"§ 11 Abs.4 PresseFG 2004";abgeschlossen;"23625,00";"11812,50";"11812,50";
2012;"Steirischer Presseclub";"Förderung von Vereinigungen, deren Hauptaufgabe die Veranstaltung oder Durchführung von Pressekonferenzen ist";;"Steirischer Presseclub";"§ 11 Abs.4 PresseFG 2004";abgeschlossen;"7087,50";"3543,75";"3543,75";
2012;"Verband der Agrarjournalisten und -publizisten in Österreich (VAÖ)";"Förderung von Vereinigungen, deren Hauptaufgabe die Veranstaltung oder Durchführung von Pressekonferenzen ist";;"Verband der Agrarjournalisten und -publizisten in Österreich (VAÖ)";"§ 11 Abs.4 PresseFG 2004";abgeschlossen;"945,00";"472,50";"472,50";
2012;"Verband der Auslandspresse Wien";"Förderung von Vereinigungen, deren Hauptaufgabe die Veranstaltung oder Durchführung von Pressekonferenzen ist";;"Verband der Auslandspresse Wien";"§ 11 Abs.4 PresseFG 2004";abgeschlossen;"3307,50";"1653,75";"1653,75";
2012;"Die Presse Verlags-Gesellschaft m.b.H. & Co KG";"Refundierung für die Gratisverteilung an Schulen - Tageszeitungen";;"Die Presse";"§ 11 Abs.2 Z 2 PresseFG 2004";abgeschlossen;"20000,00";"10000,00";"10000,00";
2012;"Eugen Ruß, Vbg. Zeitungsverlag u. Druckerei GmbH";"Refundierung für die Gratisverteilung an Schulen - Tageszeitungen";;"Vorarlberger Nachrichten";"§ 11 Abs.2 Z 2 PresseFG 2004";abgeschlossen;"8127,00";"4063,50";"4063,50";
2012;"Kleine Zeitung GmbH & Co KG";"Refundierung für die Gratisverteilung an Schulen - Tageszeitungen";;"Kleine Zeitung Steiermark und Kärnten";"§ 11 Abs.2 Z 2 PresseFG 2004";abgeschlossen;"10295,00";"5147,50";"5147,50";
2012;"Kärntner Tageszeitungsges.m.b.H";"Refundierung für die Gratisverteilung an Schulen - Tageszeitungen";;"Kärntner Tageszeitung";"§ 11 Abs.2 Z 2 PresseFG 2004";abgeschlossen;"458,00";"229,00";"229,00";
2012;"Mediaprint Zeitungs- und Zeitschriftenverlag Ges.m.b.H & Co KG";"Refundierung für die Gratisverteilung an Schulen - Tageszeitungen";;"Neue Kronenzeitung";"§ 11 Abs.2 Z 2 PresseFG 2004";abgeschlossen;"10000,00";"5000,00";"5000,00";
2012;"Mediaprint Zeitungs- und Zeitschriftenverlag Ges.m.b.H & Co KG";"Refundierung für die Gratisverteilung an Schulen - Tageszeitungen";;Kurier;"§ 11 Abs.2 Z 2 PresseFG 2004";abgeschlossen;"10036,00";"5018,00";"5018,00";
2012;"OÖ Media Data Vertriebs- und Verlagsges.m.b.H.";"Refundierung für die Gratisverteilung an Schulen - Tageszeitungen";;"Neues Volksblatt";"§ 11 Abs.2 Z 2 PresseFG 2004";abgeschlossen;"1098,00";"549,00";"549,00";
2012;"OÖN Redaktion GmbH & CO KG";"Refundierung für die Gratisverteilung an Schulen - Tageszeitungen";;"OÖ Nachrichten";"§ 11 Abs.2 Z 2 PresseFG 2004";abgeschlossen;"10594,00";"5297,00";"5297,00";
2012;"Salzburger Nachrichten Verlagsges.m.b.H. & Co KG";"Refundierung für die Gratisverteilung an Schulen - Tageszeitungen";;"Salzburger Nachrichten";"§ 11 Abs.2 Z 2 PresseFG 2004";abgeschlossen;"12999,00";"6499,50";"6499,50";
2012;"Salzburger Volkszeitung GmbH & Co KG";"Refundierung für die Gratisverteilung an Schulen - Tageszeitungen";;"SVZ Salzburger Volkszeitung";"§ 11 Abs.2 Z 2 PresseFG 2004";abgeschlossen;"913,00";"456,50";"456,50";
2012;"Schlüsselverlag J.S. Moser GmbH.";"Refundierung für die Gratisverteilung an Schulen - Tageszeitungen";;"Tiroler Tageszeitung";"§ 11 Abs.2 Z 2 PresseFG 2004";abgeschlossen;"13989,00";"6994,50";"6994,50";
2012;"Standard Verlagsgesellschaft m.b.H.";"Refundierung für die Gratisverteilung an Schulen - Tageszeitungen";;"Der Standard";"§ 11 Abs.2 Z 2 PresseFG 2004";abgeschlossen;"18357,00";"9178,50";"9178,50";
2012;"WirtschaftsBlatt Medien GmbH";"Refundierung für die Gratisverteilung an Schulen - Tageszeitungen";;WirtschaftsBlatt;"§ 11 Abs.2 Z 2 PresseFG 2004";abgeschlossen;"2587,00";"1293,50";"1293,50";
2012;"Zeitungs- und Verlagsges.m.b.H.";"Refundierung für die Gratisverteilung an Schulen - Tageszeitungen";;"Neue Vorarlberger Tageszeitung";"§ 11 Abs.2 Z 2 PresseFG 2004";abgeschlossen;"380,00";"190,00";"190,00";
2012;"BVZ Burgenländische Volkszeitung GmbH";"Refundierung für die Gratisverteilung an Schulen - Wochenzeitungen";;BVZ;"§ 11 Abs.2 Z 2 PresseFG 2004";abgeschlossen;"319,00";"159,50";"159,50";
2012;"Die Furche ZeitschriftenbetriebsgesmbH & Co KG";"Refundierung für die Gratisverteilung an Schulen - Wochenzeitungen";;"Die Furche";"§ 11 Abs.2 Z 2 PresseFG 2004";abgeschlossen;"14497,00";"7248,50";"7248,50";
2012;"Diözese Innsbruck";"Refundierung für die Gratisverteilung an Schulen - Wochenzeitungen";;"Tiroler Sonntag - Kirchenzeitung der Diözese Innsbruck";"§ 11 Abs.2 Z 2 PresseFG 2004";abgeschlossen;"179,00";"89,50";"89,50";
2012;"Falter Zeitschriftengesellschaft m.b.H.";"Refundierung für die Gratisverteilung an Schulen - Wochenzeitungen";;Falter;"§ 11 Abs.2 Z 2 PresseFG 2004";abgeschlossen;"1134,00";"567,00";"567,00";
2012;"Kirchenzeitung Diözese Linz";"Refundierung für die Gratisverteilung an Schulen - Wochenzeitungen";;"Kirchenzeitung Diözese Linz";"§ 11 Abs.2 Z 2 PresseFG 2004";abgeschlossen;"610,00";"305,00";"305,00";
2012;"Kroatischer Presseverein";"Refundierung für die Gratisverteilung an Schulen - Wochenzeitungen";;"Hrvatske Novine";"§ 11 Abs.2 Z 2 PresseFG 2004";abgeschlossen;"798,00";"399,00";"399,00";
2012;"Murtaler Zeitung GmbH";"Refundierung für die Gratisverteilung an Schulen - Wochenzeitungen";;"Murtaler Zeitung";"§ 11 Abs.2 Z 2 PresseFG 2004";abgeschlossen;"32,00";"16,00";"16,00";
2012;"Niederösterreichisches Pressehaus Druck- und Verlagsges.m.b.H.";"Refundierung für die Gratisverteilung an Schulen - Wochenzeitungen";;NÖN;"§ 11 Abs.2 Z 2 PresseFG 2004";abgeschlossen;"2062,00";"1031,00";"1031,00";
2012;"Osttiroler Bote Medienunternehmen Ges.m.b.H.";"Refundierung für die Gratisverteilung an Schulen - Wochenzeitungen";;"Osttiroler Bote";"§ 11 Abs.2 Z 2 PresseFG 2004";abgeschlossen;"65,00";"32,50";"32,50";
2012;"Verlagsgruppe NEWS Gesellschaft m.b.H.";"Refundierung für die Gratisverteilung an Schulen - Wochenzeitungen";;PROFIL;"§ 11 Abs.2 Z 2 PresseFG 2004";abgeschlossen;"6609,00";"3304,50";"3304,50";
2012;"Verlagsgruppe NEWS Gesellschaft m.b.H.";"Refundierung für die Gratisverteilung an Schulen - Wochenzeitungen";;NEWS;"§ 11 Abs.2 Z 2 PresseFG 2004";abgeschlossen;"4089,00";"2044,50";"2044,50";
2012;"Verlagsgruppe NEWS Gesellschaft m.b.H.";"Refundierung für die Gratisverteilung an Schulen - Wochenzeitungen";;FORMAT;"§ 11 Abs.2 Z 2 PresseFG 2004";abgeschlossen;"2045,00";"1022,50";"1022,50";
2012;"Die Presse Verlags-Gesellschaft m.b.H. & Co KG";"Vertriebsförderung von Tageszeitungen";;"Die Presse";"Abschnitt II PresseFG 2004";abgeschlossen;"130390,90";"65195,45";"65195,45";
2012;"Eugen Ruß, Vbg. Zeitungsverlag u. Druckerei GmbH";"Vertriebsförderung von Tageszeitungen";;"Vorarlberger Nachrichten";"Abschnitt II PresseFG 2004";abgeschlossen;"162988,60";"81494,30";"81494,30";
2012;"Kleine Zeitung GmbH & Co KG";"Vertriebsförderung von Tageszeitungen";;"Kleine Zeitung Steiermark und Kärnten";"Abschnitt II PresseFG 2004";abgeschlossen;"162988,60";"81494,30";"81494,30";
2012;"Kärntner Tageszeitungsges.m.b.H";"Vertriebsförderung von Tageszeitungen";;"Kärntner Tageszeitung";"Abschnitt II PresseFG 2004";abgeschlossen;"162988,60";"81494,30";"81494,30";
2012;"Mediaprint Zeitungs- und Zeitschriftenverlag Ges.m.b.H & Co KG";"Vertriebsförderung von Tageszeitungen";;"Neue Kronenzeitung";"Abschnitt II PresseFG 2004";abgeschlossen;"162988,60";"81494,30";"81494,30";
2012;"Mediaprint Zeitungs- und Zeitschriftenverlag Ges.m.b.H & Co KG";"Vertriebsförderung von Tageszeitungen";;Kurier;"Abschnitt II PresseFG 2004";abgeschlossen;"130390,90";"65195,45";"65195,45";
2012;"OÖ Media Data Vertriebs- und Verlagsges.m.b.H.";"Vertriebsförderung von Tageszeitungen";;"Neues Volksblatt";"Abschnitt II PresseFG 2004";abgeschlossen;"162988,60";"81494,30";"81494,30";
2012;"OÖN Redaktion GmbH & CO KG";"Vertriebsförderung von Tageszeitungen";;"OÖ Nachrichten";"Abschnitt II PresseFG 2004";abgeschlossen;"162988,60";"81494,30";"81494,30";
2012;"Salzburger Nachrichten Verlagsges.m.b.H. & Co KG";"Vertriebsförderung von Tageszeitungen";;"Salzburger Nachrichten";"Abschnitt II PresseFG 2004";abgeschlossen;"162988,60";"81494,30";"81494,30";
2012;"Salzburger Volkszeitung GmbH & Co KG";"Vertriebsförderung von Tageszeitungen";;"SVZ Salzburger Volkszeitung";"Abschnitt II PresseFG 2004";abgeschlossen;"162988,60";"81494,30";"81494,30";
2012;"Schlüsselverlag J. S. Moser GmbH.";"Vertriebsförderung von Tageszeitungen";;"Tiroler Tageszeitung";"Abschnitt II PresseFG 2004";abgeschlossen;"162988,60";"81494,30";"81494,30";
2012;"Standard Verlagsgesellschaft m.b.H.";"Vertriebsförderung von Tageszeitungen";;"Der Standard";"Abschnitt II PresseFG 2004";abgeschlossen;"162988,60";"81494,30";"81494,30";
2012;"WirtschaftsBlatt Medien GmbH";"Vertriebsförderung von Tageszeitungen";;WirtschaftsBlatt;"Abschnitt II PresseFG 2004";abgeschlossen;"97793,20";"48896,60";"48896,60";
2012;"Zeitungs- und Verlagsges.m.b.H.";"Vertriebsförderung von Tageszeitungen";;"Neue Vorarlberger Tageszeitung";"Abschnitt II PresseFG 2004";abgeschlossen;"130390,90";"65195,45";"65195,45";
2012;"A.B.C. Werbeagentur Ges.m.b.H.";"Vertriebsförderung von Wochenzeitungen";;"Kärntner Nachrichten";"Abschnitt II PresseFG 2004";abgeschlossen;"47091,30";"23545,65";"23545,65";
2012;"Agrar Media Verlagsgesellschaft mbH.";"Vertriebsförderung von Wochenzeitungen";;"Österreichische BauernZeitung (Bauernbündler)";"Abschnitt II PresseFG 2004";abgeschlossen;"83535,80";"41767,90";"41767,90";
2012;"Bischöfliches Ordinariat, Diözese Graz-Seckau";"Vertriebsförderung von Wochenzeitungen";;"Sonntagsblatt für Steiermark";"Abschnitt II PresseFG 2004";abgeschlossen;"83535,80";"41767,90";"41767,90";
2012;"Bischöfliches Seelsorgeamt";"Vertriebsförderung von Wochenzeitungen";;"Nedelja  Slowenische Kirchenzeitung der Diözese Gurk";"Abschnitt II PresseFG 2004";abgeschlossen;"15516,90";"7758,45";"7758,45";
2012;"BVZ Burgenländische Volkszeitung GmbH";"Vertriebsförderung von Wochenzeitungen";;BVZ;"Abschnitt II PresseFG 2004";abgeschlossen;"48549,10";"24274,55";"24274,55";
2012;"Die Furche ZeitschriftenbetriebsgesmbH & Co KG";"Vertriebsförderung von Wochenzeitungen";;"Die Furche";"Abschnitt II PresseFG 2004";abgeschlossen;"79359,00";"39679,50";"39679,50";
2012;"Die ganze Woche Ges.m.b.H.";"Vertriebsförderung von Wochenzeitungen";;"Die ganze Woche";"Abschnitt II PresseFG 2004";abgeschlossen;"83535,80";"41767,90";"41767,90";
2012;"Diözese Eisenstadt - Bischöfliches Ordinariat Generalvikar Mag. Georg Lang";"Vertriebsförderung von Wochenzeitungen";;"martinus - Kirchenzeitung der Diözese Eisenstadt (vormals: Eisenstädter Kirchenzeitung)";"Abschnitt II PresseFG 2004";abgeschlossen;"76574,50";"38287,25";"38287,25";
2012;"Diözese Eisenstadt, Kroatische Sektion des Pastoralamtes";"Vertriebsförderung von Wochenzeitungen";;"GLASNIK  Crikvene novine Zeljezanske biskupije";"Abschnitt II PresseFG 2004";abgeschlossen;"7043,20";"3521,60";"3521,60";
2012;"Diözese Feldkirch";"Vertriebsförderung von Wochenzeitungen";;KirchenBlatt;"Abschnitt II PresseFG 2004";abgeschlossen;"66214,40";"33107,20";"33107,20";
2012;"Diözese Innsbruck Bischöfliches Ordinariat";"Vertriebsförderung von Wochenzeitungen";;"Tiroler Sonntag - Kirchenzeitung der Diözese Innsbruck";"Abschnitt II PresseFG 2004";abgeschlossen;"79359,00";"39679,50";"39679,50";
2012;"Falter Zeitschriftengesellschaft m.b.H.";"Vertriebsförderung von Wochenzeitungen";;Falter;"Abschnitt II PresseFG 2004";abgeschlossen;"75073,00";"37536,50";"37536,50";
2012;"Freiheitliche Partei Österreichs (FPÖ)";"Vertriebsförderung von Wochenzeitungen";;"Neue Freie Zeitung";"Abschnitt II PresseFG 2004";abgeschlossen;"46067,60";"23033,80";"23033,80";
2012;"Kirchenblatt für die Diözese St. Pölten";"Vertriebsförderung von Wochenzeitungen";;"Kirche bunt  St. Pöltner Kirchenzeitung";"Abschnitt II PresseFG 2004";abgeschlossen;"68139,00";"34069,50";"34069,50";
2012;"Kirchenzeitung Diözese Linz";"Vertriebsförderung von Wochenzeitungen";;"Kirchenzeitung Diözese Linz";"Abschnitt II PresseFG 2004";abgeschlossen;"83535,80";"41767,90";"41767,90";
2012;"Kitzbüheler Anzeiger Ges.m.b.H.";"Vertriebsförderung von Wochenzeitungen";;"Kitzbüheler Anzeiger";"Abschnitt II PresseFG 2004";abgeschlossen;"8635,60";"4317,80";"4317,80";
2012;"Kroatischer Presseverein";"Vertriebsförderung von Wochenzeitungen";;"Hrvatske Novine";"Abschnitt II PresseFG 2004";abgeschlossen;"9827,70";"4913,85";"4913,85";
2012;"Mediengruppe ÖSTERREICH GmbH";"Vertriebsförderung von Wochenzeitungen";;"Madonna mit ÖSTERREICH";"Abschnitt II PresseFG 2004";abgelehnt;",00";",00";",00";
2012;"Murtaler Zeitung GmbH";"Vertriebsförderung von Wochenzeitungen";;"Murtaler Zeitung";"Abschnitt II PresseFG 2004";abgeschlossen;"6908,50";"3454,25";"3454,25";
2012;"Neues Land Medien GesmbH";"Vertriebsförderung von Wochenzeitungen";;"Neues Land";"Abschnitt II PresseFG 2004";abgeschlossen;"83535,80";"41767,90";"41767,90";
2012;"Niederösterreichisches Pressehaus Druck- und Verlagsges.m.b.H.";"Vertriebsförderung von Wochenzeitungen";;NÖN;"Abschnitt II PresseFG 2004";abgeschlossen;"85173,80";"42586,90";"42586,90";
2012;"Ordinariat der Erzdiözese Salzburg";"Vertriebsförderung von Wochenzeitungen";;"Rupertusblatt - Wochenzeitung der Erzdiözese Salzburg";"Abschnitt II PresseFG 2004";abgeschlossen;"70227,40";"35113,70";"35113,70";
2012;"Osttiroler Bote Medienunternehmen Ges.m.b.H.";"Vertriebsförderung von Wochenzeitungen";;"Osttiroler Bote";"Abschnitt II PresseFG 2004";abgeschlossen;"8635,60";"4317,80";"4317,80";
2012;"Salzburger Woche Verlags GesmbH";"Vertriebsförderung von Wochenzeitungen";;"Salzburger Woche";"Abschnitt II PresseFG 2004";abgeschlossen;"83535,80";"41767,90";"41767,90";
2012;"Seelsorgeamt der Diözese Gurk";"Vertriebsförderung von Wochenzeitungen";;"Der Sonntag - Kärntner Kirchenzeitung";"Abschnitt II PresseFG 2004";abgeschlossen;"48115,00";"24057,50";"24057,50";
2012;"Slomedia GmbH";"Vertriebsförderung von Wochenzeitungen";;NOVICE;"Abschnitt II PresseFG 2004";abgeschlossen;"28664,30";"14332,15";"14332,15";
2012;"Sportzeitung Verlags-GmbH";"Vertriebsförderung von Wochenzeitungen";;Sportzeitung;"Abschnitt II PresseFG 2004";abgeschlossen;"22624,30";"11312,15";"11312,15";
2012;"Styria Multi Media Men GmbH & Co KG";"Vertriebsförderung von Wochenzeitungen";;Sportwoche;"Abschnitt II PresseFG 2004";abgeschlossen;"23807,70";"11903,85";"11903,85";
2012;"Verlag Rudolf M. Rohrer";"Vertriebsförderung von Wochenzeitungen";;BadenerZeitung;"Abschnitt II PresseFG 2004";abgeschlossen;"8635,60";"4317,80";"4317,80";
2012;"Verlagsgruppe NEWS Gesellschaft m.b.H.";"Vertriebsförderung von Wochenzeitungen";;NEWS;"Abschnitt II PresseFG 2004";abgeschlossen;"66828,70";"33414,35";"33414,35";
2012;"Verlagsgruppe NEWS Gesellschaft m.b.H.";"Vertriebsförderung von Wochenzeitungen";;Profil;"Abschnitt II PresseFG 2004";abgeschlossen;"50121,50";"25060,75";"25060,75";
2012;"Verlagsgruppe NEWS Gesellschaft m.b.H.";"Vertriebsförderung von Wochenzeitungen";;"tv media";"Abschnitt II PresseFG 2004";abgeschlossen;"85173,80";"42586,90";"42586,90";
2012;"Verlagsgruppe NEWS Gesellschaft m.b.H.";"Vertriebsförderung von Wochenzeitungen";;Format;"Abschnitt II PresseFG 2004";abgeschlossen;"33414,30";"16707,15";"16707,15";
2012;"W 3 Verlagsges.m.b.H.";"Vertriebsförderung von Wochenzeitungen";;"Zur Zeit - Die Wochenzeitung für Österreich";"Abschnitt II PresseFG 2004";abgeschlossen;"52742,00";"26371,00";"26371,00";
2012;"Wallig Ennstaler Druckerei und Verlag GmbH";"Vertriebsförderung von Wochenzeitungen";;"Der Ennstaler";"Abschnitt II PresseFG 2004";abgeschlossen;"8635,60";"4317,80";"4317,80";
2012;"Wiener Dom-Verlag Ges.m.b.H.";"Vertriebsförderung von Wochenzeitungen";;"Der Sonntag";"Abschnitt II PresseFG 2004";abgeschlossen;"76574,50";"38287,25";"38287,25";
2012;"Verein zur Förderung der Nutzung von Zeitungen in der Schule";"Zuschuss an Vereinigungen zur Leseförderungen";;"Verein Zeitung in der Schule";"§ 11 Abs.2 Z 1 PresseFG 2004";abgeschlossen;"219144,00";"109572,00";"109572,00";
2012;"Die Presse Verlags-Gesellschaft m.b.H. & Co KG";"Zuschuss zu den Kosten angestellter Auslandskorrespondenten";;"Die Presse";"§ 11 Abs.1 PresseFG 2004";abgeschlossen;"40000,00";"20000,00";"20000,00";
2012;"Kleine Zeitung GmbH & Co KG";"Zuschuss zu den Kosten angestellter Auslandskorrespondenten";;"Kleine Zeitung Steiermark und Kärnten";"§ 11 Abs.1 PresseFG 2004";abgeschlossen;"40000,00";"20000,00";"20000,00";
2012;"Mediaprint Zeitungs- und Zeitschriftenverlag Ges.m.b.H & Co KG";"Zuschuss zu den Kosten angestellter Auslandskorrespondenten";;Kurier;"§ 11 Abs.1 PresseFG 2004";abgeschlossen;"40000,00";"20000,00";"20000,00";
2012;"Salzburger Nachrichten Verlagsges.m.b.H. & Co KG";"Zuschuss zu den Kosten angestellter Auslandskorrespondenten";;"Salzburger Nachrichten";"§ 11 Abs.1 PresseFG 2004";abgeschlossen;"40000,00";"20000,00";"20000,00";
2012;"Salzburger Volkszeitung GmbH & Co KG";"Zuschuss zu den Kosten angestellter Auslandskorrespondenten";;"SVZ Salzburger Volkszeitung";"§ 11 Abs.1 PresseFG 2004";abgeschlossen;"4188,00";"2094,00";"2094,00";
2012;"Standard Verlagsgesellschaft m.b.H.";"Zuschuss zu den Kosten angestellter Auslandskorrespondenten";;"Der Standard";"§ 11 Abs.1 PresseFG 2004";abgeschlossen;"40000,00";"20000,00";"20000,00";
2012;"WirtschaftsBlatt Medien GmbH";"Zuschuss zu den Kosten angestellter Auslandskorrespondenten";;WirtschaftsBlatt;"§ 11 Abs.1 PresseFG 2004";abgeschlossen;"40000,00";"20000,00";"20000,00";
2012;"Die Presse Verlags-Gesellschaft m.b.H. & Co KG";"Zuschuss zu den Kosten der redaktionsinternen Ausbildung von Nachwuchsjournalisten - Tageszeitungen";;"Die Presse";"§ 10 Abs.1 PresseFG 2004";abgeschlossen;"20000,00";"10000,00";"10000,00";
2012;"Eugen Ruß, Vbg. Zeitungsverlag u. Druckerei GmbH";"Zuschuss zu den Kosten der redaktionsinternen Ausbildung von Nachwuchsjournalisten - Tageszeitungen";;"Vorarlberger Nachrichten";"§ 10 Abs.1 PresseFG 2004";abgeschlossen;"3500,00";"1750,00";"1750,00";
2012;"Kleine Zeitung GmbH & Co KG";"Zuschuss zu den Kosten der redaktionsinternen Ausbildung von Nachwuchsjournalisten - Tageszeitungen";;"Kleine Zeitung Steiermark und Kärnten";"§ 10 Abs.1 PresseFG 2004";abgeschlossen;"20000,00";"10000,00";"10000,00";
2012;"Kärntner Tageszeitungsges.m.b.H";"Zuschuss zu den Kosten der redaktionsinternen Ausbildung von Nachwuchsjournalisten - Tageszeitungen";;"Kärntner Tageszeitung";"§ 10 Abs.1 PresseFG 2004";abgeschlossen;"11396,00";"5698,00";"5698,00";
2012;"Mediaprint Zeitungs- und Zeitschriftenverlag Ges.m.b.H & Co KG";"Zuschuss zu den Kosten der redaktionsinternen Ausbildung von Nachwuchsjournalisten - Tageszeitungen";;"Neue Kronenzeitung";"§ 10 Abs.1 PresseFG 2004";abgeschlossen;"20000,00";"10000,00";"10000,00";
2012;"Mediaprint Zeitungs- und Zeitschriftenverlag Ges.m.b.H & Co KG";"Zuschuss zu den Kosten der redaktionsinternen Ausbildung von Nachwuchsjournalisten - Tageszeitungen";;Kurier;"§ 10 Abs.1 PresseFG 2004";abgeschlossen;"20000,00";"10000,00";"10000,00";
2012;"OÖ Media Data Vertriebs- und Verlagsges.m.b.H.";"Zuschuss zu den Kosten der redaktionsinternen Ausbildung von Nachwuchsjournalisten - Tageszeitungen";;"Neues Volksblatt";"§ 10 Abs.1 PresseFG 2004";abgeschlossen;"20000,00";"10000,00";"10000,00";
2012;"OÖN Redaktion GmbH & CO KG";"Zuschuss zu den Kosten der redaktionsinternen Ausbildung von Nachwuchsjournalisten - Tageszeitungen";;"OÖ Nachrichten";"§ 10 Abs.1 PresseFG 2004";abgeschlossen;"20000,00";"10000,00";"10000,00";
2012;"Salzburger Volkszeitung GmbH & Co KG";"Zuschuss zu den Kosten der redaktionsinternen Ausbildung von Nachwuchsjournalisten - Tageszeitungen";;"SVZ Salzburger Volkszeitung";"§ 10 Abs.1 PresseFG 2004";abgeschlossen;"20000,00";"10000,00";"10000,00";
2012;"Standard Verlagsgesellschaft m.b.H.";"Zuschuss zu den Kosten der redaktionsinternen Ausbildung von Nachwuchsjournalisten - Tageszeitungen";;"Der Standard";"§ 10 Abs.1 PresseFG 2004";abgeschlossen;"20000,00";"10000,00";"10000,00";
2012;"Zeitungs- und Verlagsges.m.b.H.";"Zuschuss zu den Kosten der redaktionsinternen Ausbildung von Nachwuchsjournalisten - Tageszeitungen";;"Neue Vorarlberger Tageszeitung";"§ 10 Abs.1 PresseFG 2004";abgeschlossen;"3000,00";"1500,00";"1500,00";
2012;"BVZ Burgenländische Volkszeitung GmbH";"Zuschuss zu den Kosten der redaktionsinternen Ausbildung von Nachwuchsjournalisten - Wochenzeitungen";;BVZ;"§ 10 Abs.1 PresseFG 2004";abgelehnt;",00";",00";",00";
2012;"Falter Zeitschriftengesellschaft m.b.H.";"Zuschuss zu den Kosten der redaktionsinternen Ausbildung von Nachwuchsjournalisten - Wochenzeitungen";;Falter;"§ 10 Abs.1 PresseFG 2004";abgeschlossen;"20000,00";"10000,00";"10000,00";
2012;"Niederösterreichisches Pressehaus Druck- und Verlagsges.m.b.H.";"Zuschuss zu den Kosten der redaktionsinternen Ausbildung von Nachwuchsjournalisten - Wochenzeitungen";;NÖN;"§ 10 Abs.1 PresseFG 2004";abgeschlossen;"20000,00";"10000,00";"10000,00";
2012;"Salzburger Woche Verlags GmbH";"Zuschuss zu den Kosten der redaktionsinternen Ausbildung von Nachwuchsjournalisten - Wochenzeitungen";;"Salzburger Woche";"§ 10 Abs.1 PresseFG 2004";abgeschlossen;"20000,00";"10000,00";"10000,00";
2012;"Verlagsgruppe NEWS Gesellschaft m.b.H.";"Zuschuss zu den Kosten der redaktionsinternen Ausbildung von Nachwuchsjournalisten - Wochenzeitungen";;"tv media";"§ 10 Abs.1 PresseFG 2004";abgeschlossen;"20000,00";"10000,00";"10000,00";
2012;"Verlagsgruppe NEWS Gesellschaft m.b.H.";"Zuschuss zu den Kosten der redaktionsinternen Ausbildung von Nachwuchsjournalisten - Wochenzeitungen";;NEWS;"§ 10 Abs.1 PresseFG 2004";abgeschlossen;"20000,00";"10000,00";"10000,00";
2012;"Fachhochschule St. Pölten GmbH (Institut für Medienwirtschaft)";"Zuschuss zu Forschungsprojekten";;"Konvergenz und Geschäftsmodelle: Innovationen bei Tageszeitungen";"§ 11 Abs.3 PresseFG 2004";abgelehnt;",00";",00";",00";
2012;"Institut für Strategieanalysen GmbH";"Zuschuss zu Forschungsprojekten";;"Vielfalt und Verständlichkeit medialer Berichterstattung zu ausgewählten Schwerpunkten der Staatsschuldenkrise im Euro-Raum in österreichischen Printmedien";"§ 11 Abs.3 PresseFG 2004";abgelehnt;",00";",00";",00";
2012;"Medienhaus Wien - Forschung und Weiterbildung GmbH";"Zuschuss zu Forschungsprojekten";;"Newsroom revisited - Neue Integrationsprozesse in Tagezeitungs-Newsrooms im internationalen Vergleich";"§ 11 Abs.3 PresseFG 2004";abgeschlossen;"20000,00";"10000,00";"10000,00";
2013;"Die Presse Verlags-Gesellschaft m.b.H. & Co KG";"Besondere Förderung zur Erhaltung der regionalen Vielfalt der Tageszeitungen";;"Die Presse";"Abschnitt III PresseFG 2004";abgeschlossen;"948391,50";"474195,75";"474195,75";
2013;"Kärntner Tageszeitungsges.m.b.H";"Besondere Förderung zur Erhaltung der regionalen Vielfalt der Tageszeitungen";;"Kärntner Tageszeitung";"Abschnitt III PresseFG 2004";abgeschlossen;"821847,60";"410923,80";"410923,80";
2013;"NEUE Zeitungs GmbH";"Besondere Förderung zur Erhaltung der regionalen Vielfalt der Tageszeitungen";;"Neue Vorarlberger Tageszeitung";"Abschnitt III PresseFG 2004";abgeschlossen;"672289,80";"336144,90";"336144,90";
2013;"OÖ Media Data Vertriebs- und Verlagsges.m.b.H.";"Besondere Förderung zur Erhaltung der regionalen Vielfalt der Tageszeitungen";;"Neues Volksblatt";"Abschnitt III PresseFG 2004";abgeschlossen;"695540,40";"347770,20";"347770,20";
2013;"Salzburger Volkszeitung GmbH & Co KG";"Besondere Förderung zur Erhaltung der regionalen Vielfalt der Tageszeitungen";;"SVZ Salzburger Volkszeitung";"Abschnitt III PresseFG 2004";abgeschlossen;"649612,00";"324806,00";"324806,00";
2013;"Standard Verlagsgesellschaft m.b.H.";"Besondere Förderung zur Erhaltung der regionalen Vielfalt der Tageszeitungen";;"Der Standard";"Abschnitt III PresseFG 2004";abgeschlossen;"881259,50";"440629,75";"440629,75";
2013;"WirtschaftsBlatt Medien GmbH";"Besondere Förderung zur Erhaltung der regionalen Vielfalt der Tageszeitungen";;WirtschaftsBlatt;"Abschnitt III PresseFG 2004";abgeschlossen;"573059,20";"286529,60";"286529,60";
2013;"fjum- forum journalismus und medien wien";"Förderung von Vereinigungen der Journalistenausbildung";;"fjum - forum journalismus und medien wien";"§ 10 Abs.2 PresseFG 2004";abgeschlossen;"23304,00";"11652,00";"11652,00";
2013;"Friedrich Austerlitz-Institut für JournalistInnenausbildung";"Förderung von Vereinigungen der Journalistenausbildung";;"Friedrich Austerlitz-Institut für JournalistInnenausbildung";"§ 10 Abs.2 PresseFG 2004";abgeschlossen;"9856,00";"4928,00";"4928,00";
2013;"Friedrich Funder Institut für Publizistik, Medienforschung und Journalistenausbildung";"Förderung von Vereinigungen der Journalistenausbildung";;"Friedrich Funder Institut für Publizistik, Medienforschung und Journalistenausbildung";"§ 10 Abs.2 PresseFG 2004";abgeschlossen;"28771,00";"14385,50";"14385,50";
2013;"GESPU - Gesellschaft für Publizistik und Medienforschung";"Förderung von Vereinigungen der Journalistenausbildung";;"GESPU - Gesellschaft für Publizistik und Medienforschung";"§ 10 Abs.2 PresseFG 2004";abgeschlossen;"11869,00";"5934,50";"5934,50";
2013;"Katholische Medien Akademie";"Förderung von Vereinigungen der Journalistenausbildung";;"Katholische Medien Akademie";"§ 10 Abs.2 PresseFG 2004";abgeschlossen;"42980,00";"21490,00";"21490,00";
2013;"M-MEDIA, Verein zur Förderung interkultureller Medienarbeit";"Förderung von Vereinigungen der Journalistenausbildung";;"M-MEDIA, Verein zur Förderung interkultureller Medienarbeit";"§ 10 Abs.2 PresseFG 2004";abgeschlossen;"4900,00";"2450,00";"2450,00";
2013;"OÖ Journalistenakademie";"Förderung von Vereinigungen der Journalistenausbildung";;"OÖ Journalistenakademie";"§ 10 Abs.2 PresseFG 2004";abgeschlossen;"60840,00";"30420,00";"30420,00";
2013;"Österreichische Medienakademie - Kuratorium für Journalistenausbildung";"Förderung von Vereinigungen der Journalistenausbildung";;"Österreichische Medienakademie - Kuratorium für Journalistenausbildung";"§ 10 Abs.2 PresseFG 2004";abgeschlossen;"425880,00";"212940,00";"212940,00";
2013;"Klub der Wirtschaftspublizisten";"Förderung von Vereinigungen, deren Hauptaufgabe die Veranstaltung oder Durchführung von Pressekonferenzen ist";;"Klub der Wirtschaftspublizisten";"§ 11 Abs.4 PresseFG 2004";abgeschlossen;"3744,00";"1872,00";"1872,00";
2013;"Oberösterreichischer Presseclub";"Förderung von Vereinigungen, deren Hauptaufgabe die Veranstaltung oder Durchführung von Pressekonferenzen ist";;"Oberösterreichischer Presseclub";"§ 11 Abs.4 PresseFG 2004";abgeschlossen;"8424,00";"4212,00";"4212,00";
2013;"Presseclub Concordia";"Förderung von Vereinigungen, deren Hauptaufgabe die Veranstaltung oder Durchführung von Pressekonferenzen ist";;"Presseclub Concordia";"§ 11 Abs.4 PresseFG 2004";abgeschlossen;"23400,00";"11700,00";"11700,00";
2013;"Steirischer Presseclub";"Förderung von Vereinigungen, deren Hauptaufgabe die Veranstaltung oder Durchführung von Pressekonferenzen ist";;"Steirischer Presseclub";"§ 11 Abs.4 PresseFG 2004";abgeschlossen;"7020,00";"3510,00";"3510,00";
2013;"Verband der Agrarjournalisten und -publizisten in Österreich (VAÖ)";"Förderung von Vereinigungen, deren Hauptaufgabe die Veranstaltung oder Durchführung von Pressekonferenzen ist";;"Verband der Agrarjournalisten und -publizisten in Österreich (VAÖ)";"§ 11 Abs.4 PresseFG 2004";abgeschlossen;"936,00";"468,00";"468,00";
2013;"Verband der Auslandspresse Wien";"Förderung von Vereinigungen, deren Hauptaufgabe die Veranstaltung oder Durchführung von Pressekonferenzen ist";;"Verband der Auslandspresse Wien";"§ 11 Abs.4 PresseFG 2004";abgeschlossen;"3276,00";"1638,00";"1638,00";
2013;"Die Presse Verlags-Gesellschaft m.b.H. & Co KG";"Refundierung für die Gratisverteilung an Schulen - Tageszeitungen";;"Die Presse";"§ 11 Abs.2 Z 2 PresseFG 2004";abgeschlossen;"13000,00";"6500,00";"6500,00";
2013;"Kleine Zeitung GmbH & Co KG";"Refundierung für die Gratisverteilung an Schulen - Tageszeitungen";;"Kleine Zeitung Steiermark und Kärnten";"§ 11 Abs.2 Z 2 PresseFG 2004";abgeschlossen;"6543,00";"3271,50";"3271,50";
2013;"Kärntner Tageszeitungsges.m.b.H";"Refundierung für die Gratisverteilung an Schulen - Tageszeitungen";;"Kärntner Tageszeitung";"§ 11 Abs.2 Z 2 PresseFG 2004";abgeschlossen;"597,00";"298,50";"298,50";
2013;"Mediaprint Zeitungs- und Zeitschriftenverlag Ges.m.b.H & Co KG";"Refundierung für die Gratisverteilung an Schulen - Tageszeitungen";;Kurier;"§ 11 Abs.2 Z 2 PresseFG 2004";abgeschlossen;"6797,00";"3398,50";"3398,50";
2013;"Mediaprint Zeitungs- und Zeitschriftenverlag Ges.m.b.H & Co KG";"Refundierung für die Gratisverteilung an Schulen - Tageszeitungen";;"Neue Kronenzeitung";"§ 11 Abs.2 Z 2 PresseFG 2004";abgeschlossen;"6500,00";"3250,00";"3250,00";
2013;"NEUE Zeitungs GmbH";"Refundierung für die Gratisverteilung an Schulen - Tageszeitungen";;"Neue Vorarlberger Tageszeitung";"§ 11 Abs.2 Z 2 PresseFG 2004";abgeschlossen;"414,00";"207,00";"207,00";
2013;"OÖ Media Data Vertriebs- und Verlagsges.m.b.H.";"Refundierung für die Gratisverteilung an Schulen - Tageszeitungen";;"Neues Volksblatt";"§ 11 Abs.2 Z 2 PresseFG 2004";abgeschlossen;"1317,00";"658,50";"658,50";
2013;"OÖN Redaktion GmbH & CO KG";"Refundierung für die Gratisverteilung an Schulen - Tageszeitungen";;"OÖ Nachrichten";"§ 11 Abs.2 Z 2 PresseFG 2004";abgeschlossen;"7530,00";"3765,00";"3765,00";
2013;"Russmedia Verlag GmbH";"Refundierung für die Gratisverteilung an Schulen - Tageszeitungen";;"Vorarlberger Nachrichten";"§ 11 Abs.2 Z 2 PresseFG 2004";abgeschlossen;"8395,00";"4197,50";"4197,50";
2013;"Salzburger Nachrichten Verlagsges.m.b.H. & Co KG";"Refundierung für die Gratisverteilung an Schulen - Tageszeitungen";;"Salzburger Nachrichten";"§ 11 Abs.2 Z 2 PresseFG 2004";abgeschlossen;"9173,00";"4586,50";"4586,50";
2013;"Salzburger Volkszeitung GmbH & Co KG";"Refundierung für die Gratisverteilung an Schulen - Tageszeitungen";;"SVZ Salzburger Volkszeitung";"§ 11 Abs.2 Z 2 PresseFG 2004";abgeschlossen;"5991,00";"2995,50";"2995,50";
2013;"Schlüsselverlag J. S. Moser GmbH.";"Refundierung für die Gratisverteilung an Schulen - Tageszeitungen";;"Tiroler Tageszeitung";"§ 11 Abs.2 Z 2 PresseFG 2004";abgeschlossen;"9102,00";"4551,00";"4551,00";
2013;"Standard Verlagsgesellschaft m.b.H.";"Refundierung für die Gratisverteilung an Schulen - Tageszeitungen";;"Der Standard";"§ 11 Abs.2 Z 2 PresseFG 2004";abgeschlossen;"12875,00";"6437,50";"6437,50";
2013;"WirtschaftsBlatt Medien GmbH";"Refundierung für die Gratisverteilung an Schulen - Tageszeitungen";;WirtschaftsBlatt;"§ 11 Abs.2 Z 2 PresseFG 2004";abgeschlossen;"2962,00";"1481,00";"1481,00";
2013;"BVZ Burgenländische Volkszeitung GmbH";"Refundierung für die Gratisverteilung an Schulen - Wochenzeitungen";;BVZ;"§ 11 Abs.2 Z 2 PresseFG 2004";abgeschlossen;"385,00";"192,50";"192,50";
2013;"Die Furche ZeitschriftenbetriebsgesmbH & Co KG";"Refundierung für die Gratisverteilung an Schulen - Wochenzeitungen";;"Die Furche";"§ 11 Abs.2 Z 2 PresseFG 2004";abgeschlossen;"9513,00";"4756,50";"4756,50";
2013;"Diözese Innsbruck Bischöfliches Ordinariat";"Refundierung für die Gratisverteilung an Schulen - Wochenzeitungen";;"Tiroler Sonntag - Kirchenzeitung der Diözese Innsbruck";"§ 11 Abs.2 Z 2 PresseFG 2004";abgeschlossen;"211,00";"105,50";"105,50";
2013;"Falter Zeitschriftengesellschaft m.b.H.";"Refundierung für die Gratisverteilung an Schulen - Wochenzeitungen";;Falter;"§ 11 Abs.2 Z 2 PresseFG 2004";abgeschlossen;"1694,00";"847,00";"847,00";
2013;"Kirchenzeitung der Diözese Linz";"Refundierung für die Gratisverteilung an Schulen - Wochenzeitungen";;"Kirchenzeitung der Diözese Linz";"§ 11 Abs.2 Z 2 PresseFG 2004";abgeschlossen;"463,00";"231,50";"231,50";
2013;"Kroatischer Presseverein";"Refundierung für die Gratisverteilung an Schulen - Wochenzeitungen";;"Hrvatske Novine";"§ 11 Abs.2 Z 2 PresseFG 2004";abgeschlossen;"79,00";"39,50";"39,50";
2013;"Murtaler Zeitung GmbH";"Refundierung für die Gratisverteilung an Schulen - Wochenzeitungen";;"Murtaler Zeitung";"§ 11 Abs.2 Z 2 PresseFG 2004";abgeschlossen;"93,00";"46,50";"46,50";
2013;"Niederösterreichisches Pressehaus Druck- und Verlagsges.m.b.H.";"Refundierung für die Gratisverteilung an Schulen - Wochenzeitungen";;NÖN;"§ 11 Abs.2 Z 2 PresseFG 2004";abgeschlossen;"2845,00";"1422,50";"1422,50";
2013;"Osttiroler Bote Medienunternehmen Ges.m.b.H.";"Refundierung für die Gratisverteilung an Schulen - Wochenzeitungen";;"Osttiroler Bote";"§ 11 Abs.2 Z 2 PresseFG 2004";abgeschlossen;"62,00";"31,00";"31,00";
2013;"Verlagsgruppe NEWS Gesellschaft m.b.H.";"Refundierung für die Gratisverteilung an Schulen - Wochenzeitungen";;Format;"§ 11 Abs.2 Z 2 PresseFG 2004";abgeschlossen;"1495,00";"747,50";"747,50";
2013;"Verlagsgruppe NEWS Gesellschaft m.b.H.";"Refundierung für die Gratisverteilung an Schulen - Wochenzeitungen";;Profil;"§ 11 Abs.2 Z 2 PresseFG 2004";abgeschlossen;"8543,00";"4271,50";"4271,50";
2013;"Verlagsgruppe NEWS Gesellschaft m.b.H.";"Refundierung für die Gratisverteilung an Schulen - Wochenzeitungen";;NEWS;"§ 11 Abs.2 Z 2 PresseFG 2004";abgeschlossen;"3656,00";"1828,00";"1828,00";
2013;"Die Presse Verlags-Gesellschaft m.b.H. & Co KG";"Vertriebsförderung von Tageszeitungen";;"Die Presse";"Abschnitt II PresseFG 2004";abgeschlossen;"129101,60";"64550,80";"64550,80";
2013;"Kleine Zeitung GmbH & Co KG";"Vertriebsförderung von Tageszeitungen";;"Kleine Zeitung Steiermark und Kärnten";"Abschnitt II PresseFG 2004";abgeschlossen;"161376,90";"80688,45";"80688,45";
2013;"Kärntner Tageszeitungsges.m.b.H";"Vertriebsförderung von Tageszeitungen";;"Kärntner Tageszeitung";"Abschnitt II PresseFG 2004";abgeschlossen;"161376,90";"80688,45";"80688,45";
2013;"Mediaprint Zeitungs- und Zeitschriftenverlag Ges.m.b.H & Co KG";"Vertriebsförderung von Tageszeitungen";;Kurier;"Abschnitt II PresseFG 2004";abgeschlossen;"129101,60";"64550,80";"64550,80";
2013;"Mediaprint Zeitungs- und Zeitschriftenverlag Ges.m.b.H & Co KG";"Vertriebsförderung von Tageszeitungen";;"Neue Kronenzeitung";"Abschnitt II PresseFG 2004";abgeschlossen;"161376,90";"80688,45";"80688,45";
2013;"NEUE Zeitungs GmbH";"Vertriebsförderung von Tageszeitungen";;"Neue Vorarlberger Tageszeitung";"Abschnitt II PresseFG 2004";abgeschlossen;"129101,60";"64550,80";"64550,80";
2013;"OÖ Media Data Vertriebs- und Verlagsges.m.b.H.";"Vertriebsförderung von Tageszeitungen";;"Neues Volksblatt";"Abschnitt II PresseFG 2004";abgeschlossen;"161376,90";"80688,45";"80688,45";
2013;"OÖN Redaktion GmbH & CO KG";"Vertriebsförderung von Tageszeitungen";;"OÖ Nachrichten";"Abschnitt II PresseFG 2004";abgeschlossen;"161376,90";"80688,45";"80688,45";
2013;"Russmedia Verlag GmbH";"Vertriebsförderung von Tageszeitungen";;"Vorarlberger Nachrichten";"Abschnitt II PresseFG 2004";abgeschlossen;"161376,90";"80688,45";"80688,45";
2013;"Salzburger Nachrichten Verlagsges.m.b.H. & Co KG";"Vertriebsförderung von Tageszeitungen";;"Salzburger Nachrichten";"Abschnitt II PresseFG 2004";abgeschlossen;"161376,90";"80688,45";"80688,45";
2013;"Salzburger Volkszeitung GmbH & Co KG";"Vertriebsförderung von Tageszeitungen";;"SVZ Salzburger Volkszeitung";"Abschnitt II PresseFG 2004";abgeschlossen;"161376,90";"80688,45";"80688,45";
2013;"Schlüsselverlag J. S. Moser GmbH.";"Vertriebsförderung von Tageszeitungen";;"Tiroler Tageszeitung";"Abschnitt II PresseFG 2004";abgeschlossen;"161376,90";"80688,45";"80688,45";
2013;"Standard Verlagsgesellschaft m.b.H.";"Vertriebsförderung von Tageszeitungen";;"Der Standard";"Abschnitt II PresseFG 2004";abgeschlossen;"161376,90";"80688,45";"80688,45";
2013;"WirtschaftsBlatt Medien GmbH";"Vertriebsförderung von Tageszeitungen";;WirtschaftsBlatt;"Abschnitt II PresseFG 2004";abgeschlossen;"96826,20";"48413,10";"48413,10";
2013;"A.B.C. Werbeagentur Ges.m.b.H.";"Vertriebsförderung von Wochenzeitungen";;"Kärntner Nachrichten";"Abschnitt II PresseFG 2004";abgeschlossen;"45741,10";"22870,55";"22870,55";
2013;"Agrar Media Verlagsgesellschaft mbH.";"Vertriebsförderung von Wochenzeitungen";;"Österreichische BauernZeitung (Bauernbündler)";"Abschnitt II PresseFG 2004";abgeschlossen;"79414,30";"39707,15";"39707,15";
2013;"Bischöfliches Ordinariat, Diözese Graz-Seckau";"Vertriebsförderung von Wochenzeitungen";;"Sonntagsblatt für Steiermark";"Abschnitt II PresseFG 2004";abgeschlossen;"79414,30";"39707,15";"39707,15";
2013;"Bischöfliches Seelsorgeamt";"Vertriebsförderung von Wochenzeitungen";;"Nedelja  Slowenische Kirchenzeitung der Diözese Gurk";"Abschnitt II PresseFG 2004";abgeschlossen;"14751,30";"7375,65";"7375,65";
2013;"BVZ Burgenländische Volkszeitung GmbH";"Vertriebsförderung von Wochenzeitungen";;BVZ;"Abschnitt II PresseFG 2004";abgeschlossen;"45266,20";"22633,10";"22633,10";
2013;"Die Furche ZeitschriftenbetriebsgesmbH & Co KG";"Vertriebsförderung von Wochenzeitungen";;"Die Furche";"Abschnitt II PresseFG 2004";abgeschlossen;"72796,50";"36398,25";"36398,25";
2013;"Die ganze Woche Ges.m.b.H.";"Vertriebsförderung von Wochenzeitungen";;"Die ganze Woche";"Abschnitt II PresseFG 2004";abgeschlossen;"79414,30";"39707,15";"39707,15";
2013;"Diözese Eisenstadt - Bischöfliches Ordinariat Generalvikar Mag. Georg Lang";"Vertriebsförderung von Wochenzeitungen";;"martinus - Kirchenzeitung der Diözese Eisenstadt (vormals: Eisenstädter Kirchenzeitung)";"Abschnitt II PresseFG 2004";abgeschlossen;"69487,50";"34743,75";"34743,75";
2013;"Diözese Eisenstadt, Kroatische Sektion des Pastoralamtes";"Vertriebsförderung von Wochenzeitungen";;"GLASNIK  Crikvene novine Zeljezanske biskupije";"Abschnitt II PresseFG 2004";abgeschlossen;"6695,70";"3347,85";"3347,85";
2013;"Diözese Feldkirch";"Vertriebsförderung von Wochenzeitungen";;KirchenBlatt;"Abschnitt II PresseFG 2004";abgeschlossen;"62947,50";"31473,75";"31473,75";
2013;"Diözese Innsbruck Bischöfliches Ordinariat";"Vertriebsförderung von Wochenzeitungen";;"Tiroler Sonntag - Kirchenzeitung der Diözese Innsbruck";"Abschnitt II PresseFG 2004";abgeschlossen;"75443,60";"37721,80";"37721,80";
2013;"Falter Zeitschriftengesellschaft m.b.H.";"Vertriebsförderung von Wochenzeitungen";;Falter;"Abschnitt II PresseFG 2004";abgeschlossen;"73964,30";"36982,15";"36982,15";
2013;"Freiheitliche Partei Österreichs (FPÖ)";"Vertriebsförderung von Wochenzeitungen";;"Neue Freie Zeitung";"Abschnitt II PresseFG 2004";abgeschlossen;"42821,50";"21410,75";"21410,75";
2013;"Grasl Druck & Neue Medien GmbH";"Vertriebsförderung von Wochenzeitungen";;"Badener Zeitung";"Abschnitt II PresseFG 2004";abgeschlossen;"8550,20";"4275,10";"4275,10";
2013;"Kirchenblatt für die Diözese St. Pölten";"Vertriebsförderung von Wochenzeitungen";;"Kirche bunt  St. Pöltner Kirchenzeitung";"Abschnitt II PresseFG 2004";abgeschlossen;"80971,50";"40485,75";"40485,75";
2013;"Kirchenzeitung der Diözese Linz";"Vertriebsförderung von Wochenzeitungen";;"Kirchenzeitung der Diözese Linz";"Abschnitt II PresseFG 2004";abgeschlossen;"79414,30";"39707,15";"39707,15";
2013;"Kitzbüheler Anzeiger Ges.m.b.H.";"Vertriebsförderung von Wochenzeitungen";;"Kitzbüheler Anzeiger";"Abschnitt II PresseFG 2004";abgeschlossen;"8550,20";"4275,10";"4275,10";
2013;"Kroatischer Presseverein";"Vertriebsförderung von Wochenzeitungen";;"Hrvatske Novine";"Abschnitt II PresseFG 2004";abgeschlossen;"9342,90";"4671,45";"4671,45";
2013;"Mediengruppe ÖSTERREICH GmbH";"Vertriebsförderung von Wochenzeitungen";;"Madonna mit ÖSTERREICH";"Abschnitt II PresseFG 2004";abgelehnt;",00";",00";",00";
2013;"Murtaler Zeitung GmbH";"Vertriebsförderung von Wochenzeitungen";;"Murtaler Zeitung";"Abschnitt II PresseFG 2004";abgeschlossen;"6840,20";"3420,10";"3420,10";
2013;"Neues Land Medien GesmbH";"Vertriebsförderung von Wochenzeitungen";;"Neues Land";"Abschnitt II PresseFG 2004";abgeschlossen;"79414,30";"39707,15";"39707,15";
2013;"Niederösterreichisches Pressehaus Druck- und Verlagsges.m.b.H.";"Vertriebsförderung von Wochenzeitungen";;NÖN;"Abschnitt II PresseFG 2004";abgeschlossen;"63531,50";"31765,75";"31765,75";
2013;"Ordinariat der Erzdiözese Salzburg";"Vertriebsförderung von Wochenzeitungen";;"Rupertusblatt - Wochenzeitung der Erzdiözese Salzburg";"Abschnitt II PresseFG 2004";abgeschlossen;"69487,50";"34743,75";"34743,75";
2013;"Osttiroler Bote Medienunternehmen Ges.m.b.H.";"Vertriebsförderung von Wochenzeitungen";;"Osttiroler Bote";"Abschnitt II PresseFG 2004";abgeschlossen;"8550,20";"4275,10";"4275,10";
2013;"Raiffeisen Media GmbH";"Vertriebsförderung von Wochenzeitungen";;Raiffeisenzeitung;"Abschnitt II PresseFG 2004";abgeschlossen;"71628,60";"35814,30";"35814,30";
2013;"Salzburger Woche Verlags GesmbH";"Vertriebsförderung von Wochenzeitungen";;"Salzburger Woche";"Abschnitt II PresseFG 2004";abgeschlossen;"79414,30";"39707,15";"39707,15";
2013;"Seelsorgeamt der Diözese Gurk";"Vertriebsförderung von Wochenzeitungen";;"Der Sonntag - Kärntner Kirchenzeitung";"Abschnitt II PresseFG 2004";abgeschlossen;"45741,10";"22870,55";"22870,55";
2013;"Slomedia GmbH";"Vertriebsförderung von Wochenzeitungen";;NOVICE;"Abschnitt II PresseFG 2004";abgeschlossen;"27250,00";"13625,00";"13625,00";
2013;"Sportzeitung Verlags-GmbH";"Vertriebsförderung von Wochenzeitungen";;Sportzeitung;"Abschnitt II PresseFG 2004";abgeschlossen;"21508,10";"10754,05";"10754,05";
2013;"Styria Multi Media Men GmbH & Co KG";"Vertriebsförderung von Wochenzeitungen";;Sportwoche;"Abschnitt II PresseFG 2004";abgeschlossen;"21838,90";"10919,45";"10919,45";
2013;"Unterkärntner Nachrichten Verlags GmbH";"Vertriebsförderung von Wochenzeitungen";;"Unterkärntner Nachrichten";"Abschnitt II PresseFG 2004";abgeschlossen;"8550,20";"4275,10";"4275,10";
2013;"Verlagsgruppe NEWS Gesellschaft m.b.H.";"Vertriebsförderung von Wochenzeitungen";;NEWS;"Abschnitt II PresseFG 2004";abgeschlossen;"47648,60";"23824,30";"23824,30";
2013;"Verlagsgruppe NEWS Gesellschaft m.b.H.";"Vertriebsförderung von Wochenzeitungen";;Format;"Abschnitt II PresseFG 2004";abgeschlossen;"31142,90";"15571,45";"15571,45";
2013;"Verlagsgruppe NEWS Gesellschaft m.b.H.";"Vertriebsförderung von Wochenzeitungen";;Profil;"Abschnitt II PresseFG 2004";abgeschlossen;"64777,20";"32388,60";"32388,60";
2013;"Verlagsgruppe NEWS Gesellschaft m.b.H.";"Vertriebsförderung von Wochenzeitungen";;"tv media";"Abschnitt II PresseFG 2004";abgeschlossen;"80971,50";"40485,75";"40485,75";
2013;"W 3 Verlagsges.m.b.H.";"Vertriebsförderung von Wochenzeitungen";;"Zur Zeit - Die Wochenzeitung für Österreich";"Abschnitt II PresseFG 2004";abgeschlossen;"45780,00";"22890,00";"22890,00";
2013;"Wallig Ennstaler Druckerei und Verlag GmbH";"Vertriebsförderung von Wochenzeitungen";;"Der Ennstaler";"Abschnitt II PresseFG 2004";abgeschlossen;"8550,20";"4275,10";"4275,10";
2013;"Wiener Dom-Verlag Ges.m.b.H.";"Vertriebsförderung von Wochenzeitungen";;"Der Sonntag";"Abschnitt II PresseFG 2004";abgeschlossen;"69487,50";"34743,75";"34743,75";
2013;"Verein zur Förderung der Nutzung von Zeitungen in der Schule";"Zuschuss an Vereinigungen zur Leseförderungen";;"Verein Zeitung in der Schule";"§ 11 Abs.2 Z 1 PresseFG 2004";abgeschlossen;"256485,00";"128242,50";"128242,50";
2013;"Die Presse Verlags-Gesellschaft m.b.H. & Co KG";"Zuschuss zu den Kosten angestellter Auslandskorrespondenten";;"Die Presse";"§ 11 Abs.1 PresseFG 2004";abgeschlossen;"40000,00";"20000,00";"20000,00";
2013;"Kleine Zeitung GmbH & Co KG";"Zuschuss zu den Kosten angestellter Auslandskorrespondenten";;"Kleine Zeitung Steiermark und Kärnten";"§ 11 Abs.1 PresseFG 2004";abgeschlossen;"40000,00";"20000,00";"20000,00";
2013;"Mediaprint Zeitungs- und Zeitschriftenverlag Ges.m.b.H & Co KG";"Zuschuss zu den Kosten angestellter Auslandskorrespondenten";;Kurier;"§ 11 Abs.1 PresseFG 2004";abgeschlossen;"40000,00";"20000,00";"20000,00";
2013;"Salzburger Nachrichten Verlagsges.m.b.H. & Co KG";"Zuschuss zu den Kosten angestellter Auslandskorrespondenten";;"Salzburger Nachrichten";"§ 11 Abs.1 PresseFG 2004";abgeschlossen;"40000,00";"20000,00";"20000,00";
2013;"Standard Verlagsgesellschaft m.b.H.";"Zuschuss zu den Kosten angestellter Auslandskorrespondenten";;"Der Standard";"§ 11 Abs.1 PresseFG 2004";abgeschlossen;"40000,00";"20000,00";"20000,00";
2013;"WirtschaftsBlatt Medien GmbH";"Zuschuss zu den Kosten angestellter Auslandskorrespondenten";;WirtschaftsBlatt;"§ 11 Abs.1 PresseFG 2004";abgeschlossen;"40000,00";"20000,00";"20000,00";
2013;"Die Presse Verlags-Gesellschaft m.b.H. & Co KG";"Zuschuss zu den Kosten der redaktionsinternen Ausbildung von Nachwuchsjournalisten - Tageszeitungen";;"Die Presse";"§ 10 Abs.1 PresseFG 2004";abgeschlossen;"20000,00";"10000,00";"10000,00";
2013;"Kleine Zeitung GmbH & Co KG";"Zuschuss zu den Kosten der redaktionsinternen Ausbildung von Nachwuchsjournalisten - Tageszeitungen";;"Kleine Zeitung Steiermark und Kärnten";"§ 10 Abs.1 PresseFG 2004";abgeschlossen;"20000,00";"10000,00";"10000,00";
2013;"Kärntner Tageszeitungsges.m.b.H";"Zuschuss zu den Kosten der redaktionsinternen Ausbildung von Nachwuchsjournalisten - Tageszeitungen";;"Kärntner Tageszeitung";"§ 10 Abs.1 PresseFG 2004";abgeschlossen;"5000,00";"2500,00";"2500,00";
2013;"Mediaprint Zeitungs- und Zeitschriftenverlag Ges.m.b.H & Co KG";"Zuschuss zu den Kosten der redaktionsinternen Ausbildung von Nachwuchsjournalisten - Tageszeitungen";;"Neue Kronenzeitung";"§ 10 Abs.1 PresseFG 2004";abgeschlossen;"20000,00";"10000,00";"10000,00";
2013;"Mediaprint Zeitungs- und Zeitschriftenverlag Ges.m.b.H & Co KG";"Zuschuss zu den Kosten der redaktionsinternen Ausbildung von Nachwuchsjournalisten - Tageszeitungen";;Kurier;"§ 10 Abs.1 PresseFG 2004";abgeschlossen;"19902,00";"9951,00";"9951,00";
2013;"NEUE Zeitungs GmbH";"Zuschuss zu den Kosten der redaktionsinternen Ausbildung von Nachwuchsjournalisten - Tageszeitungen";;"Neue Vorarlberger Tageszeitung";"§ 10 Abs.1 PresseFG 2004";abgeschlossen;"3000,00";"1500,00";"1500,00";
2013;"OÖ Media Data Vertriebs- und Verlagsges.m.b.H.";"Zuschuss zu den Kosten der redaktionsinternen Ausbildung von Nachwuchsjournalisten - Tageszeitungen";;"Neues Volksblatt";"§ 10 Abs.1 PresseFG 2004";abgeschlossen;"20000,00";"10000,00";"10000,00";
2013;"OÖN Redaktion GmbH & CO KG";"Zuschuss zu den Kosten der redaktionsinternen Ausbildung von Nachwuchsjournalisten - Tageszeitungen";;"OÖ Nachrichten";"§ 10 Abs.1 PresseFG 2004";abgeschlossen;"20000,00";"10000,00";"10000,00";
2013;"Russmedia Verlag GmbH";"Zuschuss zu den Kosten der redaktionsinternen Ausbildung von Nachwuchsjournalisten - Tageszeitungen";;"Vorarlberger Nachrichten";"§ 10 Abs.1 PresseFG 2004";abgeschlossen;"3500,00";"1750,00";"1750,00";
2013;"Salzburger Nachrichten Verlagsges.m.b.H. & Co KG";"Zuschuss zu den Kosten der redaktionsinternen Ausbildung von Nachwuchsjournalisten - Tageszeitungen";;"Salzburger Nachrichten";"§ 10 Abs.1 PresseFG 2004";abgeschlossen;"10500,00";"5250,00";"5250,00";
2013;"Salzburger Volkszeitung GmbH & Co KG";"Zuschuss zu den Kosten der redaktionsinternen Ausbildung von Nachwuchsjournalisten - Tageszeitungen";;"SVZ Salzburger Volkszeitung";"§ 10 Abs.1 PresseFG 2004";abgeschlossen;"20000,00";"10000,00";"10000,00";
2013;"Standard Verlagsgesellschaft m.b.H.";"Zuschuss zu den Kosten der redaktionsinternen Ausbildung von Nachwuchsjournalisten - Tageszeitungen";;"Der Standard";"§ 10 Abs.1 PresseFG 2004";abgeschlossen;"17964,00";"8982,00";"8982,00";
2013;"BVZ Burgenländische Volkszeitung GmbH";"Zuschuss zu den Kosten der redaktionsinternen Ausbildung von Nachwuchsjournalisten - Wochenzeitungen";;BVZ;"§ 10 Abs.1 PresseFG 2004";abgelehnt;",00";",00";",00";
2013;"Falter Zeitschriftengesellschaft m.b.H.";"Zuschuss zu den Kosten der redaktionsinternen Ausbildung von Nachwuchsjournalisten - Wochenzeitungen";;Falter;"§ 10 Abs.1 PresseFG 2004";abgeschlossen;"20000,00";"10000,00";"10000,00";
2013;"Niederösterreichisches Pressehaus Druck- und Verlagsges.m.b.H.";"Zuschuss zu den Kosten der redaktionsinternen Ausbildung von Nachwuchsjournalisten - Wochenzeitungen";;NÖN;"§ 10 Abs.1 PresseFG 2004";abgeschlossen;"20000,00";"10000,00";"10000,00";
2013;"Salzburger Woche Verlags GesmbH";"Zuschuss zu den Kosten der redaktionsinternen Ausbildung von Nachwuchsjournalisten - Wochenzeitungen";;"Salzburger Woche";"§ 10 Abs.1 PresseFG 2004";abgeschlossen;"13000,00";"6500,00";"6500,00";
2013;"Verlagsgruppe NEWS Gesellschaft m.b.H.";"Zuschuss zu den Kosten der redaktionsinternen Ausbildung von Nachwuchsjournalisten - Wochenzeitungen";;"tv media";"§ 10 Abs.1 PresseFG 2004";abgeschlossen;"20000,00";"10000,00";"10000,00";
2013;"Verlagsgruppe NEWS Gesellschaft m.b.H.";"Zuschuss zu den Kosten der redaktionsinternen Ausbildung von Nachwuchsjournalisten - Wochenzeitungen";;NEWS;"§ 10 Abs.1 PresseFG 2004";abgeschlossen;"17214,00";"8607,00";"8607,00";
2013;"fjum- forum journalismus und medien wien";"Zuschuss zu Forschungsprojekten";;"Erste Hilfe für Freie";"§ 11 Abs.3 PresseFG 2004";abgelehnt;",00";",00";",00";
2013;"Medienhaus Wien - Forschung und Weiterbildung GmbH";"Zuschuss zu Forschungsprojekten";;"Publizisitk.net: Aus- und Weiterbildungswege für JournalistInnen in Österreich, Deutschland und der Schweiz";"§ 11 Abs.3 PresseFG 2004";abgeschlossen;"18000,00";"9000,00";"9000,00";
2014;"Die Presse Verlags-Gesellschaft m.b.H. & Co KG";"Besondere Förderung zur Erhaltung der regionalen Vielfalt der Tageszeitungen";;"Die Presse";"Abschnitt III PresseFG 2004";abgeschlossen;"764569,00";"382284,50";"382284,50";
2014;"NEUE Zeitungs GmbH";"Besondere Förderung zur Erhaltung der regionalen Vielfalt der Tageszeitungen";;"Neue Vorarlberger Tageszeitung";"Abschnitt III PresseFG 2004";abgeschlossen;"598387,00";"299193,50";"299193,50";
2014;"OÖ Media Data Vertriebs- und Verlagsges.m.b.H.";"Besondere Förderung zur Erhaltung der regionalen Vielfalt der Tageszeitungen";;"Neues Volksblatt";"Abschnitt III PresseFG 2004";abgeschlossen;"610199,00";"305099,50";"305099,50";
2014;"Salzburger Volkszeitung GmbH & Co KG";"Besondere Förderung zur Erhaltung der regionalen Vielfalt der Tageszeitungen";;"SVZ Salzburger Volkszeitung";"Abschnitt III PresseFG 2004";abgelehnt;",00";",00";",00";
2014;"Standard Verlagsgesellschaft m.b.H.";"Besondere Förderung zur Erhaltung der regionalen Vielfalt der Tageszeitungen";;"Der Standard";"Abschnitt III PresseFG 2004";abgeschlossen;"725706,00";"362853,00";"362853,00";
2014;"WirtschaftsBlatt Medien GmbH";"Besondere Förderung zur Erhaltung der regionalen Vielfalt der Tageszeitungen";;WirtschaftsBlatt;"Abschnitt III PresseFG 2004";abgeschlossen;"543139,00";"271569,50";"271569,50";
2014;"fjum- forum journalismus und medien wien";"Förderung von Vereinigungen der Journalistenausbildung";;"fjum - forum journalismus und medien wien";"§ 10 Abs.2 PresseFG 2004";abgeschlossen;"47966,00";"23983,00";"23983,00";
2014;"Friedrich Austerlitz-Institut für JournalistInnenausbildung";"Förderung von Vereinigungen der Journalistenausbildung";;"Friedrich Austerlitz-Institut für JournalistInnenausbildung";"§ 10 Abs.2 PresseFG 2004";abgeschlossen;"9018,00";"4509,00";"4509,00";
2014;"Friedrich Funder Institut für Publizistik, Medienforschung und Journalistenausbildung";"Förderung von Vereinigungen der Journalistenausbildung";;"Friedrich Funder Institut für Publizistik, Medienforschung und Journalistenausbildung";"§ 10 Abs.2 PresseFG 2004";abgeschlossen;"21830,00";"10915,00";"10915,00";
2014;"GESPU - Gesellschaft für Publizistik und Medienforschung";"Förderung von Vereinigungen der Journalistenausbildung";;"GESPU - Gesellschaft für Publizistik und Medienforschung";"§ 10 Abs.2 PresseFG 2004";abgeschlossen;"5237,00";"2618,50";"2618,50";
2014;"Katholische Medien Akademie";"Förderung von Vereinigungen der Journalistenausbildung";;"Katholische Medien Akademie";"§ 10 Abs.2 PresseFG 2004";abgeschlossen;"40668,00";"20334,00";"20334,00";
2014;"M-MEDIA, Verein zur Förderung interkultureller Medienarbeit";"Förderung von Vereinigungen der Journalistenausbildung";;"M-MEDIA, Verein zur Förderung interkultureller Medienarbeit";"§ 10 Abs.2 PresseFG 2004";abgelehnt;",00";",00";",00";
2014;"OÖ Journalistenakademie";"Förderung von Vereinigungen der Journalistenausbildung";;"OÖ Journalistenakademie";"§ 10 Abs.2 PresseFG 2004";abgeschlossen;"57801,00";"28900,50";"28900,50";
2014;"Österreichische Medienakademie - Kuratorium für Journalistenausbildung";"Förderung von Vereinigungen der Journalistenausbildung";;"Österreichische Medienakademie - Kuratorium für Journalistenausbildung";"§ 10 Abs.2 PresseFG 2004";abgeschlossen;"425880,00";"212940,00";"212940,00";
2014;"AIZ - Agrarisches Informationszentrum";"Förderung von Vereinigungen, deren Hauptaufgabe die Veranstaltung oder Durchführung von Pressekonferenzen ist";;"aiz.info - Agrarisches Informationszentrum (AIZ). Der Presse- und Informationsdienst der Landwirtschaft";"§ 11 Abs.4 PresseFG 2004";abgelehnt;",00";",00";",00";
2014;"Klub der Wirtschaftspublizisten";"Förderung von Vereinigungen, deren Hauptaufgabe die Veranstaltung oder Durchführung von Pressekonferenzen ist";;"Klub der Wirtschaftspublizisten";"§ 11 Abs.4 PresseFG 2004";abgeschlossen;"3744,00";"1872,00";"1872,00";
2014;"Oberösterreichischer Presseclub";"Förderung von Vereinigungen, deren Hauptaufgabe die Veranstaltung oder Durchführung von Pressekonferenzen ist";;"Oberösterreichischer Presseclub";"§ 11 Abs.4 PresseFG 2004";abgeschlossen;"8424,00";"4212,00";"4212,00";
2014;"Presseclub Concordia";"Förderung von Vereinigungen, deren Hauptaufgabe die Veranstaltung oder Durchführung von Pressekonferenzen ist";;"Presseclub Concordia";"§ 11 Abs.4 PresseFG 2004";abgeschlossen;"23400,00";"11700,00";"11700,00";
2014;"Steirischer Presseclub";"Förderung von Vereinigungen, deren Hauptaufgabe die Veranstaltung oder Durchführung von Pressekonferenzen ist";;"Steirischer Presseclub";"§ 11 Abs.4 PresseFG 2004";abgeschlossen;"7020,00";"3510,00";"3510,00";
2014;"Verband der Agrarjournalisten und -publizisten in Österreich (VAÖ)";"Förderung von Vereinigungen, deren Hauptaufgabe die Veranstaltung oder Durchführung von Pressekonferenzen ist";;"Verband der Agrarjournalisten und -publizisten in Österreich (VAÖ)";"§ 11 Abs.4 PresseFG 2004";abgeschlossen;"936,00";"468,00";"468,00";
2014;"Verband der Auslandspresse Wien";"Förderung von Vereinigungen, deren Hauptaufgabe die Veranstaltung oder Durchführung von Pressekonferenzen ist";;"Verband der Auslandspresse Wien";"§ 11 Abs.4 PresseFG 2004";abgeschlossen;"3276,00";"1638,00";"1638,00";
2014;"Die Presse Verlags-Gesellschaft m.b.H. & Co KG";"Refundierung für die Gratisverteilung an Schulen - Tageszeitungen";;"Die Presse";"§ 11 Abs.2 Z 2 PresseFG 2004";abgeschlossen;"22438,00";"11219,00";"11219,00";
2014;"Kleine Zeitung GmbH & Co KG";"Refundierung für die Gratisverteilung an Schulen - Tageszeitungen";;"Kleine Zeitung Steiermark und Kärnten";"§ 11 Abs.2 Z 2 PresseFG 2004";abgeschlossen;"10837,00";"5418,50";"5418,50";
2014;"Mediaprint Zeitungs- und Zeitschriftenverlag Ges.m.b.H & Co KG";"Refundierung für die Gratisverteilung an Schulen - Tageszeitungen";;Kurier;"§ 11 Abs.2 Z 2 PresseFG 2004";abgeschlossen;"11857,00";"5928,50";"5928,50";
2014;"Mediaprint Zeitungs- und Zeitschriftenverlag Ges.m.b.H & Co KG";"Refundierung für die Gratisverteilung an Schulen - Tageszeitungen";;"Neue Kronenzeitung";"§ 11 Abs.2 Z 2 PresseFG 2004";abgeschlossen;"10550,00";"5275,00";"5275,00";
2014;"NEUE Zeitungs GmbH";"Refundierung für die Gratisverteilung an Schulen - Tageszeitungen";;"Neue Vorarlberger Tageszeitung";"§ 11 Abs.2 Z 2 PresseFG 2004";abgeschlossen;"176,00";"88,00";"88,00";
2014;"OÖ Media Data Vertriebs- und Verlagsges.m.b.H.";"Refundierung für die Gratisverteilung an Schulen - Tageszeitungen";;"Neues Volksblatt";"§ 11 Abs.2 Z 2 PresseFG 2004";abgeschlossen;"945,00";"472,50";"472,50";
2014;"OÖN Redaktion GmbH & CO KG";"Refundierung für die Gratisverteilung an Schulen - Tageszeitungen";;"OÖ Nachrichten";"§ 11 Abs.2 Z 2 PresseFG 2004";abgeschlossen;"12796,00";"6398,00";"6398,00";
2014;"Russmedia Verlag GmbH";"Refundierung für die Gratisverteilung an Schulen - Tageszeitungen";;"Vorarlberger Nachrichten";"§ 11 Abs.2 Z 2 PresseFG 2004";abgeschlossen;"6626,00";"3313,00";"3313,00";
2014;"Salzburger Nachrichten Verlagsges.m.b.H. & Co KG";"Refundierung für die Gratisverteilung an Schulen - Tageszeitungen";;"Salzburger Nachrichten";"§ 11 Abs.2 Z 2 PresseFG 2004";abgeschlossen;"16100,00";"8050,00";"8050,00";
2014;"Salzburger Volkszeitung GmbH & Co KG";"Refundierung für die Gratisverteilung an Schulen - Tageszeitungen";;"SVZ Salzburger Volkszeitung";"§ 11 Abs.2 Z 2 PresseFG 2004";abgelehnt;",00";",00";",00";
2014;"Schlüsselverlag J. S. Moser GmbH.";"Refundierung für die Gratisverteilung an Schulen - Tageszeitungen";;"Tiroler Tageszeitung";"§ 11 Abs.2 Z 2 PresseFG 2004";abgeschlossen;"14774,00";"7387,00";"7387,00";
2014;"Standard Verlagsgesellschaft m.b.H.";"Refundierung für die Gratisverteilung an Schulen - Tageszeitungen";;"Der Standard";"§ 11 Abs.2 Z 2 PresseFG 2004";abgeschlossen;"21650,00";"10825,00";"10825,00";
2014;"WirtschaftsBlatt Medien GmbH";"Refundierung für die Gratisverteilung an Schulen - Tageszeitungen";;WirtschaftsBlatt;"§ 11 Abs.2 Z 2 PresseFG 2004";abgeschlossen;"4754,00";"2377,00";"2377,00";
2014;"BVZ Burgenländische Volkszeitung GmbH";"Refundierung für die Gratisverteilung an Schulen - Wochenzeitungen";;BVZ;"§ 11 Abs.2 Z 2 PresseFG 2004";abgeschlossen;"343,00";"171,50";"171,50";
2014;"Die Furche ZeitschriftenbetriebsgesmbH & Co KG";"Refundierung für die Gratisverteilung an Schulen - Wochenzeitungen";;"Die Furche";"§ 11 Abs.2 Z 2 PresseFG 2004";abgeschlossen;"15591,00";"7795,50";"7795,50";
2014;"Diözese Innsbruck Bischöfliches Ordinariat";"Refundierung für die Gratisverteilung an Schulen - Wochenzeitungen";;"Tiroler Sonntag - Kirchenzeitung der Diözese Innsbruck";"§ 11 Abs.2 Z 2 PresseFG 2004";abgeschlossen;"66,00";"33,00";"33,00";
2014;"Falter Zeitschriftengesellschaft m.b.H.";"Refundierung für die Gratisverteilung an Schulen - Wochenzeitungen";;FALTER;"§ 11 Abs.2 Z 2 PresseFG 2004";abgeschlossen;"1419,00";"709,50";"709,50";
2014;"Kirchenzeitung der Diözese Linz";"Refundierung für die Gratisverteilung an Schulen - Wochenzeitungen";;"Kirchenzeitung der Diözese Linz";"§ 11 Abs.2 Z 2 PresseFG 2004";abgeschlossen;"504,00";"252,00";"252,00";
2014;"Kroatischer Presseverein";"Refundierung für die Gratisverteilung an Schulen - Wochenzeitungen";;"Hrvatske Novine";"§ 11 Abs.2 Z 2 PresseFG 2004";abgeschlossen;"576,00";"288,00";"288,00";
2014;"Murtaler Zeitung GmbH";"Refundierung für die Gratisverteilung an Schulen - Wochenzeitungen";;"Murtaler Zeitung";"§ 11 Abs.2 Z 2 PresseFG 2004";abgeschlossen;"155,00";"77,50";"77,50";
2014;"Niederösterreichisches Pressehaus Druck- und Verlagsges.m.b.H.";"Refundierung für die Gratisverteilung an Schulen - Wochenzeitungen";;NÖN;"§ 11 Abs.2 Z 2 PresseFG 2004";abgeschlossen;"1453,00";"726,50";"726,50";
2014;"Osttiroler Bote Medienunternehmen Ges.m.b.H.";"Refundierung für die Gratisverteilung an Schulen - Wochenzeitungen";;"Osttiroler Bote";"§ 11 Abs.2 Z 2 PresseFG 2004";abgeschlossen;"55,00";"27,50";"27,50";
2014;"Verlagsgruppe NEWS Gesellschaft m.b.H.";"Refundierung für die Gratisverteilung an Schulen - Wochenzeitungen";;Profil;"§ 11 Abs.2 Z 2 PresseFG 2004";abgeschlossen;"8606,00";"4303,00";"4303,00";
2014;"Verlagsgruppe NEWS Gesellschaft m.b.H.";"Refundierung für die Gratisverteilung an Schulen - Wochenzeitungen";;Format;"§ 11 Abs.2 Z 2 PresseFG 2004";abgeschlossen;"1399,00";"699,50";"699,50";
2014;"Verlagsgruppe NEWS Gesellschaft m.b.H.";"Refundierung für die Gratisverteilung an Schulen - Wochenzeitungen";;NEWS;"§ 11 Abs.2 Z 2 PresseFG 2004";abgeschlossen;"5136,00";"2568,00";"2568,00";
2014;"Die Presse Verlags-Gesellschaft m.b.H. & Co KG";"Vertriebsförderung von Tageszeitungen";;"Die Presse";"Abschnitt II PresseFG 2004";abgeschlossen;"139860,00";"69930,00";"69930,00";
2014;"Kleine Zeitung GmbH & Co KG";"Vertriebsförderung von Tageszeitungen";;"Kleine Zeitung Steiermark und Kärnten";"Abschnitt II PresseFG 2004";abgeschlossen;"174825,00";"87412,50";"87412,50";
2014;"Mediaprint Zeitungs- und Zeitschriftenverlag Ges.m.b.H & Co KG";"Vertriebsförderung von Tageszeitungen";;"Neue Kronenzeitung";"Abschnitt II PresseFG 2004";abgeschlossen;"174825,00";"87412,50";"87412,50";
2014;"Mediaprint Zeitungs- und Zeitschriftenverlag Ges.m.b.H & Co KG";"Vertriebsförderung von Tageszeitungen";;Kurier;"Abschnitt II PresseFG 2004";abgeschlossen;"139860,00";"69930,00";"69930,00";
2014;"NEUE Zeitungs GmbH";"Vertriebsförderung von Tageszeitungen";;"Neue Vorarlberger Tageszeitung";"Abschnitt II PresseFG 2004";abgeschlossen;"139860,00";"69930,00";"69930,00";
2014;"OÖ Media Data Vertriebs- und Verlagsges.m.b.H.";"Vertriebsförderung von Tageszeitungen";;"Neues Volksblatt";"Abschnitt II PresseFG 2004";abgeschlossen;"174825,00";"87412,50";"87412,50";
2014;"OÖN Redaktion GmbH & CO KG";"Vertriebsförderung von Tageszeitungen";;"OÖ Nachrichten";"Abschnitt II PresseFG 2004";abgeschlossen;"174825,00";"87412,50";"87412,50";
2014;"Russmedia Verlag GmbH";"Vertriebsförderung von Tageszeitungen";;"Vorarlberger Nachrichten";"Abschnitt II PresseFG 2004";abgeschlossen;"174825,00";"87412,50";"87412,50";
2014;"Salzburger Nachrichten Verlagsges.m.b.H. & Co KG";"Vertriebsförderung von Tageszeitungen";;"Salzburger Nachrichten";"Abschnitt II PresseFG 2004";abgeschlossen;"174825,00";"87412,50";"87412,50";
2014;"Salzburger Volkszeitung GmbH & Co KG";"Vertriebsförderung von Tageszeitungen";;"SVZ Salzburger Volkszeitung";"Abschnitt II PresseFG 2004";abgelehnt;",00";",00";",00";
2014;"Schlüsselverlag J. S. Moser GmbH.";"Vertriebsförderung von Tageszeitungen";;"Tiroler Tageszeitung";"Abschnitt II PresseFG 2004";abgeschlossen;"174825,00";"87412,50";"87412,50";
2014;"Standard Verlagsgesellschaft m.b.H.";"Vertriebsförderung von Tageszeitungen";;"Der Standard";"Abschnitt II PresseFG 2004";abgeschlossen;"174825,00";"87412,50";"87412,50";
2014;"WirtschaftsBlatt Medien GmbH";"Vertriebsförderung von Tageszeitungen";;WirtschaftsBlatt;"Abschnitt II PresseFG 2004";abgeschlossen;"104895,00";"52447,50";"52447,50";
2014;"A.B.C. Werbeagentur Ges.m.b.H.";"Vertriebsförderung von Wochenzeitungen";;"Kärntner Nachrichten";"Abschnitt II PresseFG 2004";abgeschlossen;"37578,80";"18789,40";"18789,40";
2014;"Agrar Media Verlagsgesellschaft mbH.";"Vertriebsförderung von Wochenzeitungen";;"Österreichische BauernZeitung (Bauernbündler)";"Abschnitt II PresseFG 2004";abgeschlossen;"80413,40";"40206,70";"40206,70";
2014;"Bischöfliches Ordinariat, Diözese Graz-Seckau";"Vertriebsförderung von Wochenzeitungen";;"Sonntagsblatt für Steiermark";"Abschnitt II PresseFG 2004";abgeschlossen;"81990,20";"40995,10";"40995,10";
2014;"Bischöfliches Seelsorgeamt";"Vertriebsförderung von Wochenzeitungen";;"Nedelja  Slowenische Kirchenzeitung der Diözese Gurk";"Abschnitt II PresseFG 2004";abgeschlossen;"14936,90";"7468,45";"7468,45";
2014;"BVZ Burgenländische Volkszeitung GmbH";"Vertriebsförderung von Wochenzeitungen";;BVZ;"Abschnitt II PresseFG 2004";abgeschlossen;"46734,40";"23367,20";"23367,20";
2014;"Die Furche ZeitschriftenbetriebsgesmbH & Co KG";"Vertriebsförderung von Wochenzeitungen";;"Die Furche";"Abschnitt II PresseFG 2004";abgeschlossen;"70361,80";"35180,90";"35180,90";
2014;"Die ganze Woche Ges.m.b.H.";"Vertriebsförderung von Wochenzeitungen";;"Die ganze Woche";"Abschnitt II PresseFG 2004";abgeschlossen;"80413,40";"40206,70";"40206,70";
2014;"Diözese Eisenstadt - Bischöfliches Ordinariat Generalvikar Mag. Georg Lang";"Vertriebsförderung von Wochenzeitungen";;"martinus - Kirchenzeitung der Diözese Eisenstadt (vormals: Eisenstädter Kirchenzeitung)";"Abschnitt II PresseFG 2004";abgeschlossen;"66341,10";"33170,55";"33170,55";
2014;"Diözese Eisenstadt, Kroatische Sektion des Pastoralamtes";"Vertriebsförderung von Wochenzeitungen";;"GLASNIK  Crikvene novine Zeljezanske biskupije";"Abschnitt II PresseFG 2004";abgeschlossen;"6780,00";"3390,00";"3390,00";
2014;"Diözese Feldkirch";"Vertriebsförderung von Wochenzeitungen";;KirchenBlatt;"Abschnitt II PresseFG 2004";abgeschlossen;"59232,60";"29616,30";"29616,30";
2014;"Diözese Innsbruck Bischöfliches Ordinariat";"Vertriebsförderung von Wochenzeitungen";;"Tiroler Sonntag - Kirchenzeitung der Diözese Innsbruck";"Abschnitt II PresseFG 2004";abgeschlossen;"73712,30";"36856,15";"36856,15";
2014;"Falter Zeitschriftengesellschaft m.b.H.";"Vertriebsförderung von Wochenzeitungen";;Falter;"Abschnitt II PresseFG 2004";abgeschlossen;"78179,70";"39089,85";"39089,85";
2014;"Freiheitliche Partei Österreichs (FPÖ)";"Vertriebsförderung von Wochenzeitungen";;"Neue Freie Zeitung";"Abschnitt II PresseFG 2004";abgeschlossen;"43360,20";"21680,10";"21680,10";
2014;"G. Grasl Gesellschaft m.b.H.";"Vertriebsförderung von Wochenzeitungen";;"Badener Zeitung";"Abschnitt II PresseFG 2004";abgeschlossen;"8550,20";"4275,10";"4275,10";
2014;"Kirchenblatt für die Diözese St. Pölten";"Vertriebsförderung von Wochenzeitungen";;"Kirche bunt  St. Pöltner Kirchenzeitung";"Abschnitt II PresseFG 2004";abgeschlossen;"64330,80";"32165,40";"32165,40";
2014;"Kirchenzeitung der Diözese Linz";"Vertriebsförderung von Wochenzeitungen";;"Kirchenzeitung der Diözese Linz";"Abschnitt II PresseFG 2004";abgeschlossen;"80413,40";"40206,70";"40206,70";
2014;"Kitzbüheler Anzeiger Ges.m.b.H.";"Vertriebsförderung von Wochenzeitungen";;"Kitzbüheler Anzeiger";"Abschnitt II PresseFG 2004";abgeschlossen;"8550,20";"4275,10";"4275,10";
2014;"Kleine Zeitung GmbH & Co KG";"Vertriebsförderung von Wochenzeitungen";;"Kleine Kinderzeitung";"Abschnitt II PresseFG 2004";abgeschlossen;"14353,80";"7176,90";"7176,90";
2014;"Kroatischer Presseverein";"Vertriebsförderung von Wochenzeitungen";;"Hrvatske Novine";"Abschnitt II PresseFG 2004";abgeschlossen;"9460,40";"4730,20";"4730,20";
2014;"Mediengruppe ÖSTERREICH GmbH";"Vertriebsförderung von Wochenzeitungen";;"Madonna mit ÖSTERREICH";"Abschnitt II PresseFG 2004";abgelehnt;",00";",00";",00";
2014;"Murtaler Zeitung GmbH";"Vertriebsförderung von Wochenzeitungen";;"Murtaler Zeitung";"Abschnitt II PresseFG 2004";abgeschlossen;"6840,20";"3420,10";"3420,10";
2014;"Neues Land Medien GesmbH";"Vertriebsförderung von Wochenzeitungen";;"NEUES LAND";"Abschnitt II PresseFG 2004";abgeschlossen;"80413,40";"40206,70";"40206,70";
2014;"Niederösterreichisches Pressehaus Druck- und Verlagsges.m.b.H.";"Vertriebsförderung von Wochenzeitungen";;NÖN;"Abschnitt II PresseFG 2004";abgeschlossen;"80413,40";"40206,70";"40206,70";
2014;"Ordinariat der Erzdiözese Salzburg";"Vertriebsförderung von Wochenzeitungen";;"Rupertusblatt - Wochenzeitung der Erzdiözese Salzburg";"Abschnitt II PresseFG 2004";abgeschlossen;"67602,50";"33801,25";"33801,25";
2014;"Osttiroler Bote Medienunternehmen Ges.m.b.H.";"Vertriebsförderung von Wochenzeitungen";;"Osttiroler Bote";"Abschnitt II PresseFG 2004";abgeschlossen;"8550,20";"4275,10";"4275,10";
2014;"Raiffeisen Media GmbH";"Vertriebsförderung von Wochenzeitungen";;Raiffeisenzeitung;"Abschnitt II PresseFG 2004";abgeschlossen;"72529,80";"36264,90";"36264,90";
2014;"Salzburger Woche Verlags GesmbH";"Vertriebsförderung von Wochenzeitungen";;"Salzburger Woche";"Abschnitt II PresseFG 2004";abgeschlossen;"80413,40";"40206,70";"40206,70";
2014;"Seelsorgeamt der Diözese Gurk";"Vertriebsförderung von Wochenzeitungen";;"Der Sonntag - Kärntner Kirchenzeitung";"Abschnitt II PresseFG 2004";abgeschlossen;"44345,70";"22172,85";"22172,85";
2014;"Slomedia GmbH";"Vertriebsförderung von Wochenzeitungen";;NOVICE;"Abschnitt II PresseFG 2004";abgeschlossen;"27041,00";"13520,50";"13520,50";
2014;"Sportzeitung Verlags-GmbH";"Vertriebsförderung von Wochenzeitungen";;Sportzeitung;"Abschnitt II PresseFG 2004";abgeschlossen;"18447,80";"9223,90";"9223,90";
2014;"Styria Multi Media Men GmbH & Co KG";"Vertriebsförderung von Wochenzeitungen";;Sportwoche;"Abschnitt II PresseFG 2004";abgeschlossen;"21680,10";"10840,05";"10840,05";
2014;"Unterkärntner Nachrichten Verlags GmbH";"Vertriebsförderung von Wochenzeitungen";;"Unterkärntner Nachrichten";"Abschnitt II PresseFG 2004";abgeschlossen;"8550,20";"4275,10";"4275,10";
2014;"Verlagsgruppe NEWS Gesellschaft m.b.H.";"Vertriebsförderung von Wochenzeitungen";;Profil;"Abschnitt II PresseFG 2004";abgeschlossen;"48248,10";"24124,05";"24124,05";
2014;"Verlagsgruppe NEWS Gesellschaft m.b.H.";"Vertriebsförderung von Wochenzeitungen";;NEWS;"Abschnitt II PresseFG 2004";abgeschlossen;"65592,20";"32796,10";"32796,10";
2014;"Verlagsgruppe NEWS Gesellschaft m.b.H.";"Vertriebsförderung von Wochenzeitungen";;"tv media";"Abschnitt II PresseFG 2004";abgeschlossen;"83566,90";"41783,45";"41783,45";
2014;"Verlagsgruppe NEWS Gesellschaft m.b.H.";"Vertriebsförderung von Wochenzeitungen";;Format;"Abschnitt II PresseFG 2004";abgeschlossen;"31534,70";"15767,35";"15767,35";
2014;"W 3 Verlagsges.m.b.H.";"Vertriebsförderung von Wochenzeitungen";;"Zur Zeit - Die Wochenzeitung für Österreich";"Abschnitt II PresseFG 2004";abgeschlossen;"36724,80";"18362,40";"18362,40";
2014;"Wallig Ennstaler Druckerei und Verlag GmbH";"Vertriebsförderung von Wochenzeitungen";;"Der Ennstaler";"Abschnitt II PresseFG 2004";abgeschlossen;"8550,20";"4275,10";"4275,10";
2014;"Wiener Dom-Verlag Ges.m.b.H.";"Vertriebsförderung von Wochenzeitungen";;"Der Sonntag";"Abschnitt II PresseFG 2004";abgeschlossen;"70361,80";"35180,90";"35180,90";
2014;"Verein zur Förderung der Nutzung von Zeitungen in der Schule";"Zuschuss an Vereinigungen zur Leseförderungen";;"Verein Zeitung in der Schule";"§ 11 Abs.2 Z 1 PresseFG 2004";abgeschlossen;"253946,00";"126973,00";"126973,00";
2014;"Die Presse Verlags-Gesellschaft m.b.H. & Co KG";"Zuschuss zu den Kosten angestellter Auslandskorrespondenten";;"Die Presse";"§ 11 Abs.1 PresseFG 2004";abgeschlossen;"40000,00";"20000,00";"20000,00";
2014;"Kleine Zeitung GmbH & Co KG";"Zuschuss zu den Kosten angestellter Auslandskorrespondenten";;"Kleine Zeitung Steiermark und Kärnten";"§ 11 Abs.1 PresseFG 2004";abgeschlossen;"40000,00";"20000,00";"20000,00";
2014;"Mediaprint Zeitungs- und Zeitschriftenverlag Ges.m.b.H & Co KG";"Zuschuss zu den Kosten angestellter Auslandskorrespondenten";;Kurier;"§ 11 Abs.1 PresseFG 2004";abgeschlossen;"40000,00";"20000,00";"20000,00";
2014;"Salzburger Nachrichten Verlagsges.m.b.H. & Co KG";"Zuschuss zu den Kosten angestellter Auslandskorrespondenten";;"Salzburger Nachrichten";"§ 11 Abs.1 PresseFG 2004";abgeschlossen;"40000,00";"20000,00";"20000,00";
2014;"Standard Verlagsgesellschaft m.b.H.";"Zuschuss zu den Kosten angestellter Auslandskorrespondenten";;"Der Standard";"§ 11 Abs.1 PresseFG 2004";abgeschlossen;"40000,00";"20000,00";"20000,00";
2014;"WirtschaftsBlatt Medien GmbH";"Zuschuss zu den Kosten angestellter Auslandskorrespondenten";;WirtschaftsBlatt;"§ 11 Abs.1 PresseFG 2004";abgeschlossen;"40000,00";"20000,00";"20000,00";
2014;"Die Presse Verlags-Gesellschaft m.b.H. & Co KG";"Zuschuss zu den Kosten der redaktionsinternen Ausbildung von Nachwuchsjournalisten - Tageszeitungen";;"Die Presse";"§ 10 Abs.1 PresseFG 2004";abgeschlossen;"5627,00";"2813,50";"2813,50";
2014;"Kleine Zeitung GmbH & Co KG";"Zuschuss zu den Kosten der redaktionsinternen Ausbildung von Nachwuchsjournalisten - Tageszeitungen";;"Kleine Zeitung Steiermark und Kärnten";"§ 10 Abs.1 PresseFG 2004";abgeschlossen;"11105,00";"5552,50";"5552,50";
2014;"Mediaprint Zeitungs- und Zeitschriftenverlag Ges.m.b.H & Co KG";"Zuschuss zu den Kosten der redaktionsinternen Ausbildung von Nachwuchsjournalisten - Tageszeitungen";;"Neue Kronenzeitung";"§ 10 Abs.1 PresseFG 2004";abgeschlossen;"20000,00";"10000,00";"10000,00";
2014;"Mediaprint Zeitungs- und Zeitschriftenverlag Ges.m.b.H & Co KG";"Zuschuss zu den Kosten der redaktionsinternen Ausbildung von Nachwuchsjournalisten - Tageszeitungen";;Kurier;"§ 10 Abs.1 PresseFG 2004";abgeschlossen;"15000,00";"7500,00";"7500,00";
2014;"NEUE Zeitungs GmbH";"Zuschuss zu den Kosten der redaktionsinternen Ausbildung von Nachwuchsjournalisten - Tageszeitungen";;"Neue Vorarlberger Tageszeitung";"§ 10 Abs.1 PresseFG 2004";abgeschlossen;"3000,00";"1500,00";"1500,00";
2014;"OÖ Media Data Vertriebs- und Verlagsges.m.b.H.";"Zuschuss zu den Kosten der redaktionsinternen Ausbildung von Nachwuchsjournalisten - Tageszeitungen";;"Neues Volksblatt";"§ 10 Abs.1 PresseFG 2004";abgeschlossen;"20000,00";"10000,00";"10000,00";
2014;"OÖN Redaktion GmbH & CO KG";"Zuschuss zu den Kosten der redaktionsinternen Ausbildung von Nachwuchsjournalisten - Tageszeitungen";;"OÖ Nachrichten";"§ 10 Abs.1 PresseFG 2004";abgeschlossen;"20000,00";"10000,00";"10000,00";
2014;"Russmedia Verlag GmbH";"Zuschuss zu den Kosten der redaktionsinternen Ausbildung von Nachwuchsjournalisten - Tageszeitungen";;"Vorarlberger Nachrichten";"§ 10 Abs.1 PresseFG 2004";abgeschlossen;"3500,00";"1750,00";"1750,00";
2014;"Salzburger Nachrichten Verlagsges.m.b.H. & Co KG";"Zuschuss zu den Kosten der redaktionsinternen Ausbildung von Nachwuchsjournalisten - Tageszeitungen";;"Salzburger Nachrichten";"§ 10 Abs.1 PresseFG 2004";abgeschlossen;"16894,00";"8447,00";"8447,00";
2014;"Salzburger Volkszeitung GmbH & Co KG";"Zuschuss zu den Kosten der redaktionsinternen Ausbildung von Nachwuchsjournalisten - Tageszeitungen";;"SVZ Salzburger Volkszeitung";"§ 10 Abs.1 PresseFG 2004";abgelehnt;",00";",00";",00";
2014;"Standard Verlagsgesellschaft m.b.H.";"Zuschuss zu den Kosten der redaktionsinternen Ausbildung von Nachwuchsjournalisten - Tageszeitungen";;"Der Standard";"§ 10 Abs.1 PresseFG 2004";abgeschlossen;"10716,00";"5358,00";"5358,00";
2014;"Bischöfliches Seelsorgeamt der Diözese Gurk";"Zuschuss zu den Kosten der redaktionsinternen Ausbildung von Nachwuchsjournalisten - Wochenzeitungen";;"Der Sonntag - Kärntner Kirchenzeitung";"§ 10 Abs.1 PresseFG 2004";abgeschlossen;"4046,00";"2023,00";"2023,00";
2014;"BVZ Burgenländische Volkszeitung GmbH";"Zuschuss zu den Kosten der redaktionsinternen Ausbildung von Nachwuchsjournalisten - Wochenzeitungen";;BVZ;"§ 10 Abs.1 PresseFG 2004";abgelehnt;",00";",00";",00";
2014;"Niederösterreichisches Pressehaus Druck- und Verlagsges.m.b.H.";"Zuschuss zu den Kosten der redaktionsinternen Ausbildung von Nachwuchsjournalisten - Wochenzeitungen";;NÖN;"§ 10 Abs.1 PresseFG 2004";abgeschlossen;"20000,00";"10000,00";"10000,00";
2014;"Salzburger Woche Verlags GesmbH";"Zuschuss zu den Kosten der redaktionsinternen Ausbildung von Nachwuchsjournalisten - Wochenzeitungen";;"Salzburger Woche";"§ 10 Abs.1 PresseFG 2004";abgeschlossen;"20000,00";"10000,00";"10000,00";
2014;"Verlagsgruppe NEWS Gesellschaft m.b.H.";"Zuschuss zu den Kosten der redaktionsinternen Ausbildung von Nachwuchsjournalisten - Wochenzeitungen";;"tv media";"§ 10 Abs.1 PresseFG 2004";abgeschlossen;"10070,00";"5035,00";"5035,00";
2014;"Medienhaus Wien - Forschung und Weiterbildung GmbH";"Zuschuss zu Forschungsprojekten";;"GeneralistInnen vs. SpezialistInnen. Zur Veränderung von Berufsfeld und Qualifikationsbedarf im Journalismus";"§ 11 Abs.3 PresseFG 2004";abgeschlossen;"20000,00";"10000,00";"10000,00";
2014;"Verein ""Die Bunten, Forum für Würde, Gerechtigkeit und Demokratie""";"Zuschuss zu Forschungsprojekten";;"Vertriebspunkt: Straße - Evaluierung des LeserInnen- und Konsumverhaltens in Bezug auf das Angebot von Gratiszeitungen, Zeitungstaschen und Straßenzeitungen in Wien";"§ 11 Abs.3 PresseFG 2004";abgelehnt;",00";",00";",00";
2014;"Österreichische Medienakademie - Kuratorium für Journalistenausbildung";"Zuschuss zu Forschungsprojekten";;"Durchführbarkeitsstudie: Beobachtungs-/Informationsstelle für Wandel journalistischer Arbeitsbedingungen und Berufsanforderungen";"§ 11 Abs.3 PresseFG 2004";abgeschlossen;"15000,00";"7500,00";"7500,00";
2015;"Die Presse Verlags-Gesellschaft m.b.H. & Co KG";"Besondere Förderung zur Erhaltung der regionalen Vielfalt der Tageszeitungen";;"Die Presse";"Abschnitt III PresseFG 2004";abgeschlossen;"766516,50";"383258,25";"383258,25";
2015;"NEUE Zeitungs GmbH";"Besondere Förderung zur Erhaltung der regionalen Vielfalt der Tageszeitungen";;"Neue Vorarlberger Tageszeitung";"Abschnitt III PresseFG 2004";abgeschlossen;"596854,20";"298427,10";"298427,10";
2015;"OÖ Media Data Vertriebs- und Verlagsges.m.b.H.";"Besondere Förderung zur Erhaltung der regionalen Vielfalt der Tageszeitungen";;"Neues Volksblatt";"Abschnitt III PresseFG 2004";abgeschlossen;"607146,80";"303573,40";"303573,40";
2015;"Standard Verlagsgesellschaft m.b.H.";"Besondere Förderung zur Erhaltung der regionalen Vielfalt der Tageszeitungen";;"Der Standard";"Abschnitt III PresseFG 2004";abgeschlossen;"727256,20";"363628,10";"363628,10";
2015;"WirtschaftsBlatt Medien GmbH";"Besondere Förderung zur Erhaltung der regionalen Vielfalt der Tageszeitungen";;WirtschaftsBlatt;"Abschnitt III PresseFG 2004";abgeschlossen;"544226,30";"272113,15";"272113,15";
2015;"fjum- forum journalismus und medien wien";"Förderung von Vereinigungen der Journalistenausbildung";;"fjum - forum journalismus und medien wien";"§ 10 Abs.2 PresseFG 2004";abgeschlossen;"171039,00";"85519,50";"85519,50";
2015;"Friedrich Funder Institut für Publizistik, Medienforschung und Journalistenausbildung";"Förderung von Vereinigungen der Journalistenausbildung";;"Friedrich Funder Institut für Publizistik, Medienforschung und Journalistenausbildung";"§ 10 Abs.2 PresseFG 2004";abgeschlossen;"38453,00";"19226,50";"19226,50";
2015;"Friedrich-Austerlitz-Institut für JournalistInnenausbildung";"Förderung von Vereinigungen der Journalistenausbildung";;"Friedrich-Austerlitz-Institut für JournalistInnenausbildung";"§ 10 Abs.2 PresseFG 2004";abgeschlossen;"11218,00";"5609,00";"5609,00";
2015;"GESPU - Gesellschaft für Publizistik und Medienforschung";"Förderung von Vereinigungen der Journalistenausbildung";;"GESPU - Gesellschaft für Publizistik und Medienforschung";"§ 10 Abs.2 PresseFG 2004";abgeschlossen;"7735,00";"3867,50";"3867,50";
2015;"Katholische Medien Akademie";"Förderung von Vereinigungen der Journalistenausbildung";;"Katholische Medien Akademie";"§ 10 Abs.2 PresseFG 2004";abgeschlossen;"47507,00";"23753,50";"23753,50";
2015;"OÖ Journalistenakademie";"Förderung von Vereinigungen der Journalistenausbildung";;"OÖ Journalistenakademie";"§ 10 Abs.2 PresseFG 2004";abgeschlossen;"60840,00";"30420,00";"30420,00";
2015;"Tiroler Journalismusakademie";"Förderung von Vereinigungen der Journalistenausbildung";;"Tiroler Journalismusakademie";"§ 10 Abs.2 PresseFG 2004";abgeschlossen;"16767,00";"8383,50";"8383,50";
2015;"Österreichische Medienakademie - Kuratorium für Journalistenausbildung";"Förderung von Vereinigungen der Journalistenausbildung";;"Österreichische Medienakademie - Kuratorium für Journalistenausbildung";"§ 10 Abs.2 PresseFG 2004";abgeschlossen;"254841,00";"127420,50";"127420,50";
2015;"Klub der Wirtschaftspublizisten";"Förderung von Vereinigungen, deren Hauptaufgabe die Veranstaltung oder Durchführung von Pressekonferenzen ist";;"Klub der Wirtschaftspublizisten";"§ 11 Abs.4 PresseFG 2004";abgeschlossen;"3744,00";"1872,00";"1872,00";
2015;"Oberösterreichischer Presseclub";"Förderung von Vereinigungen, deren Hauptaufgabe die Veranstaltung oder Durchführung von Pressekonferenzen ist";;"Oberösterreichischer Presseclub";"§ 11 Abs.4 PresseFG 2004";abgeschlossen;"8424,00";"4212,00";"4212,00";
2015;"Presseclub Concordia";"Förderung von Vereinigungen, deren Hauptaufgabe die Veranstaltung oder Durchführung von Pressekonferenzen ist";;"Presseclub Concordia";"§ 11 Abs.4 PresseFG 2004";abgeschlossen;"23400,00";"11700,00";"11700,00";
2015;"Steirischer Presseclub";"Förderung von Vereinigungen, deren Hauptaufgabe die Veranstaltung oder Durchführung von Pressekonferenzen ist";;"Steirischer Presseclub";"§ 11 Abs.4 PresseFG 2004";abgeschlossen;"7020,00";"3510,00";"3510,00";
2015;"Verband der Agrarjournalisten und -publizisten in Österreich (VAÖ)";"Förderung von Vereinigungen, deren Hauptaufgabe die Veranstaltung oder Durchführung von Pressekonferenzen ist";;"Verband der Agrarjournalisten und -publizisten in Österreich (VAÖ)";"§ 11 Abs.4 PresseFG 2004";abgeschlossen;"936,00";"468,00";"468,00";
2015;"Verband der Auslandspresse Wien";"Förderung von Vereinigungen, deren Hauptaufgabe die Veranstaltung oder Durchführung von Pressekonferenzen ist";;"Verband der Auslandspresse Wien";"§ 11 Abs.4 PresseFG 2004";abgeschlossen;"3276,00";"1638,00";"1638,00";
2015;"Die Presse Verlags-Gesellschaft m.b.H. & Co KG";"Refundierung für die Gratisverteilung an Schulen - Tageszeitungen";;"Die Presse";"§ 11 Abs.2 Z 2 PresseFG 2004";abgeschlossen;"38158,00";"19079,00";"19079,00";
2015;"Kleine Zeitung GmbH & Co KG";"Refundierung für die Gratisverteilung an Schulen - Tageszeitungen";;"Kleine Zeitung Steiermark und Kärnten";"§ 11 Abs.2 Z 2 PresseFG 2004";abgeschlossen;"18693,00";"9346,50";"9346,50";
2015;"Mediaprint Zeitungs- und Zeitschriftenverlag Ges.m.b.H & Co KG";"Refundierung für die Gratisverteilung an Schulen - Tageszeitungen";;"Neue Kronenzeitung";"§ 11 Abs.2 Z 2 PresseFG 2004";abgeschlossen;"19380,00";"9690,00";"9690,00";
2015;"Mediaprint Zeitungs- und Zeitschriftenverlag Ges.m.b.H & Co KG";"Refundierung für die Gratisverteilung an Schulen - Tageszeitungen";;Kurier;"§ 11 Abs.2 Z 2 PresseFG 2004";abgeschlossen;"23355,00";"11677,50";"11677,50";
2015;"NEUE Zeitungs GmbH";"Refundierung für die Gratisverteilung an Schulen - Tageszeitungen";;"Neue Vorarlberger Tageszeitung";"§ 11 Abs.2 Z 2 PresseFG 2004";abgeschlossen;"335,00";"167,50";"167,50";
2015;"OÖ Media Data Vertriebs- und Verlagsges.m.b.H.";"Refundierung für die Gratisverteilung an Schulen - Tageszeitungen";;"Neues Volksblatt";"§ 11 Abs.2 Z 2 PresseFG 2004";abgeschlossen;"911,00";"455,50";"455,50";
2015;"OÖN Redaktion GmbH & CO KG";"Refundierung für die Gratisverteilung an Schulen - Tageszeitungen";;"OÖ Nachrichten";"§ 11 Abs.2 Z 2 PresseFG 2004";abgeschlossen;"24950,00";"12475,00";"12475,00";
2015;"Russmedia Verlag GmbH";"Refundierung für die Gratisverteilung an Schulen - Tageszeitungen";;"Vorarlberger Nachrichten";"§ 11 Abs.2 Z 2 PresseFG 2004";abgeschlossen;"9590,00";"4795,00";"4795,00";
2015;"Salzburger Nachrichten Verlagsges.m.b.H. & Co KG";"Refundierung für die Gratisverteilung an Schulen - Tageszeitungen";;"Salzburger Nachrichten";"§ 11 Abs.2 Z 2 PresseFG 2004";abgeschlossen;"29009,00";"14504,50";"14504,50";
2015;"Schlüsselverlag J. S. Moser GmbH.";"Refundierung für die Gratisverteilung an Schulen - Tageszeitungen";;"Tiroler Tageszeitung";"§ 11 Abs.2 Z 2 PresseFG 2004";abgeschlossen;"27138,00";"13569,00";"13569,00";
2015;"Standard Verlagsgesellschaft m.b.H.";"Refundierung für die Gratisverteilung an Schulen - Tageszeitungen";;"Der Standard";"§ 11 Abs.2 Z 2 PresseFG 2004";abgeschlossen;"41668,00";"20834,00";"20834,00";
2015;"WirtschaftsBlatt Medien GmbH";"Refundierung für die Gratisverteilung an Schulen - Tageszeitungen";;WirtschaftsBlatt;"§ 11 Abs.2 Z 2 PresseFG 2004";abgeschlossen;"3113,00";"1556,50";"1556,50";
2015;"BVZ Burgenländische Volkszeitung GmbH";"Refundierung für die Gratisverteilung an Schulen - Wochenzeitungen";;BVZ;"§ 11 Abs.2 Z 2 PresseFG 2004";abgeschlossen;"485,00";"242,50";"242,50";
2015;"Die Furche ZeitschriftenbetriebsgesmbH & Co KG";"Refundierung für die Gratisverteilung an Schulen - Wochenzeitungen";;"Die Furche";"§ 11 Abs.2 Z 2 PresseFG 2004";abgeschlossen;"15660,00";"7830,00";"7830,00";
2015;"Falter Zeitschriftengesellschaft m.b.H.";"Refundierung für die Gratisverteilung an Schulen - Wochenzeitungen";;Falter;"§ 11 Abs.2 Z 2 PresseFG 2004";abgeschlossen;"1521,00";"760,50";"760,50";
2015;"Kirchenzeitung der Diözese Linz";"Refundierung für die Gratisverteilung an Schulen - Wochenzeitungen";;"Kirchenzeitung der Diözese Linz";"§ 11 Abs.2 Z 2 PresseFG 2004";abgeschlossen;"490,00";"245,00";"245,00";
2015;"Kleine Zeitung GmbH & Co KG";"Refundierung für die Gratisverteilung an Schulen - Wochenzeitungen";;"Kleine Kinderzeitung";"§ 11 Abs.2 Z 2 PresseFG 2004";abgeschlossen;"7245,00";"3622,50";"3622,50";
2015;"Kroatischer Presseverein";"Refundierung für die Gratisverteilung an Schulen - Wochenzeitungen";;"Hrvatske Novine";"§ 11 Abs.2 Z 2 PresseFG 2004";abgeschlossen;"576,00";"288,00";"288,00";
2015;"Murtaler Zeitung GmbH";"Refundierung für die Gratisverteilung an Schulen - Wochenzeitungen";;"Murtaler Zeitung";"§ 11 Abs.2 Z 2 PresseFG 2004";abgeschlossen;"144,00";"72,00";"72,00";
2015;"Niederösterreichisches Pressehaus Druck- und Verlagsges.m.b.H.";"Refundierung für die Gratisverteilung an Schulen - Wochenzeitungen";;NÖN;"§ 11 Abs.2 Z 2 PresseFG 2004";abgeschlossen;"2329,00";"1164,50";"1164,50";
2015;"Osttiroler Bote Medienunternehmen Ges.m.b.H.";"Refundierung für die Gratisverteilung an Schulen - Wochenzeitungen";;"Osttiroler Bote";"§ 11 Abs.2 Z 2 PresseFG 2004";abgeschlossen;"49,00";"24,50";"24,50";
2015;"Verlagsgruppe NEWS Gesellschaft m.b.H.";"Refundierung für die Gratisverteilung an Schulen - Wochenzeitungen";;FORMAT;"§ 11 Abs.2 Z 2 PresseFG 2004";abgeschlossen;"1444,00";"722,00";"722,00";
2015;"Verlagsgruppe NEWS Gesellschaft m.b.H.";"Refundierung für die Gratisverteilung an Schulen - Wochenzeitungen";;Profil;"§ 11 Abs.2 Z 2 PresseFG 2004";abgeschlossen;"8527,00";"4263,50";"4263,50";
2015;"Verlagsgruppe NEWS Gesellschaft m.b.H.";"Refundierung für die Gratisverteilung an Schulen - Wochenzeitungen";;NEWS;"§ 11 Abs.2 Z 2 PresseFG 2004";abgeschlossen;"5289,00";"2644,50";"2644,50";
2015;"Die Presse Verlags-Gesellschaft m.b.H. & Co KG";"Vertriebsförderung von Tageszeitungen";;"Die Presse";"Abschnitt II PresseFG 2004";abgeschlossen;"152574,50";"76287,25";"76287,25";
2015;"Kleine Zeitung GmbH & Co KG";"Vertriebsförderung von Tageszeitungen";;"Kleine Zeitung Steiermark und Kärnten";"Abschnitt II PresseFG 2004";abgeschlossen;"190718,20";"95359,10";"95359,10";
2015;"Mediaprint Zeitungs- und Zeitschriftenverlag Ges.m.b.H & Co KG";"Vertriebsförderung von Tageszeitungen";;"Neue Kronenzeitung";"Abschnitt II PresseFG 2004";abgeschlossen;"190718,20";"95359,10";"95359,10";
2015;"Mediaprint Zeitungs- und Zeitschriftenverlag Ges.m.b.H & Co KG";"Vertriebsförderung von Tageszeitungen";;Kurier;"Abschnitt II PresseFG 2004";abgeschlossen;"152574,50";"76287,25";"76287,25";
2015;"NEUE Zeitungs GmbH";"Vertriebsförderung von Tageszeitungen";;"Neue Vorarlberger Tageszeitung";"Abschnitt II PresseFG 2004";abgeschlossen;"152574,50";"76287,25";"76287,25";
2015;"OÖ Media Data Vertriebs- und Verlagsges.m.b.H.";"Vertriebsförderung von Tageszeitungen";;"Neues Volksblatt";"Abschnitt II PresseFG 2004";abgeschlossen;"190718,20";"95359,10";"95359,10";
2015;"OÖN Redaktion GmbH & CO KG";"Vertriebsförderung von Tageszeitungen";;"OÖ Nachrichten";"Abschnitt II PresseFG 2004";abgeschlossen;"190718,20";"95359,10";"95359,10";
2015;"Russmedia Verlag GmbH";"Vertriebsförderung von Tageszeitungen";;"Vorarlberger Nachrichten";"Abschnitt II PresseFG 2004";abgeschlossen;"190718,20";"95359,10";"95359,10";
2015;"Salzburger Nachrichten Verlagsges.m.b.H. & Co KG";"Vertriebsförderung von Tageszeitungen";;"Salzburger Nachrichten";"Abschnitt II PresseFG 2004";abgeschlossen;"190718,20";"95359,10";"95359,10";
2015;"Schlüsselverlag J. S. Moser GmbH.";"Vertriebsförderung von Tageszeitungen";;"Tiroler Tageszeitung";"Abschnitt II PresseFG 2004";abgeschlossen;"190718,20";"95359,10";"95359,10";
2015;"Standard Verlagsgesellschaft m.b.H.";"Vertriebsförderung von Tageszeitungen";;"Der Standard";"Abschnitt II PresseFG 2004";abgeschlossen;"190718,20";"95359,10";"95359,10";
2015;"WirtschaftsBlatt Medien GmbH";"Vertriebsförderung von Tageszeitungen";;WirtschaftsBlatt;"Abschnitt II PresseFG 2004";abgeschlossen;"114430,90";"57215,45";"57215,45";
2015;"Agrar Media Verlagsgesellschaft mbH.";"Vertriebsförderung von Wochenzeitungen";;"Österreichische Bauernzeitung";"Abschnitt II PresseFG 2004";abgeschlossen;"82324,20";"41162,10";"41162,10";
2015;"Badener Zeitungsverlag GmbH";"Vertriebsförderung von Wochenzeitungen";;"Badener Zeitung";"Abschnitt II PresseFG 2004";abgeschlossen;"8550,20";"4275,10";"4275,10";
2015;"Bischöfliches Ordinariat, Diözese Graz-Seckau";"Vertriebsförderung von Wochenzeitungen";;"Sonntagsblatt für Steiermark";"Abschnitt II PresseFG 2004";abgeschlossen;"83938,40";"41969,20";"41969,20";
2015;"Bischöfliches Ordinariat, Pastoralamt";"Vertriebsförderung von Wochenzeitungen";;"Kirchenzeitung der Diözese Linz";"Abschnitt II PresseFG 2004";abgeschlossen;"83938,40";"41969,20";"41969,20";
2015;"Bischöfliches Seelsorgeamt";"Vertriebsförderung von Wochenzeitungen";;"Nedelja  Slowenische Kirchenzeitung der Diözese Gurk";"Abschnitt II PresseFG 2004";abgeschlossen;"15291,80";"7645,90";"7645,90";
2015;"BVZ Burgenländische Volkszeitung GmbH";"Vertriebsförderung von Wochenzeitungen";;BVZ;"Abschnitt II PresseFG 2004";abgeschlossen;"47844,90";"23922,45";"23922,45";
2015;"Die Furche ZeitschriftenbetriebsgesmbH & Co KG";"Vertriebsförderung von Wochenzeitungen";;"Die Furche";"Abschnitt II PresseFG 2004";abgeschlossen;"72033,60";"36016,80";"36016,80";
2015;"Die ganze Woche Ges.m.b.H.";"Vertriebsförderung von Wochenzeitungen";;"Die ganze Woche";"Abschnitt II PresseFG 2004";abgeschlossen;"82324,20";"41162,10";"41162,10";
2015;"Diözese Eisenstadt - Bischöfliches Ordinariat  Generalvikar Mag. Martin Korpitsch";"Vertriebsförderung von Wochenzeitungen";;"martinus - Kirchenzeitung der Diözese Eisenstadt";"Abschnitt II PresseFG 2004";abgeschlossen;"65254,00";"32627,00";"32627,00";
2015;"Diözese Eisenstadt, Kroatische Sektion des Pastoralamtes";"Vertriebsförderung von Wochenzeitungen";;"GLASNIK  Crikvene novine Zeljezanske biskupije";"Abschnitt II PresseFG 2004";abgeschlossen;"6779,60";"3389,80";"3389,80";
2015;"Diözese Feldkirch";"Vertriebsförderung von Wochenzeitungen";;"Vorarlberger KirchenBlatt";"Abschnitt II PresseFG 2004";abgeschlossen;"55367,00";"27683,50";"27683,50";
2015;"Diözese Innsbruck Bischöfliches Ordinariat";"Vertriebsförderung von Wochenzeitungen";;"Tiroler Sonntag - Kirchenzeitung der Diözese Innsbruck";"Abschnitt II PresseFG 2004";abgeschlossen;"75463,80";"37731,90";"37731,90";
2015;"Falter Zeitschriftengesellschaft m.b.H.";"Vertriebsförderung von Wochenzeitungen";;Falter;"Abschnitt II PresseFG 2004";abgeschlossen;"81638,10";"40819,05";"40819,05";
2015;"Freiheitliche Partei Österreichs (FPÖ)";"Vertriebsförderung von Wochenzeitungen";;"Neue Freie Zeitung";"Abschnitt II PresseFG 2004";abgeschlossen;"39346,10";"19673,05";"19673,05";
2015;"Kirchenblatt für die Diözese St. Pölten";"Vertriebsförderung von Wochenzeitungen";;"Kirche bunt  St. Pöltner Kirchenzeitung";"Abschnitt II PresseFG 2004";abgeschlossen;"65859,30";"32929,65";"32929,65";
2015;"Kitzbüheler Anzeiger Ges.m.b.H.";"Vertriebsförderung von Wochenzeitungen";;"Kitzbüheler Anzeiger";"Abschnitt II PresseFG 2004";abgeschlossen;"8550,20";"4275,10";"4275,10";
2015;"Kleine Zeitung GmbH & Co KG";"Vertriebsförderung von Wochenzeitungen";;"Kleine Kinderzeitung";"Abschnitt II PresseFG 2004";abgeschlossen;"10805,00";"5402,50";"5402,50";
2015;"Kroatischer Presseverein";"Vertriebsförderung von Wochenzeitungen";;"Hrvatske Novine";"Abschnitt II PresseFG 2004";abgeschlossen;"9685,20";"4842,60";"4842,60";
2015;"Murtaler Zeitung GmbH";"Vertriebsförderung von Wochenzeitungen";;"Murtaler Zeitung";"Abschnitt II PresseFG 2004";abgeschlossen;"6840,20";"3420,10";"3420,10";
2015;"Neues Land Medien GesmbH";"Vertriebsförderung von Wochenzeitungen";;"NEUES LAND";"Abschnitt II PresseFG 2004";abgeschlossen;"82324,20";"41162,10";"41162,10";
2015;"Niederösterreichisches Pressehaus Druck- und Verlagsges.m.b.H.";"Vertriebsförderung von Wochenzeitungen";;NÖN;"Abschnitt II PresseFG 2004";abgeschlossen;"83938,40";"41969,20";"41969,20";
2015;"Ordinariat der Erzdiözese Salzburg";"Vertriebsförderung von Wochenzeitungen";;"Rupertusblatt - Wochenzeitung der Erzdiözese Salzburg";"Abschnitt II PresseFG 2004";abgeschlossen;"69208,80";"34604,40";"34604,40";
2015;"Osttiroler Bote Medienunternehmen Ges.m.b.H.";"Vertriebsförderung von Wochenzeitungen";;"Osttiroler Bote";"Abschnitt II PresseFG 2004";abgeschlossen;"8550,20";"4275,10";"4275,10";
2015;"Raiffeisen Media GmbH";"Vertriebsförderung von Wochenzeitungen";;Raiffeisenzeitung;"Abschnitt II PresseFG 2004";abgeschlossen;"74253,20";"37126,60";"37126,60";
2015;"Salzburger Woche Verlags GesmbH";"Vertriebsförderung von Wochenzeitungen";;"Salzburger Woche";"Abschnitt II PresseFG 2004";abgeschlossen;"82324,20";"41162,10";"41162,10";
2015;"Seelsorgeamt der Diözese Gurk";"Vertriebsförderung von Wochenzeitungen";;"Der Sonntag - Kärntner Kirchenzeitung";"Abschnitt II PresseFG 2004";abgeschlossen;"50443,70";"25221,85";"25221,85";
2015;"Slomedia - Slowenisches Medienzentrum GmbH";"Vertriebsförderung von Wochenzeitungen";;NOVICE;"Abschnitt II PresseFG 2004";abgeschlossen;"27683,50";"13841,75";"13841,75";
2015;"Sportzeitung Verlags-GmbH";"Vertriebsförderung von Wochenzeitungen";;Sportzeitung;"Abschnitt II PresseFG 2004";abgeschlossen;"18522,90";"9261,45";"9261,45";
2015;"Styria Multi Media Men GmbH & Co KG";"Vertriebsförderung von Wochenzeitungen";;Sportwoche;"Abschnitt II PresseFG 2004";abgeschlossen;"21186,40";"10593,20";"10593,20";
2015;"TIPS Zeitungs GmbH & Co KG";"Vertriebsförderung von Wochenzeitungen";;"Ischler Woche";"Abschnitt II PresseFG 2004";abgeschlossen;"8550,20";"4275,10";"4275,10";
2015;"Verlagsgruppe NEWS Gesellschaft m.b.H.";"Vertriebsförderung von Wochenzeitungen";;Profil;"Abschnitt II PresseFG 2004";abgeschlossen;"65859,30";"32929,65";"32929,65";
2015;"Verlagsgruppe NEWS Gesellschaft m.b.H.";"Vertriebsförderung von Wochenzeitungen";;NEWS;"Abschnitt II PresseFG 2004";abgeschlossen;"48426,00";"24213,00";"24213,00";
2015;"Verlagsgruppe NEWS Gesellschaft m.b.H.";"Vertriebsförderung von Wochenzeitungen";;"tv media";"Abschnitt II PresseFG 2004";abgeschlossen;"83938,40";"41969,20";"41969,20";
2015;"Verlagsgruppe NEWS Gesellschaft m.b.H.";"Vertriebsförderung von Wochenzeitungen";;FORMAT;"Abschnitt II PresseFG 2004";abgeschlossen;"32015,00";"16007,50";"16007,50";
2015;"W 3 Verlagsges.m.b.H.";"Vertriebsförderung von Wochenzeitungen";;"Zur Zeit - Die Wochenzeitung für Österreich";"Abschnitt II PresseFG 2004";abgeschlossen;"47457,50";"23728,75";"23728,75";
2015;"Wallig Ennstaler Druckerei und Verlag GmbH";"Vertriebsförderung von Wochenzeitungen";;"Der Ennstaler";"Abschnitt II PresseFG 2004";abgeschlossen;"8550,20";"4275,10";"4275,10";
2015;"Wiener Dom-Verlag Ges.m.b.H.";"Vertriebsförderung von Wochenzeitungen";;"Der Sonntag";"Abschnitt II PresseFG 2004";abgeschlossen;"72033,70";"36016,85";"36016,85";
2015;"Verein zur Förderung der Nutzung von Zeitungen in der Schule";"Zuschuss an Vereinigungen zur Leseförderungen";;"Verein Zeitung in der Schule";"§ 11 Abs.2 Z 1 PresseFG 2004";abgeschlossen;"237006,00";"118503,00";"118503,00";
2015;"Die Presse Verlags-Gesellschaft m.b.H. & Co KG";"Zuschuss zu den Kosten angestellter Auslandskorrespondenten";;"Die Presse";"§ 11 Abs.1 PresseFG 2004";abgeschlossen;"40000,00";"20000,00";"20000,00";
2015;"Kleine Zeitung GmbH & Co KG";"Zuschuss zu den Kosten angestellter Auslandskorrespondenten";;"Kleine Zeitung Steiermark und Kärnten";"§ 11 Abs.1 PresseFG 2004";abgeschlossen;"37440,00";"18720,00";"18720,00";
2015;"Mediaprint Zeitungs- und Zeitschriftenverlag Ges.m.b.H & Co KG";"Zuschuss zu den Kosten angestellter Auslandskorrespondenten";;Kurier;"§ 11 Abs.1 PresseFG 2004";abgeschlossen;"40000,00";"20000,00";"20000,00";
2015;"Salzburger Nachrichten Verlagsges.m.b.H. & Co KG";"Zuschuss zu den Kosten angestellter Auslandskorrespondenten";;"Salzburger Nachrichten";"§ 11 Abs.1 PresseFG 2004";abgeschlossen;"40000,00";"20000,00";"20000,00";
2015;"Standard Verlagsgesellschaft m.b.H.";"Zuschuss zu den Kosten angestellter Auslandskorrespondenten";;"Der Standard";"§ 11 Abs.1 PresseFG 2004";abgeschlossen;"40000,00";"20000,00";"20000,00";
2015;"WirtschaftsBlatt Medien GmbH";"Zuschuss zu den Kosten angestellter Auslandskorrespondenten";;WirtschaftsBlatt;"§ 11 Abs.1 PresseFG 2004";abgeschlossen;"40000,00";"20000,00";"20000,00";
2015;"Die Presse Verlags-Gesellschaft m.b.H. & Co KG";"Zuschuss zu den Kosten der redaktionsinternen Ausbildung von Nachwuchsjournalisten - Tageszeitungen";;"Die Presse";"§ 10 Abs.1 PresseFG 2004";abgeschlossen;"3559,00";"1779,50";"1779,50";
2015;"Kleine Zeitung GmbH & Co KG";"Zuschuss zu den Kosten der redaktionsinternen Ausbildung von Nachwuchsjournalisten - Tageszeitungen";;"Kleine Zeitung Steiermark und Kärnten";"§ 10 Abs.1 PresseFG 2004";abgeschlossen;"17067,00";"8533,50";"8533,50";
2015;"Mediaprint Zeitungs- und Zeitschriftenverlag Ges.m.b.H & Co KG";"Zuschuss zu den Kosten der redaktionsinternen Ausbildung von Nachwuchsjournalisten - Tageszeitungen";;"Neue Kronenzeitung";"§ 10 Abs.1 PresseFG 2004";abgeschlossen;"6414,00";"3207,00";"3207,00";
2015;"Mediaprint Zeitungs- und Zeitschriftenverlag Ges.m.b.H & Co KG";"Zuschuss zu den Kosten der redaktionsinternen Ausbildung von Nachwuchsjournalisten - Tageszeitungen";;Kurier;"§ 10 Abs.1 PresseFG 2004";abgeschlossen;"13879,00";"6939,50";"6939,50";
2015;"NEUE Zeitungs GmbH";"Zuschuss zu den Kosten der redaktionsinternen Ausbildung von Nachwuchsjournalisten - Tageszeitungen";;"Neue Vorarlberger Tageszeitung";"§ 10 Abs.1 PresseFG 2004";abgeschlossen;"3000,00";"1500,00";"1500,00";
2015;"OÖ Media Data Vertriebs- und Verlagsges.m.b.H.";"Zuschuss zu den Kosten der redaktionsinternen Ausbildung von Nachwuchsjournalisten - Tageszeitungen";;"Neues Volksblatt";"§ 10 Abs.1 PresseFG 2004";abgeschlossen;"8375,00";"4187,50";"4187,50";
2015;"OÖN Redaktion GmbH & CO KG";"Zuschuss zu den Kosten der redaktionsinternen Ausbildung von Nachwuchsjournalisten - Tageszeitungen";;"OÖ Nachrichten";"§ 10 Abs.1 PresseFG 2004";abgeschlossen;"5111,00";"2555,50";"2555,50";
2015;"Russmedia Verlag GmbH";"Zuschuss zu den Kosten der redaktionsinternen Ausbildung von Nachwuchsjournalisten - Tageszeitungen";;"Vorarlberger Nachrichten";"§ 10 Abs.1 PresseFG 2004";abgeschlossen;"3500,00";"1750,00";"1750,00";
2015;"Salzburger Nachrichten Verlagsges.m.b.H. & Co KG";"Zuschuss zu den Kosten der redaktionsinternen Ausbildung von Nachwuchsjournalisten - Tageszeitungen";;"Salzburger Nachrichten";"§ 10 Abs.1 PresseFG 2004";abgelehnt;",00";",00";",00";
2015;"Standard Verlagsgesellschaft m.b.H.";"Zuschuss zu den Kosten der redaktionsinternen Ausbildung von Nachwuchsjournalisten - Tageszeitungen";;"Der Standard";"§ 10 Abs.1 PresseFG 2004";abgeschlossen;"13067,00";"6533,50";"6533,50";
2015;"Seelsorgeamt der Diözese Gurk";"Zuschuss zu den Kosten der redaktionsinternen Ausbildung von Nachwuchsjournalisten - Wochenzeitungen";;"Der Sonntag - Kärntner Kirchenzeitung";"§ 10 Abs.1 PresseFG 2004";abgeschlossen;"2936,00";"1468,00";"1468,00";
2015;"Verlagsgruppe NEWS Gesellschaft m.b.H.";"Zuschuss zu den Kosten der redaktionsinternen Ausbildung von Nachwuchsjournalisten - Wochenzeitungen";;"tv media";"§ 10 Abs.1 PresseFG 2004";abgeschlossen;"8283,00";"4141,50";"4141,50";
2015;"Medienhaus Wien - Forschung und Weiterbildung GmbH";"Zuschuss zu Forschungsprojekten";;"Gesamterhebung zum Integrationsstatus der Newsrooms österreichischer Tageszeitungen und ihrer (digitalen) Medienkanäle";"§ 11 Abs.3 PresseFG 2004";abgeschlossen;"20000,00";"10000,00";"10000,00";
2015;"Universität Salzburg";"Zuschuss zu Forschungsprojekten";;"News Flow Management. Wirtschaftliche und publizistische Chancen für die nationale und regionale Tagespresse in Österreich. Eine vergleichende Fallstudie";"§ 11 Abs.3 PresseFG 2004";abgeschlossen;"25804,00";"12902,00";"12902,00";
2015;"Zeitung in der Schule (ZiS) - Verein zur Förderung der Nutzung von Zeitungen in der Schule";"Zuschuss zu Forschungsprojekten";;"Informationsbeschaffung und Informationsnutzungsverhalten bei Jugendlichen und jungen Erwachsenen im digitalen Zeitalter";"§ 11 Abs.3 PresseFG 2004";abgeschlossen;"19300,00";"9650,00";"9650,00";
2016;"""Die Presse"" Verlags-Gesellschaft m.b.H. & Co KG";"Besondere Förderung zur Erhaltung der regionalen Vielfalt der Tageszeitungen";;"""DIE PRESSE"" Unabhängige Tageszeitung für Österreich";"Abschnitt III PresseFG 2004";abgeschlossen;"769228,60";"384614,30";"384614,30";
2016;"NEUE Zeitungs GmbH";"Besondere Förderung zur Erhaltung der regionalen Vielfalt der Tageszeitungen";;"NEUE Vorarlberger Tageszeitung";"Abschnitt III PresseFG 2004";abgeschlossen;"592483,10";"296241,55";"296241,55";
2016;"Oberösterreichische Media Data Vertriebs- und Verlags GmbH";"Besondere Förderung zur Erhaltung der regionalen Vielfalt der Tageszeitungen";;"Neues Volksblatt";"Abschnitt III PresseFG 2004";abgeschlossen;"607576,00";"303788,00";"303788,00";
2016;"STANDARD Verlagsgesellschaft m.b.H.";"Besondere Förderung zur Erhaltung der regionalen Vielfalt der Tageszeitungen";;"Der Standard";"Abschnitt III PresseFG 2004";abgeschlossen;"729155,70";"364577,85";"364577,85";
2016;"WirtschaftsBlatt Medien GmbH";"Besondere Förderung zur Erhaltung der regionalen Vielfalt der Tageszeitungen";;WirtschaftsBlatt;"Abschnitt III PresseFG 2004";abgeschlossen;"271778,30";"271778,30";",00";
2016;"Forum Journalismus und Medien Wien - Verein Wiener Medienfortbildung";"Förderung von Vereinigungen der Journalistenausbildung";;"Forum Journalismus und Medien Wien - Verein Wiener Medienfortbildung";"§ 10 Abs.2 PresseFG 2004";abgeschlossen;"174059,00";"87029,50";"87029,50";
2016;"Friedrich Austerlitz-Institut für JournalistInnenausbildung";"Förderung von Vereinigungen der Journalistenausbildung";;"Friedrich-Austerlitz-Institut für JournalistInnenausbildung";"§ 10 Abs.2 PresseFG 2004";abgeschlossen;"9052,00";"4526,00";"4526,00";
2016;"Friedrich Funder Institut für Publizistik, Medienforschung und Journalistenausbildung";"Förderung von Vereinigungen der Journalistenausbildung";;"Friedrich Funder Institut für Publizistik, Medienforschung und Journalistenausbildung";"§ 10 Abs.2 PresseFG 2004";abgeschlossen;"36340,00";"18170,00";"18170,00";
2016;"Katholische Medien Akademie (KMA)";"Förderung von Vereinigungen der Journalistenausbildung";;"Katholische Medien Akademie";"§ 10 Abs.2 PresseFG 2004";abgeschlossen;"40859,00";"20429,50";"20429,50";
2016;"OÖ. Journalistenakademie";"Förderung von Vereinigungen der Journalistenausbildung";;"OÖ Journalistenakademie";"§ 10 Abs.2 PresseFG 2004";abgeschlossen;"60840,00";"30420,00";"30420,00";
2016;"Tiroler Journalismusakademie p.A. Volkshochschule Tirol";"Förderung von Vereinigungen der Journalistenausbildung";;"Tiroler Journalismusakademie";"§ 10 Abs.2 PresseFG 2004";abgeschlossen;"17800,00";"8900,00";"8900,00";
2016;"Österreichische Gesellschaft für Publizistik und Medien-Forschung";"Förderung von Vereinigungen der Journalistenausbildung";;"GESPU - Österreichische Gesellschaft für Publizistik und Medien-Forschung";"§ 10 Abs.2 PresseFG 2004";abgeschlossen;"17629,00";"8814,50";"8814,50";
2016;"Österreichische Medienakademie - Kuratorium für Journalistenausbildung";"Förderung von Vereinigungen der Journalistenausbildung";;"Österreichische Medienakademie - Kuratorium für Journalistenausbildung";"§ 10 Abs.2 PresseFG 2004";abgeschlossen;"251821,00";"125910,50";"125910,50";
2016;"Klub der Wirtschaftspublizisten";"Förderung von Vereinigungen, deren Hauptaufgabe die Veranstaltung oder Durchführung von Pressekonferenzen ist";;"Klub der Wirtschaftspublizisten";"§ 11 Abs.4 PresseFG 2004";abgeschlossen;"3744,00";"1872,00";"1872,00";
2016;"Oberösterreichischer Presseclub";"Förderung von Vereinigungen, deren Hauptaufgabe die Veranstaltung oder Durchführung von Pressekonferenzen ist";;"Oberösterreichischer Presseclub";"§ 11 Abs.4 PresseFG 2004";abgeschlossen;"8424,00";"4212,00";"4212,00";
2016;"Presseclub Concordia";"Förderung von Vereinigungen, deren Hauptaufgabe die Veranstaltung oder Durchführung von Pressekonferenzen ist";;"Presseclub Concordia";"§ 11 Abs.4 PresseFG 2004";abgeschlossen;"23400,00";"11700,00";"11700,00";
2016;"Steirischer Presseclub";"Förderung von Vereinigungen, deren Hauptaufgabe die Veranstaltung oder Durchführung von Pressekonferenzen ist";;"Steirischer Presseclub";"§ 11 Abs.4 PresseFG 2004";abgeschlossen;"7020,00";"3510,00";"3510,00";
2016;"Verband der Agrarjournalisten und -publizisten in Österreich (VAÖ)";"Förderung von Vereinigungen, deren Hauptaufgabe die Veranstaltung oder Durchführung von Pressekonferenzen ist";;"Verband der Agrarjournalisten und -publizisten in Österreich (VAÖ)";"§ 11 Abs.4 PresseFG 2004";abgeschlossen;"936,00";"468,00";"468,00";
2016;"Verband der Auslandspresse in Wien";"Förderung von Vereinigungen, deren Hauptaufgabe die Veranstaltung oder Durchführung von Pressekonferenzen ist";;"Verband der Auslandspresse in Wien";"§ 11 Abs.4 PresseFG 2004";abgeschlossen;"3276,00";"1638,00";"1638,00";
2016;"""Die Presse"" Verlags-Gesellschaft m.b.H. & Co KG";"Refundierung für die Gratisverteilung an Schulen - Tageszeitungen";;"""DIE PRESSE"" Unabhängige Tageszeitung für Österreich und ""Die Presse am Sonntag""";"§ 11 Abs.2 Z 2 PresseFG 2004";abgeschlossen;"31704,00";"15852,00";"15852,00";
2016;"""Salzburger Nachrichten"" Verlagsgesellschaft m.b.H. & Co KG";"Refundierung für die Gratisverteilung an Schulen - Tageszeitungen";;"Salzburger Nachrichten";"§ 11 Abs.2 Z 2 PresseFG 2004";abgeschlossen;"47122,00";"23561,00";"23561,00";
2016;"Kleine Zeitung GmbH & Co KG";"Refundierung für die Gratisverteilung an Schulen - Tageszeitungen";;"Kleine Zeitung Steiermark und Kärnten";"§ 11 Abs.2 Z 2 PresseFG 2004";abgeschlossen;"26079,00";"13039,50";"13039,50";
2016;"Mediaprint Zeitungs- und Zeitschriftenverlag Gesellschaft m.b.H & Co KG";"Refundierung für die Gratisverteilung an Schulen - Tageszeitungen";;"KRONEN ZEITUNG";"§ 11 Abs.2 Z 2 PresseFG 2004";abgeschlossen;"23173,00";"11586,50";"11586,50";
2016;"Mediaprint Zeitungs- und Zeitschriftenverlag Gesellschaft m.b.H & Co KG";"Refundierung für die Gratisverteilung an Schulen - Tageszeitungen";;KURIER;"§ 11 Abs.2 Z 2 PresseFG 2004";abgeschlossen;"33307,00";"16653,50";"16653,50";
2016;"NEUE Zeitungs GmbH";"Refundierung für die Gratisverteilung an Schulen - Tageszeitungen";;"NEUE Vorarlberger Tageszeitung";"§ 11 Abs.2 Z 2 PresseFG 2004";abgeschlossen;"268,00";"134,00";"134,00";
2016;"Oberösterreichische Media Data Vertriebs- und Verlags GmbH";"Refundierung für die Gratisverteilung an Schulen - Tageszeitungen";;"Neues Volksblatt";"§ 11 Abs.2 Z 2 PresseFG 2004";abgeschlossen;"915,00";"457,50";"457,50";
2016;"OÖN Redaktion GmbH & Co KG";"Refundierung für die Gratisverteilung an Schulen - Tageszeitungen";;"OÖ Nachrichten, Welt der Kindernachrichten";"§ 11 Abs.2 Z 2 PresseFG 2004";abgeschlossen;"25915,00";"12957,50";"12957,50";
2016;"Russmedia Verlag GmbH";"Refundierung für die Gratisverteilung an Schulen - Tageszeitungen";;"VN - Vorarlberger Nachrichten";"§ 11 Abs.2 Z 2 PresseFG 2004";abgeschlossen;"8855,00";"4427,50";"4427,50";
2016;"Schlüsselverlag J. S. Moser GmbH";"Refundierung für die Gratisverteilung an Schulen - Tageszeitungen";;"TIROLER TAGESZEITUNG";"§ 11 Abs.2 Z 2 PresseFG 2004";abgeschlossen;"36031,00";"18015,50";"18015,50";
2016;"STANDARD Verlagsgesellschaft m.b.H.";"Refundierung für die Gratisverteilung an Schulen - Tageszeitungen";;"Der Standard";"§ 11 Abs.2 Z 2 PresseFG 2004";abgeschlossen;"51216,00";"25608,00";"25608,00";
2016;"WirtschaftsBlatt Medien GmbH";"Refundierung für die Gratisverteilung an Schulen - Tageszeitungen";;WirtschaftsBlatt;"§ 11 Abs.2 Z 2 PresseFG 2004";abgeschlossen;",00";",00";",00";
2016;"BVZ Burgenländische Volkszeitung GmbH";"Refundierung für die Gratisverteilung an Schulen - Wochenzeitungen";;"BVZ - Burgenländische Volkszeitung";"§ 11 Abs.2 Z 2 PresseFG 2004";abgeschlossen;"606,00";"303,00";"303,00";
2016;"Die Furche-Zeitschriften Betriebs-Gesellschaft m.b.H. & Co.KG.";"Refundierung für die Gratisverteilung an Schulen - Wochenzeitungen";;"DIE FURCHE";"§ 11 Abs.2 Z 2 PresseFG 2004";abgeschlossen;"20830,00";"10415,00";"10415,00";
2016;"Diözese Linz";"Refundierung für die Gratisverteilung an Schulen - Wochenzeitungen";;"KirchenZeitung Diözese Linz";"§ 11 Abs.2 Z 2 PresseFG 2004";abgeschlossen;"271,00";"135,50";"135,50";
2016;"Falter - Zeitschriften Gesellschaft m.b.H.";"Refundierung für die Gratisverteilung an Schulen - Wochenzeitungen";;Falter;"§ 11 Abs.2 Z 2 PresseFG 2004";abgeschlossen;"2352,00";"1176,00";"1176,00";
2016;"Kleine Zeitung GmbH & Co KG";"Refundierung für die Gratisverteilung an Schulen - Wochenzeitungen";;"Kleine Kinderzeitung";"§ 11 Abs.2 Z 2 PresseFG 2004";abgeschlossen;"9875,00";"4937,50";"4937,50";
2016;"Kroatischer Presseverein (Hrvatsko stamparsko drustvo)";"Refundierung für die Gratisverteilung an Schulen - Wochenzeitungen";;"Hrvatske Novine";"§ 11 Abs.2 Z 2 PresseFG 2004";abgeschlossen;"812,00";"406,00";"406,00";
2016;"Murtaler Zeitung GmbH";"Refundierung für die Gratisverteilung an Schulen - Wochenzeitungen";;"Murtaler Zeitung";"§ 11 Abs.2 Z 2 PresseFG 2004";abgeschlossen;"144,00";"72,00";"72,00";
2016;"Niederösterreichisches Pressehaus Druck- und Verlagsgesellschaft m.b.H.";"Refundierung für die Gratisverteilung an Schulen - Wochenzeitungen";;"NÖN - Niederösterreichische Nachrichten";"§ 11 Abs.2 Z 2 PresseFG 2004";abgeschlossen;"2069,00";"1034,50";"1034,50";
2016;"Verlagsgruppe NEWS Gesellschaft m.b.H.";"Refundierung für die Gratisverteilung an Schulen - Wochenzeitungen";;Profil;"§ 11 Abs.2 Z 2 PresseFG 2004";abgeschlossen;"7207,00";"3603,50";"3603,50";
2016;"Verlagsgruppe NEWS Gesellschaft m.b.H.";"Refundierung für die Gratisverteilung an Schulen - Wochenzeitungen";;FORMAT;"§ 11 Abs.2 Z 2 PresseFG 2004";abgeschlossen;",00";",00";",00";
2016;"Verlagsgruppe NEWS Gesellschaft m.b.H.";"Refundierung für die Gratisverteilung an Schulen - Wochenzeitungen";;NEWS;"§ 11 Abs.2 Z 2 PresseFG 2004";abgeschlossen;"3928,00";"1964,00";"1964,00";
2016;"""Die Presse"" Verlags-Gesellschaft m.b.H. & Co KG";"Vertriebsförderung von Tageszeitungen";;"""DIE PRESSE"" Unabhängige Tageszeitung für Österreich";"Abschnitt II PresseFG 2004";abgeschlossen;"152574,50";"76287,25";"76287,25";
2016;"""Salzburger Nachrichten"" Verlagsgesellschaft m.b.H. & Co KG";"Vertriebsförderung von Tageszeitungen";;"Salzburger Nachrichten";"Abschnitt II PresseFG 2004";abgeschlossen;"190718,20";"95359,10";"95359,10";
2016;"Kleine Zeitung GmbH & Co KG";"Vertriebsförderung von Tageszeitungen";;"Kleine Zeitung Steiermark und Kärnten";"Abschnitt II PresseFG 2004";abgeschlossen;"190718,20";"95359,10";"95359,10";
2016;"Mediaprint Zeitungs- und Zeitschriftenverlag Gesellschaft m.b.H & Co KG";"Vertriebsförderung von Tageszeitungen";;"KRONEN ZEITUNG";"Abschnitt II PresseFG 2004";abgeschlossen;"190718,20";"95359,10";"95359,10";
2016;"Mediaprint Zeitungs- und Zeitschriftenverlag Gesellschaft m.b.H & Co KG";"Vertriebsförderung von Tageszeitungen";;KURIER;"Abschnitt II PresseFG 2004";abgeschlossen;"152574,50";"76287,25";"76287,25";
2016;"Mediengruppe ""Österreich"" GmbH";"Vertriebsförderung von Tageszeitungen";;ÖSTERREICH;"Abschnitt II PresseFG 2004";abgelehnt;",00";",00";",00";
2016;"NEUE Zeitungs GmbH";"Vertriebsförderung von Tageszeitungen";;"NEUE Vorarlberger Tageszeitung";"Abschnitt II PresseFG 2004";abgeschlossen;"152574,50";"76287,25";"76287,25";
2016;"Oberösterreichische Media Data Vertriebs- und Verlags GmbH";"Vertriebsförderung von Tageszeitungen";;"Neues Volksblatt";"Abschnitt II PresseFG 2004";abgeschlossen;"190718,20";"95359,10";"95359,10";
2016;"OÖN Redaktion GmbH & Co KG";"Vertriebsförderung von Tageszeitungen";;"OÖ Nachrichten";"Abschnitt II PresseFG 2004";abgeschlossen;"190718,20";"95359,10";"95359,10";
2016;"Russmedia Verlag GmbH";"Vertriebsförderung von Tageszeitungen";;"VN - Vorarlberger Nachrichten";"Abschnitt II PresseFG 2004";abgeschlossen;"190718,20";"95359,10";"95359,10";
2016;"Schlüsselverlag J. S. Moser GmbH";"Vertriebsförderung von Tageszeitungen";;"TIROLER TAGESZEITUNG";"Abschnitt II PresseFG 2004";abgeschlossen;"190718,20";"95359,10";"95359,10";
2016;"STANDARD Verlagsgesellschaft m.b.H.";"Vertriebsförderung von Tageszeitungen";;"Der Standard";"Abschnitt II PresseFG 2004";abgeschlossen;"190718,20";"95359,10";"95359,10";
2016;"WirtschaftsBlatt Medien GmbH";"Vertriebsförderung von Tageszeitungen";;WirtschaftsBlatt;"Abschnitt II PresseFG 2004";abgeschlossen;"57215,45";"57215,45";",00";
2016;"""W 3"" Verlagsgesellschaft m.b.H.";"Vertriebsförderung von Wochenzeitungen";;"Zur Zeit - Die Wochenzeitung für Österreich";"Abschnitt II PresseFG 2004";abgeschlossen;"49083,00";"24541,50";"24541,50";
2016;"Agrar Media Verlagsgesellschaft mbH";"Vertriebsförderung von Wochenzeitungen";;"Österreichische Bauernzeitung/Bauernbündler";"Abschnitt II PresseFG 2004";abgeschlossen;"84794,50";"42397,25";"42397,25";
2016;"Badener Zeitungsverlag GmbH";"Vertriebsförderung von Wochenzeitungen";;"Badener Zeitung";"Abschnitt II PresseFG 2004";abgeschlossen;"8550,20";"4275,10";"4275,10";
2016;"Bischöfliches Ordinariat, Diözese Graz-Seckau";"Vertriebsförderung von Wochenzeitungen";;"Sonntagsblatt für Steiermark";"Abschnitt II PresseFG 2004";abgeschlossen;"84794,50";"42397,25";"42397,25";
2016;"Bischöfliches Seelsorgeamt";"Vertriebsförderung von Wochenzeitungen";;"NEDELJA  Slowenische Kirchenzeitung der Diözese Gurk";"Abschnitt II PresseFG 2004";abgeschlossen;"15763,10";"7881,55";"7881,55";
2016;"BVZ Burgenländische Volkszeitung GmbH";"Vertriebsförderung von Wochenzeitungen";;"BVZ - Burgenländische Volkszeitung";"Abschnitt II PresseFG 2004";abgeschlossen;"49262,40";"24631,20";"24631,20";
2016;"Die Furche-Zeitschriften Betriebs-Gesellschaft m.b.H. & Co.KG.";"Vertriebsförderung von Wochenzeitungen";;"DIE FURCHE";"Abschnitt II PresseFG 2004";abgeschlossen;"72768,40";"36384,20";"36384,20";
2016;"Die ganze Woche GmbH";"Vertriebsförderung von Wochenzeitungen";;"Die ganze Woche";"Abschnitt II PresseFG 2004";abgeschlossen;"83163,90";"41581,95";"41581,95";
2016;"Diözese Eisenstadt - Bischöfliches Ordinariat Generalvikar Mag. Martin Korpitsch";"Vertriebsförderung von Wochenzeitungen";;"martinus - Kirchenzeitung der Diözese Eisenstadt";"Abschnitt II PresseFG 2004";abgeschlossen;"64574,30";"32287,15";"32287,15";
2016;"Diözese Eisenstadt, Kroatische Sektion im Pastoralamt";"Vertriebsförderung von Wochenzeitungen";;"GLASNIK  Crikvene novine Zeljezanske biskupije";"Abschnitt II PresseFG 2004";abgelehnt;",00";",00";",00";
2016;"Diözese Feldkirch";"Vertriebsförderung von Wochenzeitungen";;"Vorarlberger KirchenBlatt";"Abschnitt II PresseFG 2004";abgeschlossen;"54790,30";"27395,15";"27395,15";
2016;"Diözese Innsbruck - Bischöfliches Ordinariat";"Vertriebsförderung von Wochenzeitungen";;"Tiroler Sonntag - Kirchenzeitung der Diözese Innsbruck";"Abschnitt II PresseFG 2004";abgeschlossen;"74738,80";"37369,40";"37369,40";
2016;"Diözese Linz";"Vertriebsförderung von Wochenzeitungen";;"KirchenZeitung Diözese Linz";"Abschnitt II PresseFG 2004";abgeschlossen;"84794,50";"42397,25";"42397,25";
2016;"Falter - Zeitschriften Gesellschaft m.b.H.";"Vertriebsförderung von Wochenzeitungen";;Falter;"Abschnitt II PresseFG 2004";abgeschlossen;"80853,80";"40426,90";"40426,90";
2016;"Freiheitliche Partei Österreichs";"Vertriebsförderung von Wochenzeitungen";;"Neue Freie Zeitung";"Abschnitt II PresseFG 2004";abgeschlossen;"47900,80";"23950,40";"23950,40";
2016;"Kirchenblatt für die Diözese St. Pölten";"Vertriebsförderung von Wochenzeitungen";;"Kirche bunt  St. Pöltner Kirchenzeitung";"Abschnitt II PresseFG 2004";abgeschlossen;"66531,10";"33265,55";"33265,55";
2016;"Kitzbüheler Anzeiger Gesellschaft m.b.H.";"Vertriebsförderung von Wochenzeitungen";;"Kitzbüheler Anzeiger";"Abschnitt II PresseFG 2004";abgeschlossen;"8550,20";"4275,10";"4275,10";
2016;"Kleine Zeitung GmbH & Co KG";"Vertriebsförderung von Wochenzeitungen";;"Kleine Kinderzeitung";"Abschnitt II PresseFG 2004";abgeschlossen;"14595,30";"7297,65";"7297,65";
2016;"Kroatischer Presseverein (Hrvatsko stamparsko drustvo)";"Vertriebsförderung von Wochenzeitungen";;"Hrvatske Novine";"Abschnitt II PresseFG 2004";abgeschlossen;"9580,20";"4790,10";"4790,10";
2016;"Mediengruppe ""Österreich"" GmbH";"Vertriebsförderung von Wochenzeitungen";;"Madonna mit ÖSTERREICH";"Abschnitt II PresseFG 2004";abgelehnt;",00";",00";",00";
2016;"Murtaler Zeitung GmbH";"Vertriebsförderung von Wochenzeitungen";;"Murtaler Zeitung";"Abschnitt II PresseFG 2004";abgeschlossen;"6840,20";"3420,10";"3420,10";
2016;"NEUES LAND Medien GesmbH";"Vertriebsförderung von Wochenzeitungen";;"NEUES LAND";"Abschnitt II PresseFG 2004";abgeschlossen;"83163,90";"41581,95";"41581,95";
2016;"Niederösterreichisches Pressehaus Druck- und Verlagsgesellschaft m.b.H.";"Vertriebsförderung von Wochenzeitungen";;NÖN;"Abschnitt II PresseFG 2004";abgeschlossen;"86425,20";"43212,60";"43212,60";
2016;"Ordinariat der Erzdiözese Salzburg";"Vertriebsförderung von Wochenzeitungen";;"Rupertusblatt - Kirchenzeitung der Erzdiözese Salzburg";"Abschnitt II PresseFG 2004";abgeschlossen;"67264,90";"33632,45";"33632,45";
2016;"Osttiroler Bote Medienunternehmen GesmbH";"Vertriebsförderung von Wochenzeitungen";;"OSTTIROLER BOTE";"Abschnitt II PresseFG 2004";abgeschlossen;"8550,20";"4275,10";"4275,10";
2016;"Raiffeisen Media GmbH";"Vertriebsförderung von Wochenzeitungen";;RAIFFEISENZEITUNG;"Abschnitt II PresseFG 2004";abgeschlossen;"71749,20";"35874,60";"35874,60";
2016;"Salzburger Verlagshausgesellschaft m.b.H.";"Vertriebsförderung von Wochenzeitungen";;"Salzburger Woche";"Abschnitt II PresseFG 2004";abgeschlossen;"81533,20";"40766,60";"40766,60";
2016;"Seelsorgeamt der Diözese Gurk";"Vertriebsförderung von Wochenzeitungen";;"Der Sonntag - Kärntner Kirchenzeitung";"Abschnitt II PresseFG 2004";abgeschlossen;"50958,30";"25479,15";"25479,15";
2016;"SloMedia - Slovenski medijski center - Slowenisches Medienzentrum GmbH";"Vertriebsförderung von Wochenzeitungen";;NOVICE;"Abschnitt II PresseFG 2004";abgeschlossen;"27965,90";"13982,95";"13982,95";
2016;"Sonntag - ""Österreich"" Zeitungs GmbH";"Vertriebsförderung von Wochenzeitungen";;"ÖSTERREICH am Sonntag";"Abschnitt II PresseFG 2004";abgelehnt;",00";",00";",00";
2016;"SPORTZEITUNG Verlags-GmbH";"Vertriebsförderung von Wochenzeitungen";;SPORTZEITUNG;"Abschnitt II PresseFG 2004";abgeschlossen;"18345,00";"9172,50";"9172,50";
2016;"TIPS Zeitungs GmbH & Co KG";"Vertriebsförderung von Wochenzeitungen";;"ISCHLER WOCHE";"Abschnitt II PresseFG 2004";abgeschlossen;"8550,20";"4275,10";"4275,10";
2016;"Unterkärntner Nachrichten Verlags GmbH";"Vertriebsförderung von Wochenzeitungen";;"Unterkärntner Nachrichten";"Abschnitt II PresseFG 2004";abgeschlossen;"8550,20";"4275,10";"4275,10";
2016;"Verlagsgruppe NEWS Gesellschaft m.b.H.";"Vertriebsförderung von Wochenzeitungen";;FORMAT;"Abschnitt II PresseFG 2004";abgeschlossen;",00";",00";",00";
2016;"Verlagsgruppe NEWS Gesellschaft m.b.H.";"Vertriebsförderung von Wochenzeitungen";;"TV-Media";"Abschnitt II PresseFG 2004";abgeschlossen;"84794,50";"42397,25";"42397,25";
2016;"Verlagsgruppe NEWS Gesellschaft m.b.H.";"Vertriebsförderung von Wochenzeitungen";;Profil;"Abschnitt II PresseFG 2004";abgeschlossen;"66531,10";"33265,55";"33265,55";
2016;"Verlagsgruppe NEWS Gesellschaft m.b.H.";"Vertriebsförderung von Wochenzeitungen";;NEWS;"Abschnitt II PresseFG 2004";abgeschlossen;"48919,90";"24459,95";"24459,95";
2016;"Wallig Ennstaler Druckerei und Verlag GmbH";"Vertriebsförderung von Wochenzeitungen";;"Der Ennstaler";"Abschnitt II PresseFG 2004";abgeschlossen;"8550,20";"4275,10";"4275,10";
2016;"Wiener Dom-Verlag Gesellschaft m.b.H.";"Vertriebsförderung von Wochenzeitungen";;"Der Sonntag";"Abschnitt II PresseFG 2004";abgeschlossen;"74195,20";"37097,60";"37097,60";
2016;"Verein zur Förderung der Nutzung von Zeitungen in der Schule";"Zuschuss an Vereinigungen zur Leseförderungen";;"Verein Zeitung in der Schule";"§ 11 Abs.2 Z 1 PresseFG 2004";abgeschlossen;"236165,00";"118082,50";"118082,50";
2016;"""Die Presse"" Verlags-Gesellschaft m.b.H. & Co KG";"Zuschuss zu den Kosten angestellter Auslandskorrespondenten";;"""DIE PRESSE"" Unabhängige Tageszeitung für Österreich";"§ 11 Abs.1 PresseFG 2004";abgeschlossen;"40000,00";"20000,00";"20000,00";
2016;"""Salzburger Nachrichten"" Verlagsgesellschaft m.b.H. & Co KG";"Zuschuss zu den Kosten angestellter Auslandskorrespondenten";;"Salzburger Nachrichten";"§ 11 Abs.1 PresseFG 2004";abgeschlossen;"40000,00";"20000,00";"20000,00";
2016;"Mediaprint Zeitungs- und Zeitschriftenverlag Gesellschaft m.b.H & Co KG";"Zuschuss zu den Kosten angestellter Auslandskorrespondenten";;KURIER;"§ 11 Abs.1 PresseFG 2004";abgeschlossen;"40000,00";"20000,00";"20000,00";
2016;"STANDARD Verlagsgesellschaft m.b.H.";"Zuschuss zu den Kosten angestellter Auslandskorrespondenten";;"Der Standard";"§ 11 Abs.1 PresseFG 2004";abgeschlossen;"33501,00";"16750,50";"16750,50";
2016;"WirtschaftsBlatt Medien GmbH";"Zuschuss zu den Kosten angestellter Auslandskorrespondenten";;WirtschaftsBlatt;"§ 11 Abs.1 PresseFG 2004";abgeschlossen;",00";",00";",00";
2016;"""Die Presse"" Verlags-Gesellschaft m.b.H. & Co KG";"Zuschuss zu den Kosten der redaktionsinternen Ausbildung von Nachwuchsjournalisten - Tageszeitungen";;"""DIE PRESSE"" Unabhängige Tageszeitung für Österreich";"§ 10 Abs.1 PresseFG 2004";abgeschlossen;"20000,00";"10000,00";"10000,00";
2016;"""Salzburger Nachrichten"" Verlagsgesellschaft m.b.H. & Co KG";"Zuschuss zu den Kosten der redaktionsinternen Ausbildung von Nachwuchsjournalisten - Tageszeitungen";;"Salzburger Nachrichten";"§ 10 Abs.1 PresseFG 2004";abgeschlossen;"9064,00";"4532,00";"4532,00";
2016;"Mediaprint Zeitungs- und Zeitschriftenverlag Gesellschaft m.b.H & Co KG";"Zuschuss zu den Kosten der redaktionsinternen Ausbildung von Nachwuchsjournalisten - Tageszeitungen";;KURIER;"§ 10 Abs.1 PresseFG 2004";abgeschlossen;"15000,00";"7500,00";"7500,00";
2016;"Mediaprint Zeitungs- und Zeitschriftenverlag Gesellschaft m.b.H & Co KG";"Zuschuss zu den Kosten der redaktionsinternen Ausbildung von Nachwuchsjournalisten - Tageszeitungen";;"KRONEN ZEITUNG";"§ 10 Abs.1 PresseFG 2004";abgeschlossen;"20000,00";"10000,00";"10000,00";
2016;"NEUE Zeitungs GmbH";"Zuschuss zu den Kosten der redaktionsinternen Ausbildung von Nachwuchsjournalisten - Tageszeitungen";;"NEUE Vorarlberger Tageszeitung";"§ 10 Abs.1 PresseFG 2004";abgeschlossen;"3000,00";"1500,00";"1500,00";
2016;"Oberösterreichische Media Data Vertriebs- und Verlags GmbH";"Zuschuss zu den Kosten der redaktionsinternen Ausbildung von Nachwuchsjournalisten - Tageszeitungen";;"Neues Volksblatt";"§ 10 Abs.1 PresseFG 2004";abgeschlossen;"20000,00";"10000,00";"10000,00";
2016;"OÖN Redaktion GmbH & Co KG";"Zuschuss zu den Kosten der redaktionsinternen Ausbildung von Nachwuchsjournalisten - Tageszeitungen";;"OÖ Nachrichten";"§ 10 Abs.1 PresseFG 2004";abgeschlossen;"3949,00";"1974,50";"1974,50";
2016;"Russmedia Verlag GmbH";"Zuschuss zu den Kosten der redaktionsinternen Ausbildung von Nachwuchsjournalisten - Tageszeitungen";;"VN - Vorarlberger Nachrichten";"§ 10 Abs.1 PresseFG 2004";abgeschlossen;"3500,00";"1750,00";"1750,00";
2016;"Salzburger Verlagshausgesellschaft m.b.H.";"Zuschuss zu den Kosten der redaktionsinternen Ausbildung von Nachwuchsjournalisten - Wochenzeitungen";;"Salzburger Woche";"§ 10 Abs.1 PresseFG 2004";abgeschlossen;"9913,00";"4956,50";"4956,50";
2016;"Fachbereich Kommunikationswissenschaft (Abteilung Journalistik) der Universität Salzburg";"Zuschuss zu Forschungsprojekten";;"Zur Relevanz regionaler und lokaler Zeitungsangebote im Zeitalter der sozialen Medien";"§ 11 Abs.3 PresseFG 2004";abgeschlossen;"21000,00";"10500,00";"10500,00";
2016;"Institut für StrategieanalysenGmbH";"Zuschuss zu Forschungsprojekten";;"Einstellungen zu Printmedien in Österreich unter dem Aspekt des Vorwurfs von manipulativer Berichterstattung (Stichwort: ""Lügenpresse"")";"§ 11 Abs.3 PresseFG 2004";abgelehnt;",00";",00";",00";
2016;"Medienhaus Wien - Forschung und Weiterbildung GmbH";"Zuschuss zu Forschungsprojekten";;"Newsroom-Index II - Die ProduzentInnen-Perspektive";"§ 11 Abs.3 PresseFG 2004";abgeschlossen;"20000,00";"10000,00";"10000,00";
2017;"""Die Presse"" Verlags-Gesellschaft m.b.H. & Co KG";"Besondere Förderung zur Erhaltung der regionalen Vielfalt der Tageszeitungen";;"""DIE PRESSE"" Unabhängige Tageszeitung für Österreich";"Abschnitt III PresseFG 2004";abgeschlossen;"985530,80";"492765,40";"492765,40";
2017;"NEUE Zeitungs GmbH";"Besondere Förderung zur Erhaltung der regionalen Vielfalt der Tageszeitungen";;"NEUE Vorarlberger Tageszeitung";"Abschnitt III PresseFG 2004";abgeschlossen;"670256,40";"335128,20";"335128,20";
2017;"Oberösterreichische Media Data Vertriebs- und Verlags GmbH";"Besondere Förderung zur Erhaltung der regionalen Vielfalt der Tageszeitungen";;"NEUES VOLKSBLATT";"Abschnitt III PresseFG 2004";abgeschlossen;"679372,90";"339686,45";"339686,45";
2017;"STANDARD Verlagsgesellschaft m.b.H.";"Besondere Förderung zur Erhaltung der regionalen Vielfalt der Tageszeitungen";;"DER STANDARD";"Abschnitt III PresseFG 2004";abgeschlossen;"906839,90";"453419,95";"453419,95";
2017;"Forum Journalismus und Medien Wien - Verein Wiener Medienfortbildung";"Förderung von Vereinigungen der Journalistenausbildung";;"Forum Journalismus und Medien Wien - Verein Wiener Medienfortbildung";"§ 10 Abs.2 PresseFG 2004";abgeschlossen;"210155,00";"105077,50";"105077,50";
2017;"Friedrich Austerlitz-Institut für JournalistInnenausbildung";"Förderung von Vereinigungen der Journalistenausbildung";;"Friedrich-Austerlitz-Institut für JournalistInnenausbildung";"§ 10 Abs.2 PresseFG 2004";abgeschlossen;"17626,00";"8813,00";"8813,00";
2017;"Friedrich Funder Institut für Publizistik, Medienforschung und Journalistenausbildung";"Förderung von Vereinigungen der Journalistenausbildung";;"Friedrich Funder Institut für Publizistik, Medienforschung und Journalistenausbildung";"§ 10 Abs.2 PresseFG 2004";abgeschlossen;"27358,00";"13679,00";"13679,00";
2017;"Katholische Medien Akademie (KMA)";"Förderung von Vereinigungen der Journalistenausbildung";;"Katholische Medien Akademie";"§ 10 Abs.2 PresseFG 2004";abgeschlossen;"43287,00";"21643,50";"21643,50";
2017;"OÖ. Journalistenakademie";"Förderung von Vereinigungen der Journalistenausbildung";;"OÖ Journalistenakademie";"§ 10 Abs.2 PresseFG 2004";abgeschlossen;"60840,00";"30420,00";"30420,00";
2017;"Tiroler Journalismusakademie p.A. Volkshochschule Tirol";"Förderung von Vereinigungen der Journalistenausbildung";;"Tiroler Journalismusakademie";"§ 10 Abs.2 PresseFG 2004";abgeschlossen;"14899,00";"7449,50";"7449,50";
2017;"Österreichische Gesellschaft für Publizistik und Medien-Forschung";"Förderung von Vereinigungen der Journalistenausbildung";;"GESPU - Österreichische Gesellschaft für Publizistik und Medien-Forschung";"§ 10 Abs.2 PresseFG 2004";abgeschlossen;"18510,00";"9255,00";"9255,00";
2017;"Österreichische Medienakademie - Kuratorium für Journalistenausbildung";"Förderung von Vereinigungen der Journalistenausbildung";;"Österreichische Medienakademie - Kuratorium für Journalistenausbildung";"§ 10 Abs.2 PresseFG 2004";abgeschlossen;"215725,00";"107862,50";"107862,50";
2017;"Klub der Wirtschaftspublizisten";"Förderung von Vereinigungen, deren Hauptaufgabe die Veranstaltung oder Durchführung von Pressekonferenzen ist";;"Klub der Wirtschaftspublizisten";"§ 11 Abs.4 PresseFG 2004";abgeschlossen;"3744,00";"1872,00";"1872,00";
2017;"OÖ Presseclub";"Förderung von Vereinigungen, deren Hauptaufgabe die Veranstaltung oder Durchführung von Pressekonferenzen ist";;"OÖ Presseclub";"§ 11 Abs.4 PresseFG 2004";abgeschlossen;"8424,00";"4212,00";"4212,00";
2017;"Presseclub Concordia";"Förderung von Vereinigungen, deren Hauptaufgabe die Veranstaltung oder Durchführung von Pressekonferenzen ist";;"Presseclub Concordia";"§ 11 Abs.4 PresseFG 2004";abgeschlossen;"23400,00";"11700,00";"11700,00";
2017;"Steirischer Presseclub";"Förderung von Vereinigungen, deren Hauptaufgabe die Veranstaltung oder Durchführung von Pressekonferenzen ist";;"Steirischer Presseclub";"§ 11 Abs.4 PresseFG 2004";abgeschlossen;"7020,00";"3510,00";"3510,00";
2017;"Verband der Agrarjournalisten und -publizisten in Österreich (VAÖ)";"Förderung von Vereinigungen, deren Hauptaufgabe die Veranstaltung oder Durchführung von Pressekonferenzen ist";;"Verband der Agrarjournalisten und -publizisten in Österreich (VAÖ)";"§ 11 Abs.4 PresseFG 2004";abgeschlossen;"936,00";"468,00";"468,00";
2017;"Verband der Auslandspresse in Wien";"Förderung von Vereinigungen, deren Hauptaufgabe die Veranstaltung oder Durchführung von Pressekonferenzen ist";;"Verband der Auslandspresse in Wien";"§ 11 Abs.4 PresseFG 2004";abgeschlossen;"3276,00";"1638,00";"1638,00";
2017;"""Die Presse"" Verlags-Gesellschaft m.b.H. & Co KG";"Refundierung für die Gratisverteilung an Schulen - Tageszeitungen";;"""DIE PRESSE"" Unabhängige Tageszeitung für Österreich";"§ 11 Abs.2 Z 2 PresseFG 2004";abgeschlossen;"32177,00";"16088,50";"16088,50";
2017;"""Salzburger Nachrichten"" Verlagsgesellschaft m.b.H. & Co KG";"Refundierung für die Gratisverteilung an Schulen - Tageszeitungen";;"Salzburger Nachrichten";"§ 11 Abs.2 Z 2 PresseFG 2004";abgeschlossen;"48455,00";"24227,50";"24227,50";
2017;"Kleine Zeitung GmbH & Co KG";"Refundierung für die Gratisverteilung an Schulen - Tageszeitungen";;"Kleine Zeitung Steiermark und Kärnten";"§ 11 Abs.2 Z 2 PresseFG 2004";abgeschlossen;"19669,00";"9834,50";"9834,50";
2017;"Mediaprint Zeitungs- und Zeitschriftenverlag Gesellschaft m.b.H & Co KG";"Refundierung für die Gratisverteilung an Schulen - Tageszeitungen";;"KRONEN ZEITUNG";"§ 11 Abs.2 Z 2 PresseFG 2004";abgeschlossen;"23290,00";"11645,00";"11645,00";
2017;"Mediaprint Zeitungs- und Zeitschriftenverlag Gesellschaft m.b.H & Co KG";"Refundierung für die Gratisverteilung an Schulen - Tageszeitungen";;KURIER;"§ 11 Abs.2 Z 2 PresseFG 2004";abgeschlossen;"34042,00";"17021,00";"17021,00";
2017;"NEUE Zeitungs GmbH";"Refundierung für die Gratisverteilung an Schulen - Tageszeitungen";;"NEUE Vorarlberger Tageszeitung";"§ 11 Abs.2 Z 2 PresseFG 2004";abgeschlossen;"525,00";"262,50";"262,50";
2017;"Oberösterreichische Media Data Vertriebs- und Verlags GmbH";"Refundierung für die Gratisverteilung an Schulen - Tageszeitungen";;"NEUES VOLKSBLATT";"§ 11 Abs.2 Z 2 PresseFG 2004";abgeschlossen;"1097,00";"548,50";"548,50";
2017;"OÖN Redaktion GmbH & Co KG";"Refundierung für die Gratisverteilung an Schulen - Tageszeitungen";;"OÖ Nachrichten";"§ 11 Abs.2 Z 2 PresseFG 2004";abgeschlossen;"28380,00";"14190,00";"14190,00";
2017;"Russmedia Verlag GmbH";"Refundierung für die Gratisverteilung an Schulen - Tageszeitungen";;"VN - Vorarlberger Nachrichten";"§ 11 Abs.2 Z 2 PresseFG 2004";abgeschlossen;"9342,00";"4671,00";"4671,00";
2017;"Schlüsselverlag J. S. Moser GmbH";"Refundierung für die Gratisverteilung an Schulen - Tageszeitungen";;"TIROLER TAGESZEITUNG";"§ 11 Abs.2 Z 2 PresseFG 2004";abgeschlossen;"36306,00";"18153,00";"18153,00";
2017;"STANDARD Verlagsgesellschaft m.b.H.";"Refundierung für die Gratisverteilung an Schulen - Tageszeitungen";;"DER STANDARD";"§ 11 Abs.2 Z 2 PresseFG 2004";abgeschlossen;"47797,00";"23898,50";"23898,50";
2017;"BVZ Burgenländische Volkszeitung GmbH";"Refundierung für die Gratisverteilung an Schulen - Wochenzeitungen";;"BVZ - Burgenländische Volkszeitung";"§ 11 Abs.2 Z 2 PresseFG 2004";abgeschlossen;"250,00";"125,00";"125,00";
2017;"Die Furche-Zeitschriften Betriebs-Gesellschaft m.b.H. & Co.KG.";"Refundierung für die Gratisverteilung an Schulen - Wochenzeitungen";;"DIE FURCHE";"§ 11 Abs.2 Z 2 PresseFG 2004";abgeschlossen;"20830,00";"10415,00";"10415,00";
2017;"Diözese Linz";"Refundierung für die Gratisverteilung an Schulen - Wochenzeitungen";;"KirchenZeitung Diözese Linz";"§ 11 Abs.2 Z 2 PresseFG 2004";abgeschlossen;"556,00";"278,00";"278,00";
2017;"Falter - Zeitschriften Gesellschaft m.b.H.";"Refundierung für die Gratisverteilung an Schulen - Wochenzeitungen";;Falter;"§ 11 Abs.2 Z 2 PresseFG 2004";abgeschlossen;"2643,00";"1321,50";"1321,50";
2017;"Kleine Zeitung GmbH & Co KG";"Refundierung für die Gratisverteilung an Schulen - Wochenzeitungen";;"KLEINE KINDERZEITUNG";"§ 11 Abs.2 Z 2 PresseFG 2004";abgeschlossen;"12121,00";"6060,50";"6060,50";
2017;"Kroatischer Presseverein (Hrvatsko stamparsko drustvo)";"Refundierung für die Gratisverteilung an Schulen - Wochenzeitungen";;"HRVATSKE NOVINE";"§ 11 Abs.2 Z 2 PresseFG 2004";abgeschlossen;"847,00";"423,50";"423,50";
2017;"Murtaler Zeitung GmbH";"Refundierung für die Gratisverteilung an Schulen - Wochenzeitungen";;"Murtaler Zeitung";"§ 11 Abs.2 Z 2 PresseFG 2004";abgeschlossen;"137,00";"68,50";"68,50";
2017;"Niederösterreichisches Pressehaus Druck- und Verlagsgesellschaft m.b.H.";"Refundierung für die Gratisverteilung an Schulen - Wochenzeitungen";;"NÖN - Niederösterreichische Nachrichten";"§ 11 Abs.2 Z 2 PresseFG 2004";abgeschlossen;"2026,00";"1013,00";"1013,00";
2017;"Verlagsgruppe NEWS Gesellschaft m.b.H.";"Refundierung für die Gratisverteilung an Schulen - Wochenzeitungen";;PROFIL;"§ 11 Abs.2 Z 2 PresseFG 2004";abgeschlossen;"8332,00";"4166,00";"4166,00";
2017;"Verlagsgruppe NEWS Gesellschaft m.b.H.";"Refundierung für die Gratisverteilung an Schulen - Wochenzeitungen";;TREND;"§ 11 Abs.2 Z 2 PresseFG 2004";abgeschlossen;"607,00";"303,50";"303,50";
2017;"Verlagsgruppe NEWS Gesellschaft m.b.H.";"Refundierung für die Gratisverteilung an Schulen - Wochenzeitungen";;NEWS;"§ 11 Abs.2 Z 2 PresseFG 2004";abgeschlossen;"4132,00";"2066,00";"2066,00";
2017;"""Die Presse"" Verlags-Gesellschaft m.b.H. & Co KG";"Vertriebsförderung von Tageszeitungen";;"""DIE PRESSE"" Unabhängige Tageszeitung für Österreich";"Abschnitt II PresseFG 2004";abgeschlossen;"161376,80";"80688,40";"80688,40";
2017;"""Salzburger Nachrichten"" Verlagsgesellschaft m.b.H. & Co KG";"Vertriebsförderung von Tageszeitungen";;"Salzburger Nachrichten";"Abschnitt II PresseFG 2004";abgeschlossen;"201721,20";"100860,60";"100860,60";
2017;"Kleine Zeitung GmbH & Co KG";"Vertriebsförderung von Tageszeitungen";;"Kleine Zeitung Steiermark und Kärnten";"Abschnitt II PresseFG 2004";abgeschlossen;"201721,20";"100860,60";"100860,60";
2017;"Mediaprint Zeitungs- und Zeitschriftenverlag Gesellschaft m.b.H & Co KG";"Vertriebsförderung von Tageszeitungen";;KURIER;"Abschnitt II PresseFG 2004";abgeschlossen;"161376,80";"80688,40";"80688,40";
2017;"Mediaprint Zeitungs- und Zeitschriftenverlag Gesellschaft m.b.H & Co KG";"Vertriebsförderung von Tageszeitungen";;"KRONEN ZEITUNG";"Abschnitt II PresseFG 2004";abgeschlossen;"201721,20";"100860,60";"100860,60";
2017;"NEUE Zeitungs GmbH";"Vertriebsförderung von Tageszeitungen";;"NEUE Vorarlberger Tageszeitung";"Abschnitt II PresseFG 2004";abgeschlossen;"161376,80";"80688,40";"80688,40";
2017;"Oberösterreichische Media Data Vertriebs- und Verlags GmbH";"Vertriebsförderung von Tageszeitungen";;"NEUES VOLKSBLATT";"Abschnitt II PresseFG 2004";abgeschlossen;"201721,20";"100860,60";"100860,60";
2017;"OÖN Redaktion GmbH & Co KG";"Vertriebsförderung von Tageszeitungen";;"OÖ Nachrichten";"Abschnitt II PresseFG 2004";abgeschlossen;"201721,20";"100860,60";"100860,60";
2017;"Russmedia Verlag GmbH";"Vertriebsförderung von Tageszeitungen";;"VN - Vorarlberger Nachrichten";"Abschnitt II PresseFG 2004";abgeschlossen;"201721,20";"100860,60";"100860,60";
2017;"Schlüsselverlag J. S. Moser GmbH";"Vertriebsförderung von Tageszeitungen";;"TIROLER TAGESZEITUNG";"Abschnitt II PresseFG 2004";abgeschlossen;"201721,20";"100860,60";"100860,60";
2017;"STANDARD Verlagsgesellschaft m.b.H.";"Vertriebsförderung von Tageszeitungen";;"DER STANDARD";"Abschnitt II PresseFG 2004";abgeschlossen;"201721,20";"100860,60";"100860,60";
2017;"""W 3"" Verlagsgesellschaft m.b.H.";"Vertriebsförderung von Wochenzeitungen";;"Zur Zeit - Die Wochenzeitung für Österreich";"Abschnitt II PresseFG 2004";abgeschlossen;"46362,00";"23181,00";"23181,00";
2017;"Agrar Media Verlagsgesellschaft mbH";"Vertriebsförderung von Wochenzeitungen";;"Österreichische Bauernzeitung/Bauernbündler";"Abschnitt II PresseFG 2004";abgeschlossen;"85980,40";"42990,20";"42990,20";
2017;"Badener Zeitungsverlag GmbH";"Vertriebsförderung von Wochenzeitungen";;"Badener Zeitung";"Abschnitt II PresseFG 2004";abgeschlossen;"8550,20";"4275,10";"4275,10";
2017;"Bischöfliches Ordinariat, Diözese Graz-Seckau";"Vertriebsförderung von Wochenzeitungen";;"Sonntagsblatt für Steiermark";"Abschnitt II PresseFG 2004";abgeschlossen;"85980,40";"42990,20";"42990,20";
2017;"Bischöfliches Seelsorgeamt";"Vertriebsförderung von Wochenzeitungen";;"NEDELJA  Slowenische Kirchenzeitung der Diözese Gurk";"Abschnitt II PresseFG 2004";abgeschlossen;"15645,10";"7822,55";"7822,55";
2017;"BVZ Burgenländische Volkszeitung GmbH";"Vertriebsförderung von Wochenzeitungen";;"BVZ - Burgenländische Volkszeitung";"Abschnitt II PresseFG 2004";abgeschlossen;"49969,80";"24984,90";"24984,90";
2017;"Die Furche-Zeitschriften Betriebs-Gesellschaft m.b.H. & Co.KG.";"Vertriebsförderung von Wochenzeitungen";;"DIE FURCHE";"Abschnitt II PresseFG 2004";abgeschlossen;"70933,90";"35466,95";"35466,95";
2017;"Die ganze Woche GmbH";"Vertriebsförderung von Wochenzeitungen";;"Die ganze Woche";"Abschnitt II PresseFG 2004";abgeschlossen;"85980,40";"42990,20";"42990,20";
2017;"Diözese Eisenstadt - Bischöfliches Ordinariat Generalvikar Mag. Martin Korpitsch";"Vertriebsförderung von Wochenzeitungen";;"martinus - Kirchenzeitung der Diözese Eisenstadt";"Abschnitt II PresseFG 2004";abgeschlossen;"63333,30";"31666,65";"31666,65";
2017;"Diözese Eisenstadt, Kroatische Sektion im Pastoralamt";"Vertriebsförderung von Wochenzeitungen";;"GLASNIK  Crikvene novine Zeljezanske biskupije";"Abschnitt II PresseFG 2004";abgeschlossen;"7417,90";"3708,95";"3708,95";
2017;"Diözese Feldkirch";"Vertriebsförderung von Wochenzeitungen";;"KirchenBlatt Vorarlberg";"Abschnitt II PresseFG 2004";abgeschlossen;"56645,90";"28322,95";"28322,95";
2017;"Diözese Innsbruck - Bischöfliches Ordinariat";"Vertriebsförderung von Wochenzeitungen";;"Tiroler Sonntag - Kirchenzeitung der Diözese Innsbruck";"Abschnitt II PresseFG 2004";abgeschlossen;"73757,70";"36878,85";"36878,85";
2017;"Diözese Linz";"Vertriebsförderung von Wochenzeitungen";;"KirchenZeitung Diözese Linz";"Abschnitt II PresseFG 2004";abgeschlossen;"85980,40";"42990,20";"42990,20";
2017;"Falter - Zeitschriften Gesellschaft m.b.H.";"Vertriebsförderung von Wochenzeitungen";;Falter;"Abschnitt II PresseFG 2004";abgeschlossen;"83592,10";"41796,05";"41796,05";
2017;"Freiheitliche Partei Österreichs";"Vertriebsförderung von Wochenzeitungen";;"NEUE FREIE ZEITUNG";"Abschnitt II PresseFG 2004";abgeschlossen;"49523,00";"24761,50";"24761,50";
2017;"Kirchenblatt für die Diözese St. Pölten";"Vertriebsförderung von Wochenzeitungen";;"Kirche bunt  St. Pöltner Kirchenzeitung";"Abschnitt II PresseFG 2004";abgeschlossen;"70133,10";"35066,55";"35066,55";
2017;"Kitzbüheler Anzeiger Gesellschaft m.b.H.";"Vertriebsförderung von Wochenzeitungen";;"Kitzbüheler Anzeiger";"Abschnitt II PresseFG 2004";abgeschlossen;"8550,20";"4275,10";"4275,10";
2017;"Kleine Zeitung GmbH & Co KG";"Vertriebsförderung von Wochenzeitungen";;"KLEINE KINDERZEITUNG";"Abschnitt II PresseFG 2004";abgeschlossen;"15385,50";"7692,75";"7692,75";
2017;"Kroatischer Presseverein (Hrvatsko stamparsko drustvo)";"Vertriebsförderung von Wochenzeitungen";;"HRVATSKE NOVINE";"Abschnitt II PresseFG 2004";abgeschlossen;"10326,10";"5163,05";"5163,05";
2017;"Murtaler Zeitung GmbH";"Vertriebsförderung von Wochenzeitungen";;"Murtaler Zeitung";"Abschnitt II PresseFG 2004";abgeschlossen;"6840,20";"3420,10";"3420,10";
2017;"NEUES LAND Medien GesmbH";"Vertriebsförderung von Wochenzeitungen";;"NEUES LAND";"Abschnitt II PresseFG 2004";abgeschlossen;"85980,40";"42990,20";"42990,20";
2017;"Niederösterreichisches Pressehaus Druck- und Verlagsgesellschaft m.b.H.";"Vertriebsförderung von Wochenzeitungen";;NÖN;"Abschnitt II PresseFG 2004";abgeschlossen;"87666,30";"43833,15";"43833,15";
2017;"Ordinariat der Erzdiözese Salzburg";"Vertriebsförderung von Wochenzeitungen";;"RUPERTUSBLATT - Kirchenzeitung der Erzdiözese Salzburg";"Abschnitt II PresseFG 2004";abgeschlossen;"68152,20";"34076,10";"34076,10";
2017;"Osttiroler Bote Medienunternehmen GesmbH";"Vertriebsförderung von Wochenzeitungen";;"OSTTIROLER BOTE";"Abschnitt II PresseFG 2004";abgeschlossen;"8550,20";"4275,10";"4275,10";
2017;"Raiffeisen Media GmbH";"Vertriebsförderung von Wochenzeitungen";;RAIFFEISENZEITUNG;"Abschnitt II PresseFG 2004";abgeschlossen;"77551,00";"38775,50";"38775,50";
2017;"Salzburger Verlagshausgesellschaft m.b.H.";"Vertriebsförderung von Wochenzeitungen";;"Salzburger Woche";"Abschnitt II PresseFG 2004";abgeschlossen;"85980,40";"42990,20";"42990,20";
2017;"Seelsorgeamt der Diözese Gurk";"Vertriebsförderung von Wochenzeitungen";;"Der Sonntag - Kärntner Kirchenzeitung";"Abschnitt II PresseFG 2004";abgeschlossen;"43833,20";"21916,60";"21916,60";
2017;"SloMedia - Slovenski medijski center - Slowenisches Medienzentrum GmbH";"Vertriebsförderung von Wochenzeitungen";;NOVICE;"Abschnitt II PresseFG 2004";abgeschlossen;"19556,30";"9778,15";"9778,15";
2017;"SPORTZEITUNG Verlags-GmbH";"Vertriebsförderung von Wochenzeitungen";;SPORTZEITUNG;"Abschnitt II PresseFG 2004";abgelehnt;",00";",00";",00";
2017;"TIPS Zeitungs GmbH & Co KG";"Vertriebsförderung von Wochenzeitungen";;"ISCHLER WOCHE";"Abschnitt II PresseFG 2004";abgeschlossen;"8550,20";"4275,10";"4275,10";
2017;"Unterkärntner Nachrichten Verlags GmbH";"Vertriebsförderung von Wochenzeitungen";;"Unterkärntner Nachrichten";"Abschnitt II PresseFG 2004";abgeschlossen;"8550,20";"4275,10";"4275,10";
2017;"Verlagsgruppe NEWS Gesellschaft m.b.H.";"Vertriebsförderung von Wochenzeitungen";;TREND;"Abschnitt II PresseFG 2004";abgeschlossen;"30346,00";"15173,00";"15173,00";
2017;"Verlagsgruppe NEWS Gesellschaft m.b.H.";"Vertriebsförderung von Wochenzeitungen";;NEWS;"Abschnitt II PresseFG 2004";abgeschlossen;"50576,70";"25288,35";"25288,35";
2017;"Verlagsgruppe NEWS Gesellschaft m.b.H.";"Vertriebsförderung von Wochenzeitungen";;PROFIL;"Abschnitt II PresseFG 2004";abgeschlossen;"68784,40";"34392,20";"34392,20";
2017;"Verlagsgruppe NEWS Gesellschaft m.b.H.";"Vertriebsförderung von Wochenzeitungen";;"TV Media";"Abschnitt II PresseFG 2004";abgeschlossen;"87666,30";"43833,15";"43833,15";
2017;"Wallig Ennstaler Druckerei und Verlag GmbH";"Vertriebsförderung von Wochenzeitungen";;"DER ENNSTALER";"Abschnitt II PresseFG 2004";abgeschlossen;"8550,20";"4275,10";"4275,10";
2017;"Wiener Dom-Verlag Gesellschaft m.b.H.";"Vertriebsförderung von Wochenzeitungen";;"Der Sonntag - Die Zeitung der Erzdiözese Wien";"Abschnitt II PresseFG 2004";abgeschlossen;"65918,40";"32959,20";"32959,20";
2017;"Verein zur Förderung der Nutzung von Zeitungen in der Schule";"Zuschuss an Vereinigungen zur Leseförderungen";;"Verein Zeitung in der Schule";"§ 11 Abs.2 Z 1 PresseFG 2004";abgeschlossen;"242839,00";"121419,50";"121419,50";
2017;"""Die Presse"" Verlags-Gesellschaft m.b.H. & Co KG";"Zuschuss zu den Kosten angestellter Auslandskorrespondenten";;"""DIE PRESSE"" Unabhängige Tageszeitung für Österreich";"§ 11 Abs.1 PresseFG 2004";abgeschlossen;"40000,00";"20000,00";"20000,00";
2017;"""Salzburger Nachrichten"" Verlagsgesellschaft m.b.H. & Co KG";"Zuschuss zu den Kosten angestellter Auslandskorrespondenten";;"Salzburger Nachrichten";"§ 11 Abs.1 PresseFG 2004";abgeschlossen;"40000,00";"20000,00";"20000,00";
2017;"Mediaprint Zeitungs- und Zeitschriftenverlag Gesellschaft m.b.H & Co KG";"Zuschuss zu den Kosten angestellter Auslandskorrespondenten";;KURIER;"§ 11 Abs.1 PresseFG 2004";abgeschlossen;"40000,00";"20000,00";"20000,00";
2017;"""Die Presse"" Verlags-Gesellschaft m.b.H. & Co KG";"Zuschuss zu den Kosten der redaktionsinternen Ausbildung von Nachwuchsjournalisten - Tageszeitungen";;"""DIE PRESSE"" Unabhängige Tageszeitung für Österreich";"§ 10 Abs.1 PresseFG 2004";abgeschlossen;"20000,00";"10000,00";"10000,00";
2017;"Kleine Zeitung GmbH & Co KG";"Zuschuss zu den Kosten der redaktionsinternen Ausbildung von Nachwuchsjournalisten - Tageszeitungen";;"Kleine Zeitung Steiermark und Kärnten";"§ 10 Abs.1 PresseFG 2004";abgeschlossen;"20000,00";"10000,00";"10000,00";
2017;"Mediaprint Zeitungs- und Zeitschriftenverlag Gesellschaft m.b.H & Co KG";"Zuschuss zu den Kosten der redaktionsinternen Ausbildung von Nachwuchsjournalisten - Tageszeitungen";;"KRONEN ZEITUNG";"§ 10 Abs.1 PresseFG 2004";abgeschlossen;"20000,00";"10000,00";"10000,00";
2017;"Mediaprint Zeitungs- und Zeitschriftenverlag Gesellschaft m.b.H & Co KG";"Zuschuss zu den Kosten der redaktionsinternen Ausbildung von Nachwuchsjournalisten - Tageszeitungen";;KURIER;"§ 10 Abs.1 PresseFG 2004";abgeschlossen;"20000,00";"10000,00";"10000,00";
2017;"NEUE Zeitungs GmbH";"Zuschuss zu den Kosten der redaktionsinternen Ausbildung von Nachwuchsjournalisten - Tageszeitungen";;"NEUE Vorarlberger Tageszeitung";"§ 10 Abs.1 PresseFG 2004";abgeschlossen;"3000,00";"1500,00";"1500,00";
2017;"OÖN Redaktion GmbH & Co KG";"Zuschuss zu den Kosten der redaktionsinternen Ausbildung von Nachwuchsjournalisten - Tageszeitungen";;"OÖ Nachrichten";"§ 10 Abs.1 PresseFG 2004";abgeschlossen;"20000,00";"10000,00";"10000,00";
2017;"Russmedia Verlag GmbH";"Zuschuss zu den Kosten der redaktionsinternen Ausbildung von Nachwuchsjournalisten - Tageszeitungen";;"VN - Vorarlberger Nachrichten";"§ 10 Abs.1 PresseFG 2004";abgeschlossen;"3500,00";"1750,00";"1750,00";
2017;"Salzburger Verlagshausgesellschaft m.b.H.";"Zuschuss zu den Kosten der redaktionsinternen Ausbildung von Nachwuchsjournalisten - Wochenzeitungen";;"Salzburger Woche";"§ 10 Abs.1 PresseFG 2004";abgeschlossen;"20000,00";"10000,00";"10000,00";
2017;"Fachbereich Kommunikationswissenschaft (Abteilung Journalistik) der Universität Salzburg";"Zuschuss zu Forschungsprojekten";;"Work in p(rog)ress  Neue Nachrichten- und Arbeitsprozesse im österreichischen Journalismus";"§ 11 Abs.3 PresseFG 2004";ausgezahlt;"20100,00";"10050,00";"10050,00";
2017;"Medienhaus Wien - Forschung und Weiterbildung GmbH";"Zuschuss zu Forschungsprojekten";;"Heimvorteil? Digitale Transition im Lokaljournalismus; Studie zu Arbeitsbedingungen und digitalen Veränderungen in Österreichs Regionaljournalismus.";"§ 11 Abs.3 PresseFG 2004";ausgezahlt;"20000,00";"10000,00";"10000,00";
2017;"Medienhaus Wien - Forschung und Weiterbildung GmbH";"Zuschuss zu Forschungsprojekten";;"Studie zu aktuellen Technologieanforderungen und -entwicklungen in österreichischen Zeitungsverlagen";"§ 11 Abs.3 PresseFG 2004";ausgezahlt;"15200,00";"7600,00";"7600,00";
2017;"Universität Salzburg";"Zuschuss zu Forschungsprojekten";;"Erfolgsfaktor Glaubwürdigkeit: Forschungsprojekt über die Sicherstellung von Glaubwürdigkeit und Unabhängigkeit der Presse";"§ 11 Abs.3 PresseFG 2004";ausgezahlt;"26600,00";"13300,00";"13300,00";
2018;"""Die Presse"" Verlags-Gesellschaft m.b.H. & Co KG";"Besondere Förderung zur Erhaltung der regionalen Vielfalt der Tageszeitungen";;"""DIE PRESSE"" Unabhängige Tageszeitung für Österreich und ""Die Presse am Sonntag""";"Abschnitt III PresseFG 2004";abgeschlossen;"993975,00";"496987,50";"496987,50";
2018;"NEUE Zeitungs GmbH";"Besondere Förderung zur Erhaltung der regionalen Vielfalt der Tageszeitungen";;"NEUE Vorarlberger Tageszeitung";"Abschnitt III PresseFG 2004";abgeschlossen;"671192,00";"335596,00";"335596,00";
2018;"Oberösterreichische Media Data Vertriebs- und Verlags GmbH";"Besondere Förderung zur Erhaltung der regionalen Vielfalt der Tageszeitungen";;"NEUES VOLKSBLATT";"Abschnitt III PresseFG 2004";abgeschlossen;"674308,00";"337154,00";"337154,00";
2018;"STANDARD Verlagsgesellschaft m.b.H.";"Besondere Förderung zur Erhaltung der regionalen Vielfalt der Tageszeitungen";;"DER STANDARD";"Abschnitt III PresseFG 2004";abgeschlossen;"902525,00";"451262,50";"451262,50";
2018;"Forum Journalismus und Medien Wien - Verein Wiener Medienfortbildung";"Förderung von Vereinigungen der Journalistenausbildung";;"Forum Journalismus und Medien Wien - Verein Wiener Medienfortbildung";"§ 10 Abs.2 PresseFG 2004";abgeschlossen;"202537,00";"101268,50";"101268,50";
2018;"Friedrich Austerlitz-Institut für JournalistInnenausbildung";"Förderung von Vereinigungen der Journalistenausbildung";;"Friedrich-Austerlitz-Institut für JournalistInnenausbildung";"§ 10 Abs.2 PresseFG 2004";abgeschlossen;"4479,00";"2239,50";"2239,50";
2018;"Friedrich Funder Institut für Publizistik, Medienforschung und Journalistenausbildung";"Förderung von Vereinigungen der Journalistenausbildung";;"Friedrich Funder Institut für Publizistik, Medienforschung und Journalistenausbildung";"§ 10 Abs.2 PresseFG 2004";abgeschlossen;"24354,00";"12177,00";"12177,00";
2018;"Katholische Medien Akademie (KMA)";"Förderung von Vereinigungen der Journalistenausbildung";;"Katholische Medien Akademie";"§ 10 Abs.2 PresseFG 2004";abgeschlossen;"54601,00";"27300,50";"27300,50";
2018;"OÖ. Journalistenakademie";"Förderung von Vereinigungen der Journalistenausbildung";;"OÖ Journalistenakademie";"§ 10 Abs.2 PresseFG 2004";abgeschlossen;"60840,00";"30420,00";"30420,00";
2018;"Tiroler Journalismusakademie p.A. Volkshochschule Tirol";"Förderung von Vereinigungen der Journalistenausbildung";;"Tiroler Journalismusakademie";"§ 10 Abs.2 PresseFG 2004";abgeschlossen;"25809,00";"12904,50";"12904,50";
2018;"Österreichische Gesellschaft für Publizistik und Medien-Forschung";"Förderung von Vereinigungen der Journalistenausbildung";;"GESPU - Österreichische Gesellschaft für Publizistik und Medien-Forschung";"§ 10 Abs.2 PresseFG 2004";abgeschlossen;"12437,00";"6218,50";"6218,50";
2018;"Österreichische Medienakademie - Kuratorium für Journalistenausbildung";"Förderung von Vereinigungen der Journalistenausbildung";;"Österreichische Medienakademie - Kuratorium für Journalistenausbildung";"§ 10 Abs.2 PresseFG 2004";abgeschlossen;"223343,00";"111671,50";"111671,50";
2018;"Klub der Wirtschaftspublizisten";"Förderung von Vereinigungen, deren Hauptaufgabe die Veranstaltung oder Durchführung von Pressekonferenzen ist";;"Klub der Wirtschaftspublizisten";"§ 11 Abs.4 PresseFG 2004";abgeschlossen;"3744,00";"1872,00";"1872,00";
2018;"OÖ Presseclub";"Förderung von Vereinigungen, deren Hauptaufgabe die Veranstaltung oder Durchführung von Pressekonferenzen ist";;"OÖ PRESSECLUB";"§ 11 Abs.4 PresseFG 2004";abgeschlossen;"8424,00";"4212,00";"4212,00";
2018;"Presseclub Concordia";"Förderung von Vereinigungen, deren Hauptaufgabe die Veranstaltung oder Durchführung von Pressekonferenzen ist";;"Presseclub Concordia";"§ 11 Abs.4 PresseFG 2004";abgeschlossen;"23400,00";"11700,00";"11700,00";
2018;"Steirischer Presseclub";"Förderung von Vereinigungen, deren Hauptaufgabe die Veranstaltung oder Durchführung von Pressekonferenzen ist";;"Steirischer Presseclub";"§ 11 Abs.4 PresseFG 2004";abgeschlossen;"7020,00";"3510,00";"3510,00";
2018;"Verband der Agrarjournalisten und -publizisten in Österreich (VAÖ)";"Förderung von Vereinigungen, deren Hauptaufgabe die Veranstaltung oder Durchführung von Pressekonferenzen ist";;"Verband der Agrarjournalisten und -publizisten in Österreich (VAÖ)";"§ 11 Abs.4 PresseFG 2004";abgeschlossen;"936,00";"468,00";"468,00";
2018;"Verband der Auslandspresse in Wien";"Förderung von Vereinigungen, deren Hauptaufgabe die Veranstaltung oder Durchführung von Pressekonferenzen ist";;"Verband der Auslandspresse in Wien";"§ 11 Abs.4 PresseFG 2004";abgeschlossen;"3276,00";"1638,00";"1638,00";
2018;"""Die Presse"" Verlags-Gesellschaft m.b.H. & Co KG";"Refundierung für die Gratisverteilung an Schulen - Tageszeitungen";;"""DIE PRESSE"" Unabhängige Tageszeitung für Österreich und ""Die Presse am Sonntag""";"§ 11 Abs.2 Z 2 PresseFG 2004";abgeschlossen;"37665,00";"18832,50";"18832,50";
2018;"""Salzburger Nachrichten"" Verlagsgesellschaft m.b.H. & Co KG";"Refundierung für die Gratisverteilung an Schulen - Tageszeitungen";;"SALZBURGER NACHRICHTEN";"§ 11 Abs.2 Z 2 PresseFG 2004";abgeschlossen;"51083,00";"25541,50";"25541,50";
2018;"Kleine Zeitung GmbH & Co KG";"Refundierung für die Gratisverteilung an Schulen - Tageszeitungen";;"Kleine Zeitung Steiermark und Kärnten";"§ 11 Abs.2 Z 2 PresseFG 2004";abgeschlossen;"18389,00";"9194,50";"9194,50";
2018;"Mediaprint Zeitungs- und Zeitschriftenverlag Gesellschaft m.b.H & Co KG";"Refundierung für die Gratisverteilung an Schulen - Tageszeitungen";;"KRONEN ZEITUNG";"§ 11 Abs.2 Z 2 PresseFG 2004";abgeschlossen;"25224,00";"12612,00";"12612,00";
2018;"Mediaprint Zeitungs- und Zeitschriftenverlag Gesellschaft m.b.H & Co KG";"Refundierung für die Gratisverteilung an Schulen - Tageszeitungen";;KURIER;"§ 11 Abs.2 Z 2 PresseFG 2004";abgeschlossen;"34985,00";"17492,50";"17492,50";
2018;"NEUE Zeitungs GmbH";"Refundierung für die Gratisverteilung an Schulen - Tageszeitungen";;"NEUE Vorarlberger Tageszeitung";"§ 11 Abs.2 Z 2 PresseFG 2004";abgeschlossen;"703,00";"351,50";"351,50";
2018;"Oberösterreichische Media Data Vertriebs- und Verlags GmbH";"Refundierung für die Gratisverteilung an Schulen - Tageszeitungen";;"NEUES VOLKSBLATT";"§ 11 Abs.2 Z 2 PresseFG 2004";abgeschlossen;"1164,00";"582,00";"582,00";
2018;"OÖN Redaktion GmbH & Co KG";"Refundierung für die Gratisverteilung an Schulen - Tageszeitungen";;"OÖ NACHRICHTEN, Welt der Kindernachrichten";"§ 11 Abs.2 Z 2 PresseFG 2004";abgeschlossen;"28006,00";"14003,00";"14003,00";
2018;"Russmedia Verlag GmbH";"Refundierung für die Gratisverteilung an Schulen - Tageszeitungen";;"VN - Vorarlberger Nachrichten";"§ 11 Abs.2 Z 2 PresseFG 2004";abgeschlossen;"8262,00";"4131,00";"4131,00";
2018;"Schlüsselverlag J. S. Moser GmbH";"Refundierung für die Gratisverteilung an Schulen - Tageszeitungen";;"TIROLER TAGESZEITUNG";"§ 11 Abs.2 Z 2 PresseFG 2004";abgeschlossen;"40869,00";"20434,50";"20434,50";
2018;"STANDARD Verlagsgesellschaft m.b.H.";"Refundierung für die Gratisverteilung an Schulen - Tageszeitungen";;"DER STANDARD";"§ 11 Abs.2 Z 2 PresseFG 2004";abgeschlossen;"50487,00";"25243,50";"25243,50";
2018;"BVZ Burgenländische Volkszeitung GmbH";"Refundierung für die Gratisverteilung an Schulen - Wochenzeitungen";;"BVZ - Burgenländische Volkszeitung";"§ 11 Abs.2 Z 2 PresseFG 2004";abgeschlossen;"45,00";"22,50";"22,50";
2018;"Die Furche-Zeitschriften Betriebs-Gesellschaft m.b.H. & Co.KG.";"Refundierung für die Gratisverteilung an Schulen - Wochenzeitungen";;"DIE FURCHE";"§ 11 Abs.2 Z 2 PresseFG 2004";abgeschlossen;"21677,00";"10838,50";"10838,50";
2018;"Diözese Linz";"Refundierung für die Gratisverteilung an Schulen - Wochenzeitungen";;"KirchenZeitung Diözese Linz";"§ 11 Abs.2 Z 2 PresseFG 2004";abgeschlossen;"640,00";"320,00";"320,00";
2018;"Falter - Zeitschriften Gesellschaft m.b.H.";"Refundierung für die Gratisverteilung an Schulen - Wochenzeitungen";;FALTER;"§ 11 Abs.2 Z 2 PresseFG 2004";abgeschlossen;"2565,00";"1282,50";"1282,50";
2018;"Kleine Zeitung GmbH & Co KG";"Refundierung für die Gratisverteilung an Schulen - Wochenzeitungen";;"KLEINE KINDERZEITUNG";"§ 11 Abs.2 Z 2 PresseFG 2004";abgeschlossen;"11072,00";"5536,00";"5536,00";
2018;"Kroatischer Presseverein (Hrvatsko stamparsko drustvo)";"Refundierung für die Gratisverteilung an Schulen - Wochenzeitungen";;"HRVATSKE NOVINE";"§ 11 Abs.2 Z 2 PresseFG 2004";abgeschlossen;"829,00";"414,50";"414,50";
2018;"Murtaler Zeitung GmbH";"Refundierung für die Gratisverteilung an Schulen - Wochenzeitungen";;"Murtaler Zeitung";"§ 11 Abs.2 Z 2 PresseFG 2004";abgeschlossen;"148,00";"74,00";"74,00";
2018;"Niederösterreichisches Pressehaus Druck- und Verlagsgesellschaft m.b.H.";"Refundierung für die Gratisverteilung an Schulen - Wochenzeitungen";;"NÖN - Niederösterreichische Nachrichten";"§ 11 Abs.2 Z 2 PresseFG 2004";abgeschlossen;"1563,00";"781,50";"781,50";
2018;"SPORTZEITUNG Verlags-GmbH";"Refundierung für die Gratisverteilung an Schulen - Wochenzeitungen";;SPORTZEITUNG;"§ 11 Abs.2 Z 2 PresseFG 2004";abgeschlossen;"215,00";"107,50";"107,50";
2018;"Unterkärntner Nachrichten Verlags GmbH";"Refundierung für die Gratisverteilung an Schulen - Wochenzeitungen";;"UNTERKÄRNTNER NACHRICHTEN";"§ 11 Abs.2 Z 2 PresseFG 2004";abgeschlossen;"240,00";"120,00";"120,00";
2018;"VGN Medien Holding GmbH";"Refundierung für die Gratisverteilung an Schulen - Wochenzeitungen";;TREND;"§ 11 Abs.2 Z 2 PresseFG 2004";abgeschlossen;"512,00";"256,00";"256,00";
2018;"VGN Medien Holding GmbH";"Refundierung für die Gratisverteilung an Schulen - Wochenzeitungen";;NEWS;"§ 11 Abs.2 Z 2 PresseFG 2004";abgeschlossen;"4640,00";"2320,00";"2320,00";
2018;"VGN Medien Holding GmbH";"Refundierung für die Gratisverteilung an Schulen - Wochenzeitungen";;PROFIL;"§ 11 Abs.2 Z 2 PresseFG 2004";abgeschlossen;"6338,00";"3169,00";"3169,00";
2018;"""Die Presse"" Verlags-Gesellschaft m.b.H. & Co KG";"Vertriebsförderung von Tageszeitungen";;"""DIE PRESSE"" Unabhängige Tageszeitung für Österreich und ""Die Presse am Sonntag""";"Abschnitt II PresseFG 2004";abgeschlossen;"161376,80";"80688,40";"80688,40";
2018;"""Salzburger Nachrichten"" Verlagsgesellschaft m.b.H. & Co KG";"Vertriebsförderung von Tageszeitungen";;"SALZBURGER NACHRICHTEN";"Abschnitt II PresseFG 2004";abgeschlossen;"201721,20";"100860,60";"100860,60";
2018;"Kleine Zeitung GmbH & Co KG";"Vertriebsförderung von Tageszeitungen";;"Kleine Zeitung Steiermark und Kärnten";"Abschnitt II PresseFG 2004";abgeschlossen;"201721,20";"100860,60";"100860,60";
2018;"Mediaprint Zeitungs- und Zeitschriftenverlag Gesellschaft m.b.H & Co KG";"Vertriebsförderung von Tageszeitungen";;"KRONEN ZEITUNG";"Abschnitt II PresseFG 2004";abgeschlossen;"201721,20";"100860,60";"100860,60";
2018;"Mediaprint Zeitungs- und Zeitschriftenverlag Gesellschaft m.b.H & Co KG";"Vertriebsförderung von Tageszeitungen";;KURIER;"Abschnitt II PresseFG 2004";abgeschlossen;"161376,80";"80688,40";"80688,40";
2018;"NEUE Zeitungs GmbH";"Vertriebsförderung von Tageszeitungen";;"NEUE Vorarlberger Tageszeitung";"Abschnitt II PresseFG 2004";abgeschlossen;"161376,80";"80688,40";"80688,40";
2018;"Oberösterreichische Media Data Vertriebs- und Verlags GmbH";"Vertriebsförderung von Tageszeitungen";;"NEUES VOLKSBLATT";"Abschnitt II PresseFG 2004";abgeschlossen;"201721,20";"100860,60";"100860,60";
2018;"OÖN Redaktion GmbH & Co KG";"Vertriebsförderung von Tageszeitungen";;"OÖ NACHRICHTEN";"Abschnitt II PresseFG 2004";abgeschlossen;"201721,20";"100860,60";"100860,60";
2018;"Russmedia Verlag GmbH";"Vertriebsförderung von Tageszeitungen";;"VN - Vorarlberger Nachrichten";"Abschnitt II PresseFG 2004";abgeschlossen;"201721,20";"100860,60";"100860,60";
2018;"Schlüsselverlag J. S. Moser GmbH";"Vertriebsförderung von Tageszeitungen";;"TIROLER TAGESZEITUNG";"Abschnitt II PresseFG 2004";abgeschlossen;"201721,20";"100860,60";"100860,60";
2018;"STANDARD Verlagsgesellschaft m.b.H.";"Vertriebsförderung von Tageszeitungen";;"DER STANDARD";"Abschnitt II PresseFG 2004";abgeschlossen;"201721,20";"100860,60";"100860,60";
2018;"""W 3"" Verlagsgesellschaft m.b.H.";"Vertriebsförderung von Wochenzeitungen";;"Zur Zeit - Die Wochenzeitung für Österreich";"Abschnitt II PresseFG 2004";abgeschlossen;"45023,20";"22511,60";"22511,60";
2018;"Agrar Media Verlagsgesellschaft mbH";"Vertriebsförderung von Wochenzeitungen";;"Österreichische Bauernzeitung/Bauernbündler";"Abschnitt II PresseFG 2004";abgeschlossen;"85439,30";"42719,65";"42719,65";
2018;"Badener Zeitungsverlag GmbH";"Vertriebsförderung von Wochenzeitungen";;"BADENER ZEITUNG";"Abschnitt II PresseFG 2004";abgeschlossen;"10024,00";"5012,00";"5012,00";
2018;"Bischöfliches Ordinariat, Diözese Graz-Seckau";"Vertriebsförderung von Wochenzeitungen";;"Sonntagsblatt für Steiermark";"Abschnitt II PresseFG 2004";abgeschlossen;"85439,30";"42719,65";"42719,65";
2018;"Bischöfliches Seelsorgeamt";"Vertriebsförderung von Wochenzeitungen";;"NEDELJA  Slowenische Kirchenzeitung der Diözese Gurk";"Abschnitt II PresseFG 2004";abgeschlossen;"15870,50";"7935,25";"7935,25";
2018;"BVZ Burgenländische Volkszeitung GmbH";"Vertriebsförderung von Wochenzeitungen";;"BVZ - Burgenländische Volkszeitung";"Abschnitt II PresseFG 2004";abgeschlossen;"49655,30";"24827,65";"24827,65";
2018;"Die Furche-Zeitschriften Betriebs-Gesellschaft m.b.H. & Co.KG.";"Vertriebsförderung von Wochenzeitungen";;"DIE FURCHE";"Abschnitt II PresseFG 2004";abgeschlossen;"70487,40";"35243,70";"35243,70";
2018;"Die ganze Woche GmbH";"Vertriebsförderung von Wochenzeitungen";;"Die ganze WOCHE";"Abschnitt II PresseFG 2004";abgeschlossen;"87114,60";"43557,30";"43557,30";
2018;"Diözese Eisenstadt - Bischöfliches Ordinariat Generalvikar Mag. Martin Korpitsch";"Vertriebsförderung von Wochenzeitungen";;"martinus - Kirchenzeitung der Diözese Eisenstadt";"Abschnitt II PresseFG 2004";abgeschlossen;"62934,70";"31467,35";"31467,35";
2018;"Diözese Eisenstadt, Kroatische Sektion im Pastoralamt";"Vertriebsförderung von Wochenzeitungen";;"GLASNIK  Crikvene novine Zeljezanske biskupije";"Abschnitt II PresseFG 2004";abgeschlossen;"7036,20";"3518,10";"3518,10";
2018;"Diözese Feldkirch";"Vertriebsförderung von Wochenzeitungen";;"KirchenBlatt Vorarlberg";"Abschnitt II PresseFG 2004";abgeschlossen;"56289,40";"28144,70";"28144,70";
2018;"Diözese Innsbruck - Bischöfliches Ordinariat";"Vertriebsförderung von Wochenzeitungen";;"Tiroler Sonntag - Kirchenzeitung der Diözese Innsbruck";"Abschnitt II PresseFG 2004";abgeschlossen;"73293,50";"36646,75";"36646,75";
2018;"Diözese Linz";"Vertriebsförderung von Wochenzeitungen";;"KirchenZeitung Diözese Linz";"Abschnitt II PresseFG 2004";abgeschlossen;"85439,30";"42719,65";"42719,65";
2018;"Falter - Zeitschriften Gesellschaft m.b.H.";"Vertriebsförderung von Wochenzeitungen";;FALTER;"Abschnitt II PresseFG 2004";abgeschlossen;"83764,00";"41882,00";"41882,00";
2018;"Freiheitliche Partei Österreichs";"Vertriebsförderung von Wochenzeitungen";;"NEUE FREIE ZEITUNG";"Abschnitt II PresseFG 2004";abgeschlossen;"50258,40";"25129,20";"25129,20";
2018;"Kirchenblatt für die Diözese St. Pölten";"Vertriebsförderung von Wochenzeitungen";;"Kirche bunt  St. Pöltner Kirchenzeitung";"Abschnitt II PresseFG 2004";abgeschlossen;"69691,70";"34845,85";"34845,85";
2018;"Kitzbüheler Anzeiger Gesellschaft m.b.H.";"Vertriebsförderung von Wochenzeitungen";;"Kitzbüheler Anzeiger";"Abschnitt II PresseFG 2004";abgeschlossen;"10024,00";"5012,00";"5012,00";
2018;"Kleine Zeitung GmbH & Co KG";"Vertriebsförderung von Wochenzeitungen";;"KLEINE KINDERZEITUNG";"Abschnitt II PresseFG 2004";abgeschlossen;"14610,10";"7305,05";"7305,05";
2018;"Kroatischer Presseverein (Hrvatsko stamparsko drustvo)";"Vertriebsförderung von Wochenzeitungen";;"HRVATSKE NOVINE";"Abschnitt II PresseFG 2004";abgeschlossen;"10051,70";"5025,85";"5025,85";
2018;"Murtaler Zeitung GmbH";"Vertriebsförderung von Wochenzeitungen";;"Murtaler Zeitung";"Abschnitt II PresseFG 2004";abgeschlossen;"8019,20";"4009,60";"4009,60";
2018;"NEUES LAND Medien GesmbH";"Vertriebsförderung von Wochenzeitungen";;"NEUES LAND";"Abschnitt II PresseFG 2004";abgeschlossen;"85439,30";"42719,65";"42719,65";
2018;"Niederösterreichisches Pressehaus Druck- und Verlagsgesellschaft m.b.H.";"Vertriebsförderung von Wochenzeitungen";;NÖN;"Abschnitt II PresseFG 2004";abgeschlossen;"87114,60";"43557,30";"43557,30";
2018;"Ordinariat der Erzdiözese Salzburg";"Vertriebsförderung von Wochenzeitungen";;"RUPERTUSBLATT - Wochenzeitung der Erzdiözese Salzburg";"Abschnitt II PresseFG 2004";abgeschlossen;"71827,60";"35913,80";"35913,80";
2018;"Osttiroler Bote Medienunternehmen GesmbH";"Vertriebsförderung von Wochenzeitungen";;"OSTTIROLER BOTE";"Abschnitt II PresseFG 2004";abgelehnt;",00";",00";",00";
2018;"Raiffeisen Media GmbH";"Vertriebsförderung von Wochenzeitungen";;RAIFFEISENZEITUNG;"Abschnitt II PresseFG 2004";abgeschlossen;"73712,30";"36856,15";"36856,15";
2018;"Salzburger Verlagshausgesellschaft m.b.H.";"Vertriebsförderung von Wochenzeitungen";;"Salzburger Woche";"Abschnitt II PresseFG 2004";abgeschlossen;"85439,30";"42719,65";"42719,65";
2018;"Seelsorgeamt der Diözese Gurk";"Vertriebsförderung von Wochenzeitungen";;"Der Sonntag - Kärntner Kirchenzeitung";"Abschnitt II PresseFG 2004";abgeschlossen;"44464,70";"22232,35";"22232,35";
2018;"SloMedia - Slovenski medijski center - Slowenisches Medienzentrum GmbH";"Vertriebsförderung von Wochenzeitungen";;NOVICE;"Abschnitt II PresseFG 2004";abgelehnt;",00";",00";",00";
2018;"SPORTZEITUNG Verlags-GmbH";"Vertriebsförderung von Wochenzeitungen";;SPORTZEITUNG;"Abschnitt II PresseFG 2004";abgeschlossen;"26176,20";"13088,10";"13088,10";
2018;"TIPS Zeitungs GmbH & Co KG";"Vertriebsförderung von Wochenzeitungen";;"ISCHLER WOCHE";"Abschnitt II PresseFG 2004";abgeschlossen;"10024,00";"5012,00";"5012,00";
2018;"Unterkärntner Nachrichten Verlags GmbH";"Vertriebsförderung von Wochenzeitungen";;"UNTERKÄRNTNER NACHRICHTEN";"Abschnitt II PresseFG 2004";abgeschlossen;"10024,00";"5012,00";"5012,00";
2018;"VGN Medien Holding GmbH";"Vertriebsförderung von Wochenzeitungen";;TREND;"Abschnitt II PresseFG 2004";abgeschlossen;"28814,80";"14407,40";"14407,40";
2018;"VGN Medien Holding GmbH";"Vertriebsförderung von Wochenzeitungen";;PROFIL;"Abschnitt II PresseFG 2004";abgeschlossen;"69691,70";"34845,85";"34845,85";
2018;"VGN Medien Holding GmbH";"Vertriebsförderung von Wochenzeitungen";;"TV Media";"Abschnitt II PresseFG 2004";abgeschlossen;"87114,60";"43557,30";"43557,30";
2018;"VGN Medien Holding GmbH";"Vertriebsförderung von Wochenzeitungen";;NEWS;"Abschnitt II PresseFG 2004";abgeschlossen;"51263,60";"25631,80";"25631,80";
2018;"Wallig Ennstaler Druckerei und Verlag GmbH";"Vertriebsförderung von Wochenzeitungen";;"DER ENNSTALER";"Abschnitt II PresseFG 2004";abgeschlossen;"10024,00";"5012,00";"5012,00";
2018;"Wiener Dom-Verlag Gesellschaft m.b.H.";"Vertriebsförderung von Wochenzeitungen";;"Der Sonntag - Die Zeitung der Erzdiözese Wien";"Abschnitt II PresseFG 2004";abgeschlossen;"65503,50";"32751,75";"32751,75";
2018;"Verein zur Förderung der Nutzung von Zeitungen in der Schule";"Zuschuss an Vereinigungen zur Leseförderungen";;"Verein Zeitung in der Schule";"§ 11 Abs.2 Z 1 PresseFG 2004";abgeschlossen;"198851,00";"99425,50";"99425,50";
2018;"""Die Presse"" Verlags-Gesellschaft m.b.H. & Co KG";"Zuschuss zu den Kosten angestellter Auslandskorrespondenten";;"""DIE PRESSE"" Unabhängige Tageszeitung für Österreich und ""Die Presse am Sonntag""";"§ 11 Abs.1 PresseFG 2004";abgeschlossen;"40000,00";"20000,00";"20000,00";
2018;"""Salzburger Nachrichten"" Verlagsgesellschaft m.b.H. & Co KG";"Zuschuss zu den Kosten angestellter Auslandskorrespondenten";;"SALZBURGER NACHRICHTEN";"§ 11 Abs.1 PresseFG 2004";abgeschlossen;"40000,00";"20000,00";"20000,00";
2018;"Mediaprint Zeitungs- und Zeitschriftenverlag Gesellschaft m.b.H & Co KG";"Zuschuss zu den Kosten angestellter Auslandskorrespondenten";;KURIER;"§ 11 Abs.1 PresseFG 2004";abgeschlossen;"40000,00";"20000,00";"20000,00";
2018;"STANDARD Verlagsgesellschaft m.b.H.";"Zuschuss zu den Kosten angestellter Auslandskorrespondenten";;"DER STANDARD";"§ 11 Abs.1 PresseFG 2004";abgeschlossen;"40000,00";"20000,00";"20000,00";
2018;"""Die Presse"" Verlags-Gesellschaft m.b.H. & Co KG";"Zuschuss zu den Kosten der redaktionsinternen Ausbildung von Nachwuchsjournalisten - Tageszeitungen";;"""DIE PRESSE"" Unabhängige Tageszeitung für Österreich und ""Die Presse am Sonntag""";"§ 10 Abs.1 PresseFG 2004";abgeschlossen;"20000,00";"10000,00";"10000,00";
2018;"""Salzburger Nachrichten"" Verlagsgesellschaft m.b.H. & Co KG";"Zuschuss zu den Kosten der redaktionsinternen Ausbildung von Nachwuchsjournalisten - Tageszeitungen";;"SALZBURGER NACHRICHTEN";"§ 10 Abs.1 PresseFG 2004";abgeschlossen;"3447,00";"1723,50";"1723,50";
2018;"Kleine Zeitung GmbH & Co KG";"Zuschuss zu den Kosten der redaktionsinternen Ausbildung von Nachwuchsjournalisten - Tageszeitungen";;"Kleine Zeitung Steiermark und Kärnten";"§ 10 Abs.1 PresseFG 2004";abgeschlossen;"8367,00";"4183,50";"4183,50";
2018;"Mediaprint Zeitungs- und Zeitschriftenverlag Gesellschaft m.b.H & Co KG";"Zuschuss zu den Kosten der redaktionsinternen Ausbildung von Nachwuchsjournalisten - Tageszeitungen";;KURIER;"§ 10 Abs.1 PresseFG 2004";abgeschlossen;"20000,00";"10000,00";"10000,00";
2018;"Mediaprint Zeitungs- und Zeitschriftenverlag Gesellschaft m.b.H & Co KG";"Zuschuss zu den Kosten der redaktionsinternen Ausbildung von Nachwuchsjournalisten - Tageszeitungen";;"KRONEN ZEITUNG";"§ 10 Abs.1 PresseFG 2004";abgeschlossen;"20000,00";"10000,00";"10000,00";
2018;"NEUE Zeitungs GmbH";"Zuschuss zu den Kosten der redaktionsinternen Ausbildung von Nachwuchsjournalisten - Tageszeitungen";;"NEUE Vorarlberger Tageszeitung";"§ 10 Abs.1 PresseFG 2004";abgeschlossen;"3000,00";"1500,00";"1500,00";
2018;"Oberösterreichische Media Data Vertriebs- und Verlags GmbH";"Zuschuss zu den Kosten der redaktionsinternen Ausbildung von Nachwuchsjournalisten - Tageszeitungen";;"NEUES VOLKSBLATT";"§ 10 Abs.1 PresseFG 2004";abgeschlossen;"11211,00";"5605,50";"5605,50";
2018;"OÖN Redaktion GmbH & Co KG";"Zuschuss zu den Kosten der redaktionsinternen Ausbildung von Nachwuchsjournalisten - Tageszeitungen";;"OÖ NACHRICHTEN";"§ 10 Abs.1 PresseFG 2004";abgeschlossen;"20000,00";"10000,00";"10000,00";
2018;"Russmedia Verlag GmbH";"Zuschuss zu den Kosten der redaktionsinternen Ausbildung von Nachwuchsjournalisten - Tageszeitungen";;"VN - Vorarlberger Nachrichten";"§ 10 Abs.1 PresseFG 2004";abgeschlossen;"3500,00";"1750,00";"1750,00";
2018;"Salzburger Verlagshausgesellschaft m.b.H.";"Zuschuss zu den Kosten der redaktionsinternen Ausbildung von Nachwuchsjournalisten - Wochenzeitungen";;"Salzburger Woche";"§ 10 Abs.1 PresseFG 2004";abgeschlossen;"20000,00";"10000,00";"10000,00";
2018;"Seelsorgeamt der Diözese Gurk";"Zuschuss zu den Kosten der redaktionsinternen Ausbildung von Nachwuchsjournalisten - Wochenzeitungen";;"Der Sonntag - Kärntner Kirchenzeitung";"§ 10 Abs.1 PresseFG 2004";abgeschlossen;"1836,00";"918,00";"918,00";
2018;"Ass.Prof. Dr. Susanne Kirchhoff Universität Salzburg";"Zuschuss zu Forschungsprojekten";;"DIE ÖSTERREICHISCHE JOURNALISTENAUSBILDUNG IM KONTEXT EINER VERÄNDERTEN BERUFSWELT";"§ 11 Abs.3 PresseFG 2004";abgeschlossen;"20050,00";"10025,00";"10025,00";
2018;"Medienhaus Wien - Forschung und Weiterbildung GmbH";"Zuschuss zu Forschungsprojekten";;"RANKING VON INNOVATIONEN IM JOURNALISMUS Entwicklung von Methoden zur Klassifizierung zukunftsweisender Medienprojekte. Eine internationale Forschungskooperation.";"§ 11 Abs.3 PresseFG 2004";abgeschlossen;"25000,00";"12500,00";"12500,00";
2018;"Universität Wien";"Zuschuss zu Forschungsprojekten";;"NATIVE ADVERTISING AUF ONLINEPORTALEN ÖSTERREICHISCHER MEDIEN: VORKOMMEN, WAHRNEHMUNG UND WIRKUNG";"§ 11 Abs.3 PresseFG 2004";abgeschlossen;"22217,00";"11108,50";"11108,50";
2019;"""Die Presse"" Verlags-Gesellschaft m.b.H. & Co KG";"Besondere Förderung zur Erhaltung der regionalen Vielfalt der Tageszeitungen";;"""DIE PRESSE"" Unabhängige Tageszeitung für Österreich und ""Die Presse am Sonntag""";"Abschnitt III PresseFG 2004";abgeschlossen;"1010978,50";"505489,25";"505489,25";
2019;"Mediengruppe ""ÖSTERREICH"" GmbH";"Besondere Förderung zur Erhaltung der regionalen Vielfalt der Tageszeitungen";;ÖSTERREICH;"Abschnitt III PresseFG 2004";abgelehnt;",00";",00";",00";
2019;"NEUE Zeitungs GmbH";"Besondere Förderung zur Erhaltung der regionalen Vielfalt der Tageszeitungen";;"NEUE Vorarlberger Tageszeitung";"Abschnitt III PresseFG 2004";abgeschlossen;"671210,90";"335605,45";"335605,45";
2019;"Oberösterreichische Media Data Vertriebs- und Verlags GmbH";"Besondere Förderung zur Erhaltung der regionalen Vielfalt der Tageszeitungen";;"Oberösterreichisches Volksblatt";"Abschnitt III PresseFG 2004";abgeschlossen;"661755,40";"330877,70";"330877,70";
2019;"STANDARD Verlagsgesellschaft m.b.H.";"Besondere Förderung zur Erhaltung der regionalen Vielfalt der Tageszeitungen";;"DER STANDARD";"Abschnitt III PresseFG 2004";abgeschlossen;"898055,20";"449027,60";"449027,60";
2019;"Forum Journalismus und Medien Wien - Verein Wiener Medienfortbildung";"Förderung von Vereinigungen der Journalistenausbildung";;"Forum Journalismus und Medien Wien - Verein Wiener Medienfortbildung";"§ 10 Abs.2 PresseFG 2004";abgeschlossen;"211587,00";"105793,50";"105793,50";
2019;"Friedrich Austerlitz-Institut für JournalistInnenausbildung";"Förderung von Vereinigungen der Journalistenausbildung";;"Friedrich-Austerlitz-Institut für JournalistInnenausbildung";"§ 10 Abs.2 PresseFG 2004";abgeschlossen;"2556,00";"1278,00";"1278,00";
2019;"Friedrich Funder Institut für Publizistik, Medienforschung und Journalistenausbildung";"Förderung von Vereinigungen der Journalistenausbildung";;"Friedrich Funder Institut für Publizistik, Medienforschung und Journalistenausbildung";"§ 10 Abs.2 PresseFG 2004";abgeschlossen;"18778,00";"9389,00";"9389,00";
2019;"Katholische Medien Akademie (KMA)";"Förderung von Vereinigungen der Journalistenausbildung";;"Katholische Medien Akademie";"§ 10 Abs.2 PresseFG 2004";abgeschlossen;"59898,00";"29949,00";"29949,00";
2019;"OÖ. Journalistenakademie";"Förderung von Vereinigungen der Journalistenausbildung";;"OÖ Journalistenakademie";"§ 10 Abs.2 PresseFG 2004";abgeschlossen;"60840,00";"30420,00";"30420,00";
2019;"Tiroler Journalismusakademie p.A. Volkshochschule Tirol";"Förderung von Vereinigungen der Journalistenausbildung";;"Tiroler Journalismusakademie";"§ 10 Abs.2 PresseFG 2004";abgeschlossen;"32376,00";"16188,00";"16188,00";
2019;"Österreichische Gesellschaft für Publizistik und Medien-Forschung";"Förderung von Vereinigungen der Journalistenausbildung";;"GESPU - Österreichische Gesellschaft für Publizistik und Medien-Forschung";"§ 10 Abs.2 PresseFG 2004";abgeschlossen;"8072,00";"4036,00";"4036,00";
2019;"Österreichische Medienakademie - Kuratorium für Journalistenausbildung";"Förderung von Vereinigungen der Journalistenausbildung";;"Österreichische Medienakademie - Kuratorium für Journalistenausbildung";"§ 10 Abs.2 PresseFG 2004";abgeschlossen;"214293,00";"107146,50";"107146,50";
2019;"Klub der Wirtschaftspublizisten";"Förderung von Vereinigungen, deren Hauptaufgabe die Veranstaltung oder Durchführung von Pressekonferenzen ist";;"Klub der Wirtschaftspublizisten";"§ 11 Abs.4 PresseFG 2004";abgeschlossen;"3744,00";"1872,00";"1872,00";
2019;"OÖ Presseclub";"Förderung von Vereinigungen, deren Hauptaufgabe die Veranstaltung oder Durchführung von Pressekonferenzen ist";;"OÖ PRESSECLUB";"§ 11 Abs.4 PresseFG 2004";abgeschlossen;"8424,00";"4212,00";"4212,00";
2019;"Presseclub Concordia";"Förderung von Vereinigungen, deren Hauptaufgabe die Veranstaltung oder Durchführung von Pressekonferenzen ist";;"Presseclub Concordia";"§ 11 Abs.4 PresseFG 2004";abgeschlossen;"23400,00";"11700,00";"11700,00";
2019;"Steirischer Presseclub";"Förderung von Vereinigungen, deren Hauptaufgabe die Veranstaltung oder Durchführung von Pressekonferenzen ist";;"Steirischer Presseclub";"§ 11 Abs.4 PresseFG 2004";abgeschlossen;"7020,00";"3510,00";"3510,00";
2019;"Verband der Agrarjournalisten und -publizisten in Österreich (VAÖ)";"Förderung von Vereinigungen, deren Hauptaufgabe die Veranstaltung oder Durchführung von Pressekonferenzen ist";;"Verband der Agrarjournalisten und -publizisten in Österreich (VAÖ)";"§ 11 Abs.4 PresseFG 2004";abgelehnt;",00";",00";",00";
2019;"Verband der Auslandspresse in Wien";"Förderung von Vereinigungen, deren Hauptaufgabe die Veranstaltung oder Durchführung von Pressekonferenzen ist";;"Verband der Auslandspresse in Wien";"§ 11 Abs.4 PresseFG 2004";abgeschlossen;"4212,00";"2106,00";"2106,00";
2019;"""Die Presse"" Verlags-Gesellschaft m.b.H. & Co KG";"Refundierung für die Gratisverteilung an Schulen - Tageszeitungen";;"""DIE PRESSE"" Unabhängige Tageszeitung für Österreich und ""Die Presse am Sonntag""";"§ 11 Abs.2 Z 2 PresseFG 2004";abgeschlossen;"31471,00";"15735,50";"15735,50";
2019;"""Salzburger Nachrichten"" Verlagsgesellschaft m.b.H. & Co KG";"Refundierung für die Gratisverteilung an Schulen - Tageszeitungen";;"SALZBURGER NACHRICHTEN";"§ 11 Abs.2 Z 2 PresseFG 2004";abgeschlossen;"47523,00";"23761,50";"23761,50";
2019;"Kleine Zeitung GmbH & Co KG";"Refundierung für die Gratisverteilung an Schulen - Tageszeitungen";;"Kleine Zeitung Steiermark und Kärnten";"§ 11 Abs.2 Z 2 PresseFG 2004";abgeschlossen;"18287,00";"9143,50";"9143,50";
2019;"Mediaprint Zeitungs- und Zeitschriftenverlag Gesellschaft m.b.H & Co KG";"Refundierung für die Gratisverteilung an Schulen - Tageszeitungen";;KURIER;"§ 11 Abs.2 Z 2 PresseFG 2004";abgeschlossen;"33586,00";"16793,00";"16793,00";
2019;"Mediaprint Zeitungs- und Zeitschriftenverlag Gesellschaft m.b.H & Co KG";"Refundierung für die Gratisverteilung an Schulen - Tageszeitungen";;"KRONEN ZEITUNG";"§ 11 Abs.2 Z 2 PresseFG 2004";abgeschlossen;"26039,00";"13019,50";"13019,50";
2019;"NEUE Zeitungs GmbH";"Refundierung für die Gratisverteilung an Schulen - Tageszeitungen";;"NEUE Vorarlberger Tageszeitung";"§ 11 Abs.2 Z 2 PresseFG 2004";abgeschlossen;"678,00";"339,00";"339,00";
2019;"Oberösterreichische Media Data Vertriebs- und Verlags GmbH";"Refundierung für die Gratisverteilung an Schulen - Tageszeitungen";;"Oberösterreichisches Volksblatt";"§ 11 Abs.2 Z 2 PresseFG 2004";abgeschlossen;"1237,00";"618,50";"618,50";
2019;"OÖN Redaktion GmbH & Co KG";"Refundierung für die Gratisverteilung an Schulen - Tageszeitungen";;"OÖ NACHRICHTEN, Welt der Kindernachrichten";"§ 11 Abs.2 Z 2 PresseFG 2004";abgeschlossen;"28055,00";"14027,50";"14027,50";
2019;"Russmedia Verlag GmbH";"Refundierung für die Gratisverteilung an Schulen - Tageszeitungen";;"VN - Vorarlberger Nachrichten";"§ 11 Abs.2 Z 2 PresseFG 2004";abgeschlossen;"9061,00";"4530,50";"4530,50";
2019;"Schlüsselverlag J. S. Moser GmbH";"Refundierung für die Gratisverteilung an Schulen - Tageszeitungen";;"TIROLER TAGESZEITUNG";"§ 11 Abs.2 Z 2 PresseFG 2004";abgeschlossen;"38597,00";"19298,50";"19298,50";
2019;"STANDARD Verlagsgesellschaft m.b.H.";"Refundierung für die Gratisverteilung an Schulen - Tageszeitungen";;"DER STANDARD";"§ 11 Abs.2 Z 2 PresseFG 2004";abgeschlossen;"48553,00";"24276,50";"24276,50";
2019;"BVZ Burgenländische Volkszeitung GmbH";"Refundierung für die Gratisverteilung an Schulen - Wochenzeitungen";;"BVZ - Burgenländische Volkszeitung";"§ 11 Abs.2 Z 2 PresseFG 2004";abgeschlossen;"211,00";"105,50";"105,50";
2019;"Die Furche-Zeitschriften Betriebs-Gesellschaft m.b.H. & Co.KG.";"Refundierung für die Gratisverteilung an Schulen - Wochenzeitungen";;"DIE FURCHE";"§ 11 Abs.2 Z 2 PresseFG 2004";abgeschlossen;"24487,00";"12243,50";"12243,50";
2019;"Diözese Linz";"Refundierung für die Gratisverteilung an Schulen - Wochenzeitungen";;"KirchenZeitung Diözese Linz";"§ 11 Abs.2 Z 2 PresseFG 2004";abgeschlossen;"639,00";"319,50";"319,50";
2019;"Falter - Zeitschriften Gesellschaft m.b.H.";"Refundierung für die Gratisverteilung an Schulen - Wochenzeitungen";;FALTER;"§ 11 Abs.2 Z 2 PresseFG 2004";abgeschlossen;"3786,00";"1893,00";"1893,00";
2019;"Kleine Zeitung GmbH & Co KG";"Refundierung für die Gratisverteilung an Schulen - Wochenzeitungen";;"KLEINE KINDERZEITUNG";"§ 11 Abs.2 Z 2 PresseFG 2004";abgeschlossen;"8944,00";"4472,00";"4472,00";
2019;"Kroatischer Presseverein (Hrvatsko stamparsko drustvo)";"Refundierung für die Gratisverteilung an Schulen - Wochenzeitungen";;"HRVATSKE NOVINE";"§ 11 Abs.2 Z 2 PresseFG 2004";abgeschlossen;"900,00";"450,00";"450,00";
2019;"Murtaler Zeitung GmbH";"Refundierung für die Gratisverteilung an Schulen - Wochenzeitungen";;"Murtaler Zeitung";"§ 11 Abs.2 Z 2 PresseFG 2004";abgeschlossen;"211,00";"105,50";"105,50";
2019;"Niederösterreichisches Pressehaus Druck- und Verlagsgesellschaft m.b.H.";"Refundierung für die Gratisverteilung an Schulen - Wochenzeitungen";;"NÖN - Niederösterreichische Nachrichten";"§ 11 Abs.2 Z 2 PresseFG 2004";abgeschlossen;"1946,00";"973,00";"973,00";
2019;"Seelsorgeamt der Diözese Gurk";"Refundierung für die Gratisverteilung an Schulen - Wochenzeitungen";;"Der Sonntag - Kärntner Kirchenzeitung";"§ 11 Abs.2 Z 2 PresseFG 2004";abgeschlossen;"11,00";"5,50";"5,50";
2019;"SPORTZEITUNG Verlags-GmbH";"Refundierung für die Gratisverteilung an Schulen - Wochenzeitungen";;SPORTZEITUNG;"§ 11 Abs.2 Z 2 PresseFG 2004";abgeschlossen;"721,00";"360,50";"360,50";
2019;"Unterkärntner Nachrichten Verlags GmbH";"Refundierung für die Gratisverteilung an Schulen - Wochenzeitungen";;"UNTERKÄRNTNER NACHRICHTEN";"§ 11 Abs.2 Z 2 PresseFG 2004";abgeschlossen;"235,00";"117,50";"117,50";
2019;"VGN Medien Holding GmbH";"Refundierung für die Gratisverteilung an Schulen - Wochenzeitungen";;NEWS;"§ 11 Abs.2 Z 2 PresseFG 2004";abgeschlossen;"4665,00";"2332,50";"2332,50";
2019;"VGN Medien Holding GmbH";"Refundierung für die Gratisverteilung an Schulen - Wochenzeitungen";;TREND;"§ 11 Abs.2 Z 2 PresseFG 2004";abgeschlossen;"872,00";"436,00";"436,00";
2019;"VGN Medien Holding GmbH";"Refundierung für die Gratisverteilung an Schulen - Wochenzeitungen";;PROFIL;"§ 11 Abs.2 Z 2 PresseFG 2004";abgeschlossen;"7193,00";"3596,50";"3596,50";
2019;"""Die Presse"" Verlags-Gesellschaft m.b.H. & Co KG";"Vertriebsförderung von Tageszeitungen";;"""DIE PRESSE"" Unabhängige Tageszeitung für Österreich und ""Die Presse am Sonntag""";"Abschnitt II PresseFG 2004";abgeschlossen;"161376,80";"80688,40";"80688,40";
2019;"""Salzburger Nachrichten"" Verlagsgesellschaft m.b.H. & Co KG";"Vertriebsförderung von Tageszeitungen";;"SALZBURGER NACHRICHTEN";"Abschnitt II PresseFG 2004";abgeschlossen;"201721,20";"100860,60";"100860,60";
2019;"Kleine Zeitung GmbH & Co KG";"Vertriebsförderung von Tageszeitungen";;"Kleine Zeitung Steiermark und Kärnten";"Abschnitt II PresseFG 2004";abgeschlossen;"201721,20";"100860,60";"100860,60";
2019;"Mediaprint Zeitungs- und Zeitschriftenverlag Gesellschaft m.b.H & Co KG";"Vertriebsförderung von Tageszeitungen";;KURIER;"Abschnitt II PresseFG 2004";abgeschlossen;"161376,80";"80688,40";"80688,40";
2019;"Mediaprint Zeitungs- und Zeitschriftenverlag Gesellschaft m.b.H & Co KG";"Vertriebsförderung von Tageszeitungen";;"KRONEN ZEITUNG";"Abschnitt II PresseFG 2004";abgeschlossen;"201721,20";"100860,60";"100860,60";
2019;"Mediengruppe ""ÖSTERREICH"" GmbH";"Vertriebsförderung von Tageszeitungen";;ÖSTERREICH;"Abschnitt II PresseFG 2004";abgelehnt;",00";",00";",00";
2019;"NEUE Zeitungs GmbH";"Vertriebsförderung von Tageszeitungen";;"NEUE Vorarlberger Tageszeitung";"Abschnitt II PresseFG 2004";abgeschlossen;"161376,80";"80688,40";"80688,40";
2019;"Oberösterreichische Media Data Vertriebs- und Verlags GmbH";"Vertriebsförderung von Tageszeitungen";;"Oberösterreichisches Volksblatt";"Abschnitt II PresseFG 2004";abgeschlossen;"201721,20";"100860,60";"100860,60";
2019;"OÖN Redaktion GmbH & Co KG";"Vertriebsförderung von Tageszeitungen";;"OÖ NACHRICHTEN";"Abschnitt II PresseFG 2004";abgeschlossen;"201721,20";"100860,60";"100860,60";
2019;"Russmedia Verlag GmbH";"Vertriebsförderung von Tageszeitungen";;"VN - Vorarlberger Nachrichten";"Abschnitt II PresseFG 2004";abgeschlossen;"201721,20";"100860,60";"100860,60";
2019;"Schlüsselverlag J. S. Moser GmbH";"Vertriebsförderung von Tageszeitungen";;"TIROLER TAGESZEITUNG";"Abschnitt II PresseFG 2004";abgeschlossen;"201721,20";"100860,60";"100860,60";
2019;"STANDARD Verlagsgesellschaft m.b.H.";"Vertriebsförderung von Tageszeitungen";;"DER STANDARD";"Abschnitt II PresseFG 2004";abgeschlossen;"201721,20";"100860,60";"100860,60";
2019;"""W 3"" Verlagsgesellschaft m.b.H.";"Vertriebsförderung von Wochenzeitungen";;"Zur Zeit - Die Wochenzeitung für Österreich";"Abschnitt II PresseFG 2004";abgeschlossen;"44518,00";"22259,00";"22259,00";
2019;"Agrar Media Verlagsgesellschaft mbH";"Vertriebsförderung von Wochenzeitungen";;"Österreichische Bauernzeitung/Bauernbündler";"Abschnitt II PresseFG 2004";abgeschlossen;"86492,00";"43246,00";"43246,00";
2019;"Badener Zeitungsverlag GmbH";"Vertriebsförderung von Wochenzeitungen";;"BADENER ZEITUNG";"Abschnitt II PresseFG 2004";abgeschlossen;"8550,20";"4275,10";"4275,10";
2019;"Bischöfliches Ordinariat, Diözese Graz-Seckau";"Vertriebsförderung von Wochenzeitungen";;"Sonntagsblatt für Steiermark";"Abschnitt II PresseFG 2004";abgeschlossen;"86492,00";"43246,00";"43246,00";
2019;"Bischöfliches Seelsorgeamt";"Vertriebsförderung von Wochenzeitungen";;"NEDELJA  Slowenische Kirchenzeitung der Diözese Gurk";"Abschnitt II PresseFG 2004";abgeschlossen;"16066,00";"8033,00";"8033,00";
2019;"BVZ Burgenländische Volkszeitung GmbH";"Vertriebsförderung von Wochenzeitungen";;"BVZ - Burgenländische Volkszeitung";"Abschnitt II PresseFG 2004";abgeschlossen;"50267,10";"25133,55";"25133,55";
2019;"Die Furche-Zeitschriften Betriebs-Gesellschaft m.b.H. & Co.KG.";"Vertriebsförderung von Wochenzeitungen";;"DIE FURCHE";"Abschnitt II PresseFG 2004";abgeschlossen;"71355,90";"35677,95";"35677,95";
2019;"Die ganze Woche GmbH";"Vertriebsförderung von Wochenzeitungen";;"Die ganze WOCHE";"Abschnitt II PresseFG 2004";abgeschlossen;"86492,00";"43246,00";"43246,00";
2019;"Diözese Eisenstadt - Bischöfliches Ordinariat Generalvikar Mag. Martin Korpitsch";"Vertriebsförderung von Wochenzeitungen";;"martinus - Kirchenzeitung der Diözese Eisenstadt";"Abschnitt II PresseFG 2004";abgeschlossen;"58170,10";"29085,05";"29085,05";
2019;"Diözese Eisenstadt, Kroatische Sektion im Pastoralamt";"Vertriebsförderung von Wochenzeitungen";;"GLASNIK  Crikvene novine Zeljezanske biskupije";"Abschnitt II PresseFG 2004";abgeschlossen;"7292,50";"3646,25";"3646,25";
2019;"Diözese Feldkirch";"Vertriebsförderung von Wochenzeitungen";;"KirchenBlatt Vorarlberg";"Abschnitt II PresseFG 2004";abgeschlossen;"50877,70";"25438,85";"25438,85";
2019;"Diözese Innsbruck - Bischöfliches Ordinariat";"Vertriebsförderung von Wochenzeitungen";;"Tiroler Sonntag - Kirchenzeitung der Diözese Innsbruck";"Abschnitt II PresseFG 2004";abgeschlossen;"74196,60";"37098,30";"37098,30";
2019;"Diözese Linz";"Vertriebsförderung von Wochenzeitungen";;"KirchenZeitung Diözese Linz";"Abschnitt II PresseFG 2004";abgeschlossen;"86492,00";"43246,00";"43246,00";
2019;"Falter - Zeitschriften Gesellschaft m.b.H.";"Vertriebsförderung von Wochenzeitungen";;FALTER;"Abschnitt II PresseFG 2004";abgeschlossen;"84796,10";"42398,05";"42398,05";
2019;"Freiheitliche Partei Österreichs";"Vertriebsförderung von Wochenzeitungen";;"NEUE FREIE ZEITUNG";"Abschnitt II PresseFG 2004";abgeschlossen;"48757,80";"24378,90";"24378,90";
2019;"Kirchenblatt für die Diözese St. Pölten";"Vertriebsförderung von Wochenzeitungen";;"Kirche bunt  St. Pöltner Kirchenzeitung";"Abschnitt II PresseFG 2004";abgeschlossen;"69193,60";"34596,80";"34596,80";
2019;"Kitzbüheler Anzeiger Gesellschaft m.b.H.";"Vertriebsförderung von Wochenzeitungen";;"Kitzbüheler Anzeiger";"Abschnitt II PresseFG 2004";abgeschlossen;"8550,20";"4275,10";"4275,10";
2019;"Kleine Zeitung GmbH & Co KG";"Vertriebsförderung von Wochenzeitungen";;"KLEINE KINDERZEITUNG";"Abschnitt II PresseFG 2004";abgeschlossen;"14790,10";"7395,05";"7395,05";
2019;"Kroatischer Presseverein (Hrvatsko stamparsko drustvo)";"Vertriebsförderung von Wochenzeitungen";;"HRVATSKE NOVINE";"Abschnitt II PresseFG 2004";abgeschlossen;"10175,50";"5087,75";"5087,75";
2019;"Murtaler Zeitung GmbH";"Vertriebsförderung von Wochenzeitungen";;"Murtaler Zeitung";"Abschnitt II PresseFG 2004";abgeschlossen;"8020,00";"4010,00";"4010,00";
2019;"NEUES LAND Medien GesmbH";"Vertriebsförderung von Wochenzeitungen";;"NEUES LAND";"Abschnitt II PresseFG 2004";abgeschlossen;"86492,00";"43246,00";"43246,00";
2019;"Niederösterreichisches Pressehaus Druck- und Verlagsgesellschaft m.b.H.";"Vertriebsförderung von Wochenzeitungen";;NÖN;"Abschnitt II PresseFG 2004";abgeschlossen;"88188,00";"44094,00";"44094,00";
2019;"Ordinariat der Erzdiözese Salzburg";"Vertriebsförderung von Wochenzeitungen";;"RUPERTUSBLATT - Wochenzeitung der Erzdiözese Salzburg";"Abschnitt II PresseFG 2004";abgeschlossen;"68557,70";"34278,85";"34278,85";
2019;"Osttiroler Bote Medienunternehmen GesmbH";"Vertriebsförderung von Wochenzeitungen";;"OSTTIROLER BOTE";"Abschnitt II PresseFG 2004";abgeschlossen;"8550,20";"4275,10";"4275,10";
2019;"Raiffeisen Media GmbH";"Vertriebsförderung von Wochenzeitungen";;RAIFFEISENZEITUNG;"Abschnitt II PresseFG 2004";abgeschlossen;"74620,60";"37310,30";"37310,30";
2019;"Salzburger Verlagshausgesellschaft m.b.H.";"Vertriebsförderung von Wochenzeitungen";;"Salzburger Woche";"Abschnitt II PresseFG 2004";abgeschlossen;"86492,00";"43246,00";"43246,00";
2019;"Seelsorgeamt der Diözese Gurk";"Vertriebsförderung von Wochenzeitungen";;"Der Sonntag - Kärntner Kirchenzeitung";"Abschnitt II PresseFG 2004";abgeschlossen;"45012,60";"22506,30";"22506,30";
2019;"SloMedia - Slovenski medijski center - Slowenisches Medienzentrum GmbH";"Vertriebsförderung von Wochenzeitungen";;NOVICE;"Abschnitt II PresseFG 2004";abgeschlossen;"16803,80";"8401,90";"8401,90";
2019;"SPORTZEITUNG Verlags-GmbH";"Vertriebsförderung von Wochenzeitungen";;SPORTZEITUNG;"Abschnitt II PresseFG 2004";abgeschlossen;"14839,30";"7419,65";"7419,65";
2019;"TIPS Zeitungs GmbH & Co KG";"Vertriebsförderung von Wochenzeitungen";;"ISCHLER WOCHE";"Abschnitt II PresseFG 2004";abgeschlossen;"8550,20";"4275,10";"4275,10";
2019;"Unterkärntner Nachrichten Verlags GmbH";"Vertriebsförderung von Wochenzeitungen";;"UNTERKÄRNTNER NACHRICHTEN";"Abschnitt II PresseFG 2004";abgeschlossen;"8550,20";"4275,10";"4275,10";
2019;"VGN Medien Holding GmbH";"Vertriebsförderung von Wochenzeitungen";;TREND;"Abschnitt II PresseFG 2004";abgeschlossen;"28491,50";"14245,75";"14245,75";
2019;"VGN Medien Holding GmbH";"Vertriebsförderung von Wochenzeitungen";;"TV Media";"Abschnitt II PresseFG 2004";abgeschlossen;"86492,00";"43246,00";"43246,00";
2019;"VGN Medien Holding GmbH";"Vertriebsförderung von Wochenzeitungen";;PROFIL;"Abschnitt II PresseFG 2004";abgeschlossen;"69193,60";"34596,80";"34596,80";
2019;"VGN Medien Holding GmbH";"Vertriebsförderung von Wochenzeitungen";;NEWS;"Abschnitt II PresseFG 2004";abgeschlossen;"49860,10";"24930,05";"24930,05";
2019;"Wallig Ennstaler Druckerei und Verlag GmbH";"Vertriebsförderung von Wochenzeitungen";;"DER ENNSTALER";"Abschnitt II PresseFG 2004";abgeschlossen;"8550,20";"4275,10";"4275,10";
2019;"Wiener Dom-Verlag Gesellschaft m.b.H.";"Vertriebsförderung von Wochenzeitungen";;"Der Sonntag - Die Zeitung der Erzdiözese Wien";"Abschnitt II PresseFG 2004";abgeschlossen;"66310,60";"33155,30";"33155,30";
2019;"Verein zur Förderung der Nutzung von Zeitungen in der Schule";"Zuschuss an Vereinigungen zur Leseförderungen";;"Verein Zeitung in der Schule";"§ 11 Abs.2 Z 1 PresseFG 2004";abgeschlossen;"200282,00";"100141,00";"100141,00";
2019;"""Die Presse"" Verlags-Gesellschaft m.b.H. & Co KG";"Zuschuss zu den Kosten angestellter Auslandskorrespondenten";;"""DIE PRESSE"" Unabhängige Tageszeitung für Österreich und ""Die Presse am Sonntag""";"§ 11 Abs.1 PresseFG 2004";abgeschlossen;"40000,00";"20000,00";"20000,00";
2019;"""Salzburger Nachrichten"" Verlagsgesellschaft m.b.H. & Co KG";"Zuschuss zu den Kosten angestellter Auslandskorrespondenten";;"SALZBURGER NACHRICHTEN";"§ 11 Abs.1 PresseFG 2004";abgeschlossen;"40000,00";"20000,00";"20000,00";
2019;"Kleine Zeitung GmbH & Co KG";"Zuschuss zu den Kosten angestellter Auslandskorrespondenten";;"Kleine Zeitung Steiermark und Kärnten";"§ 11 Abs.1 PresseFG 2004";abgeschlossen;"40000,00";"20000,00";"20000,00";
2019;"Mediaprint Zeitungs- und Zeitschriftenverlag Gesellschaft m.b.H & Co KG";"Zuschuss zu den Kosten angestellter Auslandskorrespondenten";;KURIER;"§ 11 Abs.1 PresseFG 2004";abgeschlossen;"40000,00";"20000,00";"20000,00";
2019;"STANDARD Verlagsgesellschaft m.b.H.";"Zuschuss zu den Kosten angestellter Auslandskorrespondenten";;"DER STANDARD";"§ 11 Abs.1 PresseFG 2004";abgeschlossen;"40000,00";"20000,00";"20000,00";
2019;"""Die Presse"" Verlags-Gesellschaft m.b.H. & Co KG";"Zuschuss zu den Kosten der redaktionsinternen Ausbildung von Nachwuchsjournalisten - Tageszeitungen";;"""DIE PRESSE"" Unabhängige Tageszeitung für Österreich und ""Die Presse am Sonntag""";"§ 10 Abs.1 PresseFG 2004";abgeschlossen;"2693,00";"1346,50";"1346,50";
2019;"""Salzburger Nachrichten"" Verlagsgesellschaft m.b.H. & Co KG";"Zuschuss zu den Kosten der redaktionsinternen Ausbildung von Nachwuchsjournalisten - Tageszeitungen";;"SALZBURGER NACHRICHTEN";"§ 10 Abs.1 PresseFG 2004";abgeschlossen;"5683,00";"2841,50";"2841,50";
2019;"Kleine Zeitung GmbH & Co KG";"Zuschuss zu den Kosten der redaktionsinternen Ausbildung von Nachwuchsjournalisten - Tageszeitungen";;"Kleine Zeitung Steiermark und Kärnten";"§ 10 Abs.1 PresseFG 2004";abgeschlossen;"18033,00";"9016,50";"9016,50";
2019;"Mediaprint Zeitungs- und Zeitschriftenverlag Gesellschaft m.b.H & Co KG";"Zuschuss zu den Kosten der redaktionsinternen Ausbildung von Nachwuchsjournalisten - Tageszeitungen";;KURIER;"§ 10 Abs.1 PresseFG 2004";abgeschlossen;"20000,00";"10000,00";"10000,00";
2019;"Mediaprint Zeitungs- und Zeitschriftenverlag Gesellschaft m.b.H & Co KG";"Zuschuss zu den Kosten der redaktionsinternen Ausbildung von Nachwuchsjournalisten - Tageszeitungen";;"KRONEN ZEITUNG";"§ 10 Abs.1 PresseFG 2004";abgeschlossen;"20000,00";"10000,00";"10000,00";
2019;"NEUE Zeitungs GmbH";"Zuschuss zu den Kosten der redaktionsinternen Ausbildung von Nachwuchsjournalisten - Tageszeitungen";;"NEUE Vorarlberger Tageszeitung";"§ 10 Abs.1 PresseFG 2004";abgeschlossen;"3000,00";"1500,00";"1500,00";
2019;"Oberösterreichische Media Data Vertriebs- und Verlags GmbH";"Zuschuss zu den Kosten der redaktionsinternen Ausbildung von Nachwuchsjournalisten - Tageszeitungen";;"Oberösterreichisches Volksblatt";"§ 10 Abs.1 PresseFG 2004";abgeschlossen;"11313,00";"5656,50";"5656,50";
2019;"OÖN Redaktion GmbH & Co KG";"Zuschuss zu den Kosten der redaktionsinternen Ausbildung von Nachwuchsjournalisten - Tageszeitungen";;"OÖ NACHRICHTEN";"§ 10 Abs.1 PresseFG 2004";abgeschlossen;"20000,00";"10000,00";"10000,00";
2019;"Russmedia Verlag GmbH";"Zuschuss zu den Kosten der redaktionsinternen Ausbildung von Nachwuchsjournalisten - Tageszeitungen";;"VN - Vorarlberger Nachrichten";"§ 10 Abs.1 PresseFG 2004";abgeschlossen;"3500,00";"1750,00";"1750,00";
2019;"Salzburger Verlagshausgesellschaft m.b.H.";"Zuschuss zu den Kosten der redaktionsinternen Ausbildung von Nachwuchsjournalisten - Wochenzeitungen";;"Salzburger Woche";"§ 10 Abs.1 PresseFG 2004";abgeschlossen;"10518,00";"5259,00";"5259,00";
2019;"Seelsorgeamt der Diözese Gurk";"Zuschuss zu den Kosten der redaktionsinternen Ausbildung von Nachwuchsjournalisten - Wochenzeitungen";;"Der Sonntag - Kärntner Kirchenzeitung";"§ 10 Abs.1 PresseFG 2004";abgeschlossen;"1630,00";"815,00";"815,00";
2019;"Medienhaus Wien - Forschung und Weiterbildung GmbH";"Zuschuss zu Forschungsprojekten";;"DIE AUTHENTIZITÄT ÖSTERREICHISCHER (PRINT-)MEDIENMARKEN. Eine vergleichende Studie und repräsentative RezipientInnen-Befragung mit innovativen Methoden der Markenanalyse";"§ 11 Abs.3 PresseFG 2004";abgeschlossen;"19000,00";"9500,00";"9500,00";
2019;"Medienhaus Wien - Forschung und Weiterbildung GmbH";"Zuschuss zu Forschungsprojekten";;"WIE FREI SIND FREIE? Datenanalysen und Feldforschung zur Situation freiberuflich tätiger JournalistInnen in Österreich";"§ 11 Abs.3 PresseFG 2004";abgeschlossen;"15000,00";"7500,00";"7500,00";
2019;"Verein zur Förderung der Nutzung von Zeitungen in der Schule";"Zuschuss zu Forschungsprojekten";;"OVERNEWSED - UNDERINFORMED?";"§ 11 Abs.3 PresseFG 2004";abgeschlossen;"16240,00";"8120,00";"8120,00";
2019;"Österreichisches Presseforschungszentrum für Frauenrechte und Integration";"Zuschuss zu Forschungsprojekten";;"MEINE NEUE HEIMAT";"§ 11 Abs.3 PresseFG 2004";abgelehnt;;;;
2020;"""Die Presse"" Verlags-Gesellschaft m.b.H. & Co KG";"Besondere Förderung zur Erhaltung der regionalen Vielfalt der Tageszeitungen";;"""DIE PRESSE"" Unabhängige Tageszeitung für Österreich und ""Die Presse am Sonntag""";"Abschnitt III PresseFG 2004";abgeschlossen;"1022437,30";"511218,65";"511218,65";
2020;"Mediengruppe ""ÖSTERREICH"" GmbH";"Besondere Förderung zur Erhaltung der regionalen Vielfalt der Tageszeitungen";;ÖSTERREICH;"Abschnitt III PresseFG 2004";abgelehnt;",00";",00";",00";
2020;"NEUE Zeitungs GmbH";"Besondere Förderung zur Erhaltung der regionalen Vielfalt der Tageszeitungen";;"NEUE Vorarlberger Tageszeitung";"Abschnitt III PresseFG 2004";abgeschlossen;"668696,30";"334348,15";"334348,15";
2020;"Oberösterreichische Media Data Vertriebs- und Verlags GmbH";"Besondere Förderung zur Erhaltung der regionalen Vielfalt der Tageszeitungen";;"Oberösterreichisches Volksblatt";"Abschnitt III PresseFG 2004";abgeschlossen;"657239,70";"328619,85";"328619,85";
2020;"STANDARD Verlagsgesellschaft m.b.H.";"Besondere Förderung zur Erhaltung der regionalen Vielfalt der Tageszeitungen";;"DER STANDARD";"Abschnitt III PresseFG 2004";abgeschlossen;"893626,70";"446813,35";"446813,35";
2020;"Forum Journalismus und Medien Wien - Verein Wiener Medienfortbildung";"Förderung von Vereinigungen der Journalistenausbildung";;"Forum Journalismus und Medien Wien - Verein Wiener Medienfortbildung";"§ 10 Abs.2 PresseFG 2004";abgeschlossen;"223349,00";"111674,50";"111674,50";
2020;"Friedrich Austerlitz-Institut für JournalistInnenausbildung";"Förderung von Vereinigungen der Journalistenausbildung";;"Friedrich-Austerlitz-Institut für JournalistInnenausbildung";"§ 10 Abs.2 PresseFG 2004";abgeschlossen;"3650,00";"1825,00";"1825,00";
2020;"Friedrich Funder Institut für Publizistik, Medienforschung und Journalistenausbildung";"Förderung von Vereinigungen der Journalistenausbildung";;"Friedrich Funder Institut für Publizistik, Medienforschung und Journalistenausbildung";"§ 10 Abs.2 PresseFG 2004";abgeschlossen;"20489,00";"10244,50";"10244,50";
2020;"Katholische Medien Akademie (KMA)";"Förderung von Vereinigungen der Journalistenausbildung";;"Katholische Medien Akademie";"§ 10 Abs.2 PresseFG 2004";abgeschlossen;"60840,00";"30420,00";"30420,00";
2020;"OÖ. Journalistenakademie";"Förderung von Vereinigungen der Journalistenausbildung";;"OÖ Journalistenakademie";"§ 10 Abs.2 PresseFG 2004";abgeschlossen;"60840,00";"30420,00";"30420,00";
2020;"Tiroler Journalismusakademie p.A. Volkshochschule Tirol";"Förderung von Vereinigungen der Journalistenausbildung";;"Tiroler Journalismusakademie";"§ 10 Abs.2 PresseFG 2004";abgeschlossen;"30893,00";"15446,50";"15446,50";
2020;"Österreichische Gesellschaft für Publizistik und Medien-Forschung";"Förderung von Vereinigungen der Journalistenausbildung";;"GESPU - Österreichische Gesellschaft für Publizistik und Medien-Forschung";"§ 10 Abs.2 PresseFG 2004";abgeschlossen;"5808,00";"2904,00";"2904,00";
2020;"Österreichische Medienakademie - Kuratorium für Journalistenausbildung";"Förderung von Vereinigungen der Journalistenausbildung";;"Österreichische Medienakademie - Kuratorium für Journalistenausbildung";"§ 10 Abs.2 PresseFG 2004";abgeschlossen;"202531,00";"101265,50";"101265,50";
2020;"Klub der Wirtschaftspublizisten";"Förderung von Vereinigungen, deren Hauptaufgabe die Veranstaltung oder Durchführung von Pressekonferenzen ist";;"Klub der Wirtschaftspublizisten";"§ 11 Abs.4 PresseFG 2004";abgeschlossen;"3744,00";"1872,00";"1872,00";
2020;"OÖ Presseclub";"Förderung von Vereinigungen, deren Hauptaufgabe die Veranstaltung oder Durchführung von Pressekonferenzen ist";;"OÖ PRESSECLUB";"§ 11 Abs.4 PresseFG 2004";abgeschlossen;"8424,00";"4212,00";"4212,00";
2020;"Presseclub Concordia";"Förderung von Vereinigungen, deren Hauptaufgabe die Veranstaltung oder Durchführung von Pressekonferenzen ist";;"Presseclub Concordia";"§ 11 Abs.4 PresseFG 2004";abgeschlossen;"23400,00";"11700,00";"11700,00";
2020;"Steirischer Presseclub";"Förderung von Vereinigungen, deren Hauptaufgabe die Veranstaltung oder Durchführung von Pressekonferenzen ist";;"Steirischer Presseclub";"§ 11 Abs.4 PresseFG 2004";abgeschlossen;"7020,00";"3510,00";"3510,00";
2020;"Verband der Auslandspresse in Wien";"Förderung von Vereinigungen, deren Hauptaufgabe die Veranstaltung oder Durchführung von Pressekonferenzen ist";;"Verband der Auslandspresse in Wien";"§ 11 Abs.4 PresseFG 2004";abgeschlossen;"4212,00";"2106,00";"2106,00";
2020;"Agrar Media Verlagsgesellschaft mbH";"Medienhilfspaket - Außerordentliche Förderung für Medieninhaber von Wochenzeitungen";;"ÖSTERREICHISCHE BAUERNZEITUNG";"Abschnitt IVa § 12c PresseFG 2004";"§ 12c Abs. 7";",00";",00";",00";
2020;"Bischöfliches Ordinariat, Diözese Graz-Seckau";"Medienhilfspaket - Außerordentliche Förderung für Medieninhaber von Wochenzeitungen";;"SONNTAGSBLATT FÜR STEIERMARK";"Abschnitt IVa § 12c PresseFG 2004";"§ 12c Abs. 7";",00";",00";",00";
2020;"Die Furche-Zeitschriften-Betriebs-Gesellschaft m.b.H. & Co. KG.";"Medienhilfspaket - Außerordentliche Förderung für Medieninhaber von Wochenzeitungen";;"DIE FURCHE";"Abschnitt IVa § 12c PresseFG 2004";"§ 12c Abs. 7";",00";",00";",00";
2020;"Diözese Eisenstadt - Bischöfliches Ordinariat";"Medienhilfspaket - Außerordentliche Förderung für Medieninhaber von Wochenzeitungen";;"MARTINUS - Kirchenzeitung der Diözese Eisenstadt";"Abschnitt IVa § 12c PresseFG 2004";"§ 12c Abs. 7";",00";",00";",00";
2020;"Diözese Linz";"Medienhilfspaket - Außerordentliche Förderung für Medieninhaber von Wochenzeitungen";;"KIRCHENZEITUNG DIÖZESE LINZ";"Abschnitt IVa § 12c PresseFG 2004";"§ 12c Abs. 7";",00";",00";",00";
2020;"Falter - Zeitschriften Gesellschaft m.b.H.";"Medienhilfspaket - Außerordentliche Förderung für Medieninhaber von Wochenzeitungen";;"FALTER - Die Wochenzeitung aus Wien";"Abschnitt IVa § 12c PresseFG 2004";abgeschlossen;"79349,00";"79349,00";",00";
2020;"Freiheitliche Partei Österreichs";"Medienhilfspaket - Außerordentliche Förderung für Medieninhaber von Wochenzeitungen";;"NEUE FREIE ZEITUNG";"Abschnitt IVa § 12c PresseFG 2004";"§ 12c Abs. 7";",00";",00";",00";
2020;"Kufsteinblick GmbH";"Medienhilfspaket - Außerordentliche Förderung für Medieninhaber von Wochenzeitungen";;KUFSTEINBLICK;"Abschnitt IVa § 12c PresseFG 2004";abgeschlossen;"16269,00";"16269,00";",00";
2020;"Manstein Zeitschriftenverlagsgesellschaft m.b.H.";"Medienhilfspaket - Außerordentliche Förderung für Medieninhaber von Wochenzeitungen";;TRAVELLER;"Abschnitt IVa § 12c PresseFG 2004";abgelehnt;",00";",00";",00";
2020;"Manstein Zeitschriftenverlagsgesellschaft m.b.H.";"Medienhilfspaket - Außerordentliche Förderung für Medieninhaber von Wochenzeitungen";;HORIZONT;"Abschnitt IVa § 12c PresseFG 2004";abgeschlossen;"57442,00";"57442,00";",00";
2020;"Medien24 GmbH";"Medienhilfspaket - Außerordentliche Förderung für Medieninhaber von Wochenzeitungen";;WOCHENBLICK;"Abschnitt IVa § 12c PresseFG 2004";abgeschlossen;"34398,00";"34398,00";",00";
2020;"Murtaler Zeitung GmbH";"Medienhilfspaket - Außerordentliche Förderung für Medieninhaber von Wochenzeitungen";;"MURTALER ZEITUNG";"Abschnitt IVa § 12c PresseFG 2004";abgeschlossen;"5828,00";"5828,00";",00";
2020;"Ordinariat der Erzdiözese Salzburg";"Medienhilfspaket - Außerordentliche Förderung für Medieninhaber von Wochenzeitungen";;RUPERTUSBLATT;"Abschnitt IVa § 12c PresseFG 2004";"§ 12c Abs. 7";",00";",00";",00";
2020;"Profil Redaktion GmbH";"Medienhilfspaket - Außerordentliche Förderung für Medieninhaber von Wochenzeitungen";;PROFIL;"Abschnitt IVa § 12c PresseFG 2004";abgeschlossen;"93875,00";"93875,00";",00";
2020;"Raiffeisen Media GmbH";"Medienhilfspaket - Außerordentliche Förderung für Medieninhaber von Wochenzeitungen";;RAIFFEISENZEITUNG;"Abschnitt IVa § 12c PresseFG 2004";"§ 12c Abs. 7";",00";",00";",00";
2020;"Salzburger Verlagshausgesellschaft m.b.H.";"Medienhilfspaket - Außerordentliche Förderung für Medieninhaber von Wochenzeitungen";;"SALZBURGER WOCHE";"Abschnitt IVa § 12c PresseFG 2004";abgeschlossen;"75218,00";"75218,00";",00";
2020;"Springer-Verlag GmbH";"Medienhilfspaket - Außerordentliche Förderung für Medieninhaber von Wochenzeitungen";;"ÄRZTE WOCHE";"Abschnitt IVa § 12c PresseFG 2004";abgeschlossen;"37304,00";"37304,00";",00";
2020;"tele-Zeitschriftenverlagsgesellschaft m.b.H. & Co. KG.";"Medienhilfspaket - Außerordentliche Förderung für Medieninhaber von Wochenzeitungen";;"TELE - Das österreichische Fernsehmagazin";"Abschnitt IVa § 12c PresseFG 2004";abgelehnt;",00";",00";",00";
2020;"VGN Medien Holding GmbH";"Medienhilfspaket - Außerordentliche Förderung für Medieninhaber von Wochenzeitungen";;"TV Media";"Abschnitt IVa § 12c PresseFG 2004";"§ 12c Abs. 7";",00";",00";",00";
2020;"VGN Medien Holding GmbH";"Medienhilfspaket - Außerordentliche Förderung für Medieninhaber von Wochenzeitungen";;NEWS;"Abschnitt IVa § 12c PresseFG 2004";abgeschlossen;"14831,00";"14831,00";",00";
2020;"Wallig Ennstaler Druckerei und Verlag GmbH";"Medienhilfspaket - Außerordentliche Förderung für Medieninhaber von Wochenzeitungen";;"DER ENNSTALER";"Abschnitt IVa § 12c PresseFG 2004";abgeschlossen;"13752,00";"13752,00";",00";
2020;"Wiener Dom-Verlag Gesellschaft m.b.H.";"Medienhilfspaket - Außerordentliche Förderung für Medieninhaber von Wochenzeitungen";;"DER SONNTAG - Die Zeitung der Erzdiözese Wien";"Abschnitt IVa § 12c PresseFG 2004";"§ 12c Abs. 7";",00";",00";",00";
2020;"CB-Verlagsges.m.b.H.";"Medienhilfspaket - Außerordentliche Förderung für Online-zeitungen und -zeitschriften";;"TRAVEL NEWS";"Abschnitt IVa § 12c PresseFG 2004";abgelehnt;",00";",00";",00";
2020;"economy Verlagsgesellschaft m.b.H.";"Medienhilfspaket - Außerordentliche Förderung für Online-zeitungen und -zeitschriften";;"ECONOMY.AT";"Abschnitt IVa § 12c PresseFG 2004";abgeschlossen;"8048,00";"8048,00";",00";
2020;"Exclusiv Verlagsgesellschaft m.b.H. & Co. KG.";"Medienhilfspaket - Außerordentliche Förderung für Online-zeitungen und -zeitschriften";;"WELS-REPORT";"Abschnitt IVa § 12c PresseFG 2004";abgelehnt;",00";",00";",00";
2020;"IM Inovative Medien GmbH";"Medienhilfspaket - Außerordentliche Förderung für Online-zeitungen und -zeitschriften";;"GAILTAL-JOURNAL";"Abschnitt IVa § 12c PresseFG 2004";abgelehnt;",00";",00";",00";
2020;"Redaktion 18 - Gabriele Jiresch e.U.";"Medienhilfspaket - Außerordentliche Förderung für Online-zeitungen und -zeitschriften";;"REDAKTION18 / RETAILREPORT / PRODUCTREPORT";"Abschnitt IVa § 12c PresseFG 2004";abgelehnt;",00";",00";",00";
2020;"Redaktionsbuero OST Antje Mayer-Salvi e.U.";"Medienhilfspaket - Außerordentliche Förderung für Online-zeitungen und -zeitschriften";;"C/O VIENNA MAGAZINE";"Abschnitt IVa § 12c PresseFG 2004";abgeschlossen;"2834,00";"2834,00";",00";
2020;"SPV Printmedien G.m.b.H.";"Medienhilfspaket - Außerordentliche Förderung für Online-zeitungen und -zeitschriften";;"BLICK INS LAND";"Abschnitt IVa § 12c PresseFG 2004";abgelehnt;",00";",00";",00";
2020;"Steinmüller & Stachowitsch OG";"Medienhilfspaket - Außerordentliche Förderung für Online-zeitungen und -zeitschriften";;"INDIE-MAG.COM";"Abschnitt IVa § 12c PresseFG 2004";abgeschlossen;"8810,00";"8810,00";",00";
2020;"Top-Leader Verlag KG";"Medienhilfspaket - Außerordentliche Förderung für Online-zeitungen und -zeitschriften";;"TOP LEADER - Online Premium News";"Abschnitt IVa § 12c PresseFG 2004";abgelehnt;",00";",00";",00";
2020;"""Obersteirische Rundschau"" Medien GmbH";"Medienhilfspaket - Außerordentliche Förderung für Regionalzeitungen";;"OBERSTEIRISCHE RUNDSCHAU";"Abschnitt IVa § 12c PresseFG 2004";abgeschlossen;"26757,00";"26757,00";",00";
2020;"Aktiv Zeitung Jauk Gesellschaft m.b.H. & Co KG";"Medienhilfspaket - Außerordentliche Förderung für Regionalzeitungen";;"AKTIV ZEITUNG";"Abschnitt IVa § 12c PresseFG 2004";abgeschlossen;"4858,00";"4858,00";",00";
2020;"Athesia-Tyrolia Druck Gesellschaft m.b.H.";"Medienhilfspaket - Außerordentliche Förderung für Regionalzeitungen";;"DIE TIROLER BASICS";"Abschnitt IVa § 12c PresseFG 2004";abgeschlossen;"20241,00";"20241,00";",00";
2020;"Bezirksblätter Burgenland Verlag GmbH";"Medienhilfspaket - Außerordentliche Förderung für Regionalzeitungen";;"BEZIRKSBLÄTTER BURGENLAND";"Abschnitt IVa § 12c PresseFG 2004";abgeschlossen;"16000,00";"16000,00";",00";
2020;"Bezirksblätter Niederösterreich GmbH";"Medienhilfspaket - Außerordentliche Förderung für Regionalzeitungen";;"BEZIRKSBLÄTTER NIEDERÖSTERREICH";"Abschnitt IVa § 12c PresseFG 2004";abgeschlossen;"25057,00";"25057,00";",00";
2020;"Bezirksblätter Salzburg GmbH";"Medienhilfspaket - Außerordentliche Förderung für Regionalzeitungen";;"BEZIRKSBLÄTTER SALZBURG";"Abschnitt IVa § 12c PresseFG 2004";abgeschlossen;"20576,00";"20576,00";",00";
2020;"Bezirksblätter Tirol GmbH";"Medienhilfspaket - Außerordentliche Förderung für Regionalzeitungen";;"BEZIRKSBLÄTTER TIROL";"Abschnitt IVa § 12c PresseFG 2004";abgeschlossen;"25057,00";"25057,00";",00";
2020;"Bezirksrundschau GmbH";"Medienhilfspaket - Außerordentliche Förderung für Regionalzeitungen";;BEZIRKSRUNDSCHAU;"Abschnitt IVa § 12c PresseFG 2004";abgeschlossen;"93035,00";"93035,00";",00";
2020;"Biber Verlagsgesellschaft mbH";"Medienhilfspaket - Außerordentliche Förderung für Regionalzeitungen";;BIBER;"Abschnitt IVa § 12c PresseFG 2004";abgeschlossen;"32321,00";"32321,00";",00";
2020;"bz Wiener Bezirkszeitung GmbH";"Medienhilfspaket - Außerordentliche Förderung für Regionalzeitungen";;"BZ WIENER BEZIRKSZEITUNG";"Abschnitt IVa § 12c PresseFG 2004";abgeschlossen;"22479,00";"22479,00";",00";
2020;"CITY MEDIA Zeitschriften GesmbH";"Medienhilfspaket - Außerordentliche Förderung für Regionalzeitungen";;"CITY MAGAZIN";"Abschnitt IVa § 12c PresseFG 2004";abgeschlossen;"36637,00";"36637,00";",00";
2020;"Die Steirerin Verlags GmbH & Co KG";"Medienhilfspaket - Außerordentliche Förderung für Regionalzeitungen";;STEIRERIN;"Abschnitt IVa § 12c PresseFG 2004";abgeschlossen;"15410,00";"15410,00";",00";
2020;"Inntal Verlags GmbH";"Medienhilfspaket - Außerordentliche Förderung für Regionalzeitungen";;"BEZIRKSBLÄTTER KITZBÜHEL / KUFSTEIN / SCHWAZ";"Abschnitt IVa § 12c PresseFG 2004";abgeschlossen;"8406,00";"8406,00";",00";
2020;"Kärntner Regional Medien GmbH";"Medienhilfspaket - Außerordentliche Förderung für Regionalzeitungen";;"KÄRNTNER REGIONALMEDIEN";"Abschnitt IVa § 12c PresseFG 2004";abgeschlossen;"16479,00";"16479,00";",00";
2020;"Kärntner Woche Zeitungs-G.m.b.H.";"Medienhilfspaket - Außerordentliche Förderung für Regionalzeitungen";;"WOCHE KÄRNTEN";"Abschnitt IVa § 12c PresseFG 2004";abgeschlossen;"21682,00";"21682,00";",00";
2020;"live relations PR und Networking GmbH";"Medienhilfspaket - Außerordentliche Förderung für Regionalzeitungen";;"DEIN BEZIRK";"Abschnitt IVa § 12c PresseFG 2004";abgeschlossen;"12432,00";"12432,00";",00";
2020;"Media 21 GmbH";"Medienhilfspaket - Außerordentliche Förderung für Regionalzeitungen";;"DER GRAZER";"Abschnitt IVa § 12c PresseFG 2004";abgeschlossen;"8640,00";"8640,00";",00";
2020;"Medienhaus Krois GmbH";"Medienhilfspaket - Außerordentliche Förderung für Regionalzeitungen";;"SÜD-OST JOURNAL";"Abschnitt IVa § 12c PresseFG 2004";abgeschlossen;"27323,00";"27323,00";",00";
2020;"Medienvertrieb GmbH";"Medienhilfspaket - Außerordentliche Förderung für Regionalzeitungen";;"WEEKEND MAGAZIN SALZBURG";"Abschnitt IVa § 12c PresseFG 2004";abgeschlossen;"27142,00";"27142,00";",00";
2020;"Neu-Media GmbH";"Medienhilfspaket - Außerordentliche Förderung für Regionalzeitungen";;OBERÖSTERREICHERIN;"Abschnitt IVa § 12c PresseFG 2004";abgeschlossen;"17882,00";"17882,00";",00";
2020;"Neu-Media GmbH";"Medienhilfspaket - Außerordentliche Förderung für Regionalzeitungen";;NIEDERÖSTERREICHERIN;"Abschnitt IVa § 12c PresseFG 2004";abgeschlossen;"3910,00";"3910,00";",00";
2020;"Oberländer Rundschau GmbH";"Medienhilfspaket - Außerordentliche Förderung für Regionalzeitungen";;"RUNDSCHAU - OBERLÄNDER WOCHENZEITUNG";"Abschnitt IVa § 12c PresseFG 2004";abgeschlossen;"100315,00";"100315,00";",00";
2020;"Oberländer Verlags GmbH";"Medienhilfspaket - Außerordentliche Förderung für Regionalzeitungen";;"MEIN MONAT";"Abschnitt IVa § 12c PresseFG 2004";abgeschlossen;"7925,00";"7925,00";",00";
2020;"Rieder Magazin Verlags Gesellschaft m.b.H.";"Medienhilfspaket - Außerordentliche Förderung für Regionalzeitungen";;"UNSER MAGAZIN";"Abschnitt IVa § 12c PresseFG 2004";abgeschlossen;"47115,00";"47115,00";",00";
2020;"Russmedia Verlag GmbH";"Medienhilfspaket - Außerordentliche Förderung für Regionalzeitungen";;"WANN & WO";"Abschnitt IVa § 12c PresseFG 2004";"§ 12c Abs. 7";",00";",00";",00";
2020;"RZ Regionalzeitungs GmbH";"Medienhilfspaket - Außerordentliche Förderung für Regionalzeitungen";;"RZ REGIONALZEITUNGEN";"Abschnitt IVa § 12c PresseFG 2004";abgeschlossen;"83641,00";"83641,00";",00";
2020;"Salzburger Verlagshausgesellschaft m.b.H.";"Medienhilfspaket - Außerordentliche Förderung für Regionalzeitungen";;SALZACHBRÜCKE;"Abschnitt IVa § 12c PresseFG 2004";abgeschlossen;"17194,00";"17194,00";",00";
2020;"Scherz-Kogelbauer GmbH";"Medienhilfspaket - Außerordentliche Förderung für Regionalzeitungen";;"BOTE AUS DER BUCKLIGEN WELT/BURGENLAND MITTE";"Abschnitt IVa § 12c PresseFG 2004";abgeschlossen;"16917,00";"16917,00";",00";
2020;"SPV Printmedien G.m.b.H.";"Medienhilfspaket - Außerordentliche Förderung für Regionalzeitungen";;"BLICK INS LAND";"Abschnitt IVa § 12c PresseFG 2004";abgeschlossen;"25643,00";"25643,00";",00";
2020;"target group publishing gmbh";"Medienhilfspaket - Außerordentliche Förderung für Regionalzeitungen";;"6020 STADTMAGAZIN";"Abschnitt IVa § 12c PresseFG 2004";abgeschlossen;"37042,00";"37042,00";",00";
2020;"TIPS Zeitungs GmbH & Co KG";"Medienhilfspaket - Außerordentliche Förderung für Regionalzeitungen";;TIPS;"Abschnitt IVa § 12c PresseFG 2004";abgeschlossen;"200000,00";"200000,00";",00";
2020;"Tirolerin Verlags GmbH";"Medienhilfspaket - Außerordentliche Förderung für Regionalzeitungen";;TIROLERIN;"Abschnitt IVa § 12c PresseFG 2004";abgeschlossen;"16195,00";"16195,00";",00";
2020;"vormagazin ges.m.b.h";"Medienhilfspaket - Außerordentliche Förderung für Regionalzeitungen";;VORMAGAZIN;"Abschnitt IVa § 12c PresseFG 2004";abgeschlossen;"24853,00";"24853,00";",00";
2020;"Weekend Magazin Burgenland GmbH";"Medienhilfspaket - Außerordentliche Förderung für Regionalzeitungen";;"WEEKEND MAGAZIN BURGENLAND";"Abschnitt IVa § 12c PresseFG 2004";abgeschlossen;"10297,00";"10297,00";",00";
2020;"Weekend Magazin GmbH";"Medienhilfspaket - Außerordentliche Förderung für Regionalzeitungen";;"WEEKEND MAGAZIN OÖ";"Abschnitt IVa § 12c PresseFG 2004";abgeschlossen;"79745,00";"79745,00";",00";
2020;"Weekend Magazin Kärnten GmbH";"Medienhilfspaket - Außerordentliche Förderung für Regionalzeitungen";;"WEEKEND MAGAZIN KÄRNTEN";"Abschnitt IVa § 12c PresseFG 2004";abgeschlossen;"11237,00";"11237,00";",00";
2020;"Weekend Magazin Steiermark GmbH";"Medienhilfspaket - Außerordentliche Förderung für Regionalzeitungen";;"WEEKEND MAGAZIN STEIERMARK";"Abschnitt IVa § 12c PresseFG 2004";abgeschlossen;"39350,00";"39350,00";",00";
2020;"Weekend Magazin Tirol GmbH";"Medienhilfspaket - Außerordentliche Förderung für Regionalzeitungen";;"WEEKEND MAGAZIN TIROL";"Abschnitt IVa § 12c PresseFG 2004";abgeschlossen;"8601,00";"8601,00";",00";
2020;"Weekend Magazin Wien GmbH";"Medienhilfspaket - Außerordentliche Förderung für Regionalzeitungen";;"WEEKEND MAGAZIN WIEN";"Abschnitt IVa § 12c PresseFG 2004";abgeschlossen;"32229,00";"32229,00";",00";
2020;"Weizer Zeitung Gesellschaft m.b.H. & Co KG";"Medienhilfspaket - Außerordentliche Förderung für Regionalzeitungen";;"WOCHE WEIZ / WOCHE GLEISDORF";"Abschnitt IVa § 12c PresseFG 2004";abgeschlossen;"4739,00";"4739,00";",00";
2020;"Wiener Bezirksblatt GmbH";"Medienhilfspaket - Außerordentliche Förderung für Regionalzeitungen";;"WIENER BEZIRKSBLATT";"Abschnitt IVa § 12c PresseFG 2004";abgeschlossen;"109262,00";"109262,00";",00";
2020;"wienlive Zeitschriften GmbH";"Medienhilfspaket - Außerordentliche Förderung für Regionalzeitungen";;"WIENLIVE LOOK!";"Abschnitt IVa § 12c PresseFG 2004";abgeschlossen;"53453,00";"53453,00";",00";
2020;"Wochenzeitungs GmbH Steiermark";"Medienhilfspaket - Außerordentliche Förderung für Regionalzeitungen";;"WOCHE STEIERMARK";"Abschnitt IVa § 12c PresseFG 2004";abgeschlossen;"25057,00";"25057,00";",00";
2020;"WOKA die Agentur e.U.";"Medienhilfspaket - Außerordentliche Förderung für Regionalzeitungen";;BEZIRKSREVUE;"Abschnitt IVa § 12c PresseFG 2004";abgeschlossen;"6781,00";"6781,00";",00";
2020;"Zielgruppen-Zeitungsverlags GmbH";"Medienhilfspaket - Außerordentliche Förderung für Regionalzeitungen";;CHEFINFO;"Abschnitt IVa § 12c PresseFG 2004";abgeschlossen;"104382,00";"104382,00";",00";
2020;"""Welt der Frau"" Verlags GmbH";"Medienhilfspaket - Außerordentliche Förderung für Zeitschriften";;"WELT DER FRAUEN";"Abschnitt IVa § 12c PresseFG 2004";abgeschlossen;"108414,00";"108414,00";",00";
2020;"AHEAD Mediaberatungs GmbH";"Medienhilfspaket - Außerordentliche Förderung für Zeitschriften";;"H.O.M.E.";"Abschnitt IVa § 12c PresseFG 2004";abgeschlossen;"51699,00";"51699,00";",00";
2020;"AktivMedia VerlagsgmbH";"Medienhilfspaket - Außerordentliche Förderung für Zeitschriften";;"WELS IM BILD";"Abschnitt IVa § 12c PresseFG 2004";abgelehnt;",00";",00";",00";
2020;"Albatros Medien GmbH";"Medienhilfspaket - Außerordentliche Förderung für Zeitschriften";;MEDIENManager;"Abschnitt IVa § 12c PresseFG 2004";abgelehnt;",00";",00";",00";
2020;"Ballesterer Zeitschriftenverlag GmbH";"Medienhilfspaket - Außerordentliche Förderung für Zeitschriften";;"BALLESTERER Fußballmagazin";"Abschnitt IVa § 12c PresseFG 2004";abgeschlossen;"4835,00";"4835,00";",00";
2020;"CB-Verlagsges.m.b.H.";"Medienhilfspaket - Außerordentliche Förderung für Zeitschriften";;"AUTO-aktuell";"Abschnitt IVa § 12c PresseFG 2004";abgeschlossen;"12050,00";"12050,00";",00";
2020;"CB-Verlagsges.m.b.H.";"Medienhilfspaket - Außerordentliche Förderung für Zeitschriften";;"BUS & HOTELREPORT";"Abschnitt IVa § 12c PresseFG 2004";abgelehnt;",00";",00";",00";
2020;"Der Reitwagen ZeitschriftenverlagsgesmbH";"Medienhilfspaket - Außerordentliche Förderung für Zeitschriften";;"DER REITWAGEN";"Abschnitt IVa § 12c PresseFG 2004";abgelehnt;",00";",00";",00";
2020;"eco.nova Verlags GmbH";"Medienhilfspaket - Außerordentliche Förderung für Zeitschriften";;ECONOVA;"Abschnitt IVa § 12c PresseFG 2004";abgelehnt;",00";",00";",00";
2020;"Falstaff Verlags-Gesellschaft m.b.H.";"Medienhilfspaket - Außerordentliche Förderung für Zeitschriften";;"FALSTAFF Magazin";"Abschnitt IVa § 12c PresseFG 2004";abgeschlossen;"115810,00";"115810,00";",00";
2020;"Gusto GmbH & Co KG";"Medienhilfspaket - Außerordentliche Förderung für Zeitschriften";;GUSTO;"Abschnitt IVa § 12c PresseFG 2004";abgeschlossen;"21900,00";"21900,00";",00";
2020;"Home Town Media GmbH";"Medienhilfspaket - Außerordentliche Förderung für Zeitschriften";;METROPOLE;"Abschnitt IVa § 12c PresseFG 2004";abgeschlossen;"14314,00";"14314,00";",00";
2020;"Johann Oberauer Gesellschaft m.b.H.";"Medienhilfspaket - Außerordentliche Förderung für Zeitschriften";;"DER ÖSTERREICHISCHE JOURNALIST";"Abschnitt IVa § 12c PresseFG 2004";abgelehnt;",00";",00";",00";
2020;"Landwirt Agrarmedien GmbH";"Medienhilfspaket - Außerordentliche Förderung für Zeitschriften";;"SCHAFE & ZIEGEN AKTUELL";"Abschnitt IVa § 12c PresseFG 2004";abgeschlossen;"14662,00";"14662,00";",00";
2020;"Landwirt Agrarmedien GmbH";"Medienhilfspaket - Außerordentliche Förderung für Zeitschriften";;"LANDWIRT Die Fachzeitschrift für die bäuerliche Familie";"Abschnitt IVa § 12c PresseFG 2004";abgeschlossen;"110291,00";"110291,00";",00";
2020;"Leopold Stocker Verlag GmbH";"Medienhilfspaket - Außerordentliche Förderung für Zeitschriften";;"KOCHEN & KÜCHE";"Abschnitt IVa § 12c PresseFG 2004";abgeschlossen;"17942,00";"17942,00";",00";
2020;"Leopold Stocker Verlag GmbH";"Medienhilfspaket - Außerordentliche Förderung für Zeitschriften";;"KOCH- und BACK JOURNAL";"Abschnitt IVa § 12c PresseFG 2004";abgeschlossen;"14533,00";"14533,00";",00";
2020;"LW Werbe- und Verlags GmbH";"Medienhilfspaket - Außerordentliche Förderung für Zeitschriften";;VINARIA;"Abschnitt IVa § 12c PresseFG 2004";abgeschlossen;"19920,00";"19920,00";",00";
2020;"LW Werbe- und Verlags GmbH";"Medienhilfspaket - Außerordentliche Förderung für Zeitschriften";;"LAND DER BERGE";"Abschnitt IVa § 12c PresseFG 2004";abgelehnt;",00";",00";",00";
2020;"Manstein Zeitschriftenverlagsgesellschaft m.b.H.";"Medienhilfspaket - Außerordentliche Förderung für Zeitschriften";;"ÖSTERREICHISCHE TEXTILZEITUNG";"Abschnitt IVa § 12c PresseFG 2004";abgelehnt;",00";",00";",00";
2020;"Manstein Zeitschriftenverlagsgesellschaft m.b.H.";"Medienhilfspaket - Außerordentliche Förderung für Zeitschriften";;CASH;"Abschnitt IVa § 12c PresseFG 2004";abgelehnt;",00";",00";",00";
2020;"Manstein Zeitschriftenverlagsgesellschaft m.b.H.";"Medienhilfspaket - Außerordentliche Förderung für Zeitschriften";;"HOTEL & TOURISTIK";"Abschnitt IVa § 12c PresseFG 2004";abgelehnt;",00";",00";",00";
2020;"missMEDIA GmbH";"Medienhilfspaket - Außerordentliche Förderung für Zeitschriften";;MISS;"Abschnitt IVa § 12c PresseFG 2004";abgelehnt;",00";",00";",00";
2020;"ORIGINAL MAGAZIN für nachhaltige Lebenskultur";"Medienhilfspaket - Außerordentliche Förderung für Zeitschriften";;"ORIGINAL MAGAZIN für nachhaltige Lebenskultur";"Abschnitt IVa § 12c PresseFG 2004";abgelehnt;",00";",00";",00";
2020;"PROFI Reisen Verlagsgesellschaft mbH";"Medienhilfspaket - Außerordentliche Förderung für Zeitschriften";;"TIP - TRAVEL INDUSTRY PROFESSIONAL";"Abschnitt IVa § 12c PresseFG 2004";abgelehnt;",00";",00";",00";
2020;"REGAL Verlagsgesellschaft m.b.H.";"Medienhilfspaket - Außerordentliche Förderung für Zeitschriften";;REGAL;"Abschnitt IVa § 12c PresseFG 2004";abgelehnt;",00";",00";",00";
2020;"Russmedia GmbH";"Medienhilfspaket - Außerordentliche Förderung für Zeitschriften";;VORARLBERGERIN;"Abschnitt IVa § 12c PresseFG 2004";abgelehnt;",00";",00";",00";
2020;"Springer-Verlag GmbH";"Medienhilfspaket - Außerordentliche Förderung für Zeitschriften";;"PRO CARE";"Abschnitt IVa § 12c PresseFG 2004";abgelehnt;",00";",00";",00";
2020;"Springer-Verlag GmbH";"Medienhilfspaket - Außerordentliche Förderung für Zeitschriften";;"WIENER KLINISCHES MAGAZIN";"Abschnitt IVa § 12c PresseFG 2004";abgelehnt;",00";",00";",00";
2020;"Springer-Verlag GmbH";"Medienhilfspaket - Außerordentliche Förderung für Zeitschriften";;"JOURNAL für Mineralstoffwechsel & Muskuloskelettale Erkrankungen";"Abschnitt IVa § 12c PresseFG 2004";abgelehnt;",00";",00";",00";
2020;"Springer-Verlag GmbH";"Medienhilfspaket - Außerordentliche Förderung für Zeitschriften";;"PSYCHOPRAXIS.NEUROPRAXIS - Zeitschrift für praktische Psychiatrie und Neurologie";"Abschnitt IVa § 12c PresseFG 2004";abgelehnt;",00";",00";",00";
2020;"Springer-Verlag GmbH";"Medienhilfspaket - Außerordentliche Förderung für Zeitschriften";;"PÄDIATRIE UND PÄDOLOGIE Österreischische Zeitschrift für Kinder- und Jugendheilkunde";"Abschnitt IVa § 12c PresseFG 2004";abgelehnt;",00";",00";",00";
2020;"Styria Medienhaus Lifestyle GmbH & Co KG";"Medienhilfspaket - Außerordentliche Förderung für Zeitschriften";;WIENERIN;"Abschnitt IVa § 12c PresseFG 2004";abgeschlossen;"90265,00";"90265,00";",00";
2020;"Styria Medienhaus Lifestyle GmbH & Co KG";"Medienhilfspaket - Außerordentliche Förderung für Zeitschriften";;DIVA;"Abschnitt IVa § 12c PresseFG 2004";abgelehnt;",00";",00";",00";
2020;"Südwind Verein für Entwicklungspolitik und globale Gerechtigkeit";"Medienhilfspaket - Außerordentliche Förderung für Zeitschriften";;"SÜDWIND-MAGAZIN";"Abschnitt IVa § 12c PresseFG 2004";abgeschlossen;"14274,00";"14274,00";",00";
2020;"T.A.I. Fachzeitungsverlag GmbH";"Medienhilfspaket - Außerordentliche Förderung für Zeitschriften";;"T.A.I. Tourist Austria International";"Abschnitt IVa § 12c PresseFG 2004";abgelehnt;",00";",00";",00";
2020;"VGN Medien Holding GmbH";"Medienhilfspaket - Außerordentliche Förderung für Zeitschriften";;TREND;"Abschnitt IVa § 12c PresseFG 2004";abgeschlossen;"69476,00";"69476,00";",00";
2020;"Wailand und Waldstein Gesellschaft m.b.H.";"Medienhilfspaket - Außerordentliche Förderung für Zeitschriften";;GEWINN;"Abschnitt IVa § 12c PresseFG 2004";abgeschlossen;"160340,00";"160340,00";",00";
2020;"Woman GmbH & Co KG";"Medienhilfspaket - Außerordentliche Förderung für Zeitschriften";;WOMAN;"Abschnitt IVa § 12c PresseFG 2004";abgeschlossen;"93793,00";"93793,00";",00";
2020;"ÖAMTC Verbandsbetriebe GmbH";"Medienhilfspaket - Außerordentliche Förderung für Zeitschriften";;"AUTO TOURING";"Abschnitt IVa § 12c PresseFG 2004";abgelehnt;",00";",00";",00";
2020;"Österreichischer Agrarverlag Druck und Verlags Gesellschaft m.b.H. Nfg. KG";"Medienhilfspaket - Außerordentliche Förderung für Zeitschriften";;"HOLZBAU AUSTRIA";"Abschnitt IVa § 12c PresseFG 2004";abgelehnt;",00";",00";",00";
2020;"Österreichischer Agrarverlag Druck und Verlags Gesellschaft m.b.H. Nfg. KG";"Medienhilfspaket - Außerordentliche Förderung für Zeitschriften";;"DER WINZER";"Abschnitt IVa § 12c PresseFG 2004";abgeschlossen;"21536,00";"21536,00";",00";
2020;"Österreichischer Agrarverlag Druck und Verlags Gesellschaft m.b.H. Nfg. KG";"Medienhilfspaket - Außerordentliche Förderung für Zeitschriften";;"GARTEN + HAUS";"Abschnitt IVa § 12c PresseFG 2004";abgeschlossen;"23240,00";"23240,00";",00";
2020;"Österreichischer Agrarverlag Druck und Verlags Gesellschaft m.b.H. Nfg. KG";"Medienhilfspaket - Außerordentliche Förderung für Zeitschriften";;PFERDEREVUE;"Abschnitt IVa § 12c PresseFG 2004";abgeschlossen;"28451,00";"28451,00";",00";
2020;"""Die Presse"" Verlags-Gesellschaft m.b.H. & Co KG";"Refundierung für die Gratisverteilung an Schulen - Tageszeitungen";;"""DIE PRESSE"" Unabhängige Tageszeitung für Österreich und ""Die Presse am Sonntag""";"§ 11 Abs.2 Z 2 PresseFG 2004";abgeschlossen;"32728,00";"16364,00";"16364,00";
2020;"""Salzburger Nachrichten"" Verlagsgesellschaft m.b.H. & Co KG";"Refundierung für die Gratisverteilung an Schulen - Tageszeitungen";;"SALZBURGER NACHRICHTEN";"§ 11 Abs.2 Z 2 PresseFG 2004";abgeschlossen;"43866,00";"21933,00";"21933,00";
2020;"Kleine Zeitung GmbH & Co KG";"Refundierung für die Gratisverteilung an Schulen - Tageszeitungen";;"Kleine Zeitung Steiermark und Kärnten";"§ 11 Abs.2 Z 2 PresseFG 2004";abgeschlossen;"20419,00";"10209,50";"10209,50";
2020;"Mediaprint Zeitungs- und Zeitschriftenverlag Gesellschaft m.b.H & Co KG";"Refundierung für die Gratisverteilung an Schulen - Tageszeitungen";;KURIER;"§ 11 Abs.2 Z 2 PresseFG 2004";abgeschlossen;"30278,00";"15139,00";"15139,00";
2020;"Mediaprint Zeitungs- und Zeitschriftenverlag Gesellschaft m.b.H & Co KG";"Refundierung für die Gratisverteilung an Schulen - Tageszeitungen";;"KRONEN ZEITUNG";"§ 11 Abs.2 Z 2 PresseFG 2004";abgeschlossen;"22944,00";"11472,00";"11472,00";
2020;"NEUE Zeitungs GmbH";"Refundierung für die Gratisverteilung an Schulen - Tageszeitungen";;"NEUE Vorarlberger Tageszeitung";"§ 11 Abs.2 Z 2 PresseFG 2004";abgeschlossen;"544,00";"272,00";"272,00";
2020;"Oberösterreichische Media Data Vertriebs- und Verlags GmbH";"Refundierung für die Gratisverteilung an Schulen - Tageszeitungen";;"Oberösterreichisches Volksblatt";"§ 11 Abs.2 Z 2 PresseFG 2004";abgeschlossen;"1270,00";"635,00";"635,00";
2020;"OÖN Redaktion GmbH & Co KG";"Refundierung für die Gratisverteilung an Schulen - Tageszeitungen";;"OÖ NACHRICHTEN";"§ 11 Abs.2 Z 2 PresseFG 2004";abgeschlossen;"28217,00";"14108,50";"14108,50";
2020;"Russmedia Verlag GmbH";"Refundierung für die Gratisverteilung an Schulen - Tageszeitungen";;"VN - Vorarlberger Nachrichten";"§ 11 Abs.2 Z 2 PresseFG 2004";abgeschlossen;"9288,00";"4644,00";"4644,00";
2020;"Schlüsselverlag J. S. Moser GmbH";"Refundierung für die Gratisverteilung an Schulen - Tageszeitungen";;"TIROLER TAGESZEITUNG";"§ 11 Abs.2 Z 2 PresseFG 2004";abgeschlossen;"36347,00";"18173,50";"18173,50";
2020;"STANDARD Verlagsgesellschaft m.b.H.";"Refundierung für die Gratisverteilung an Schulen - Tageszeitungen";;"DER STANDARD";"§ 11 Abs.2 Z 2 PresseFG 2004";abgeschlossen;"44151,00";"22075,50";"22075,50";
2020;"BVZ Burgenländische Volkszeitung GmbH";"Refundierung für die Gratisverteilung an Schulen - Wochenzeitungen";;"BVZ - Burgenländische Volkszeitung";"§ 11 Abs.2 Z 2 PresseFG 2004";abgeschlossen;"199,00";"99,50";"99,50";
2020;"Die Furche-Zeitschriften-Betriebs-Gesellschaft m.b.H. & Co. KG.";"Refundierung für die Gratisverteilung an Schulen - Wochenzeitungen";;"DIE FURCHE";"§ 11 Abs.2 Z 2 PresseFG 2004";abgeschlossen;"30037,00";"15018,50";"15018,50";
2020;"Diözese Linz";"Refundierung für die Gratisverteilung an Schulen - Wochenzeitungen";;"KirchenZeitung Diözese Linz";"§ 11 Abs.2 Z 2 PresseFG 2004";abgeschlossen;"744,00";"372,00";"372,00";
2020;"Falter - Zeitschriften Gesellschaft m.b.H.";"Refundierung für die Gratisverteilung an Schulen - Wochenzeitungen";;FALTER;"§ 11 Abs.2 Z 2 PresseFG 2004";abgeschlossen;"5642,00";"2821,00";"2821,00";
2020;"Kleine Zeitung GmbH & Co KG";"Refundierung für die Gratisverteilung an Schulen - Wochenzeitungen";;"KLEINE KINDERZEITUNG";"§ 11 Abs.2 Z 2 PresseFG 2004";abgeschlossen;"13508,00";"6754,00";"6754,00";
2020;"Kroatischer Presseverein (Hrvatsko stamparsko drustvo)";"Refundierung für die Gratisverteilung an Schulen - Wochenzeitungen";;"HRVATSKE NOVINE";"§ 11 Abs.2 Z 2 PresseFG 2004";abgeschlossen;"950,00";"475,00";"475,00";
2020;"KURIER Zeitungsverlag und Druckerei Gesellschaft m.b.H.";"Refundierung für die Gratisverteilung an Schulen - Wochenzeitungen";;PROFIL;"§ 11 Abs.2 Z 2 PresseFG 2004";abgeschlossen;"8233,00";"4116,50";"4116,50";
2020;"Murtaler Zeitung GmbH";"Refundierung für die Gratisverteilung an Schulen - Wochenzeitungen";;"Murtaler Zeitung";"§ 11 Abs.2 Z 2 PresseFG 2004";abgeschlossen;"218,00";"109,00";"109,00";
2020;"Niederösterreichisches Pressehaus Druck- und Verlagsgesellschaft m.b.H.";"Refundierung für die Gratisverteilung an Schulen - Wochenzeitungen";;"NÖN - Niederösterreichische Nachrichten";"§ 11 Abs.2 Z 2 PresseFG 2004";abgeschlossen;"2199,00";"1099,50";"1099,50";
2020;"Seelsorgeamt der Diözese Gurk";"Refundierung für die Gratisverteilung an Schulen - Wochenzeitungen";;"Der Sonntag - Kärntner Kirchenzeitung";"§ 11 Abs.2 Z 2 PresseFG 2004";abgeschlossen;"5,00";"2,50";"2,50";
2020;"Unterkärntner Nachrichten Verlags GmbH";"Refundierung für die Gratisverteilung an Schulen - Wochenzeitungen";;"UNTERKÄRNTNER NACHRICHTEN";"§ 11 Abs.2 Z 2 PresseFG 2004";abgeschlossen;"252,00";"126,00";"126,00";
2020;"VGN Medien Holding GmbH";"Refundierung für die Gratisverteilung an Schulen - Wochenzeitungen";;NEWS;"§ 11 Abs.2 Z 2 PresseFG 2004";abgeschlossen;"4465,00";"2232,50";"2232,50";
2020;"""Die Presse"" Verlags-Gesellschaft m.b.H. & Co KG";"Sonderförderung TZ";;"""DIE PRESSE"" Unabhängige Tageszeitung für Österreich";"Abschnitt IVa PresseFG 2004";abgeschlossen;"220743,00";"220743,00";",00";
2020;"""Salzburger Nachrichten"" Verlagsgesellschaft m.b.H. & Co KG";"Sonderförderung TZ";;"SALZBURGER NACHRICHTEN";"Abschnitt IVa PresseFG 2004";abgeschlossen;"235842,00";"235842,00";",00";
2020;"AHVV Verlags GmbH";"Sonderförderung TZ";;"Tageszeitung HEUTE";"Abschnitt IVa PresseFG 2004";abgeschlossen;"1842148,00";"1842148,00";",00";
2020;"Kleine Zeitung GmbH & Co KG";"Sonderförderung TZ";;"KLEINE ZEITUNG";"Abschnitt IVa PresseFG 2004";abgeschlossen;"928906,00";"928906,00";",00";
2020;"KRONE - Verlag Gesellschaft m.b.H. & Co. KG.";"Sonderförderung TZ";;"KRONEN ZEITUNG";"Abschnitt IVa PresseFG 2004";abgeschlossen;"2300000,00";"2300000,00";",00";
2020;"KURIER Zeitungsverlag und Druckerei Gesellschaft m.b.H.";"Sonderförderung TZ";;KURIER;"Abschnitt IVa PresseFG 2004";abgeschlossen;"531873,00";"531873,00";",00";
2020;"Mediengruppe ""ÖSTERREICH"" GmbH";"Sonderförderung TZ";;ÖSTERREICH;"Abschnitt IVa PresseFG 2004";abgeschlossen;"344342,00";"344342,00";",00";
2020;"Mediengruppe ""ÖSTERREICH"" GmbH";"Sonderförderung TZ";;"OE24";"Abschnitt IVa PresseFG 2004";abgeschlossen;"1689363,00";"1689363,00";",00";
2020;"NEUE Zeitungs GmbH";"Sonderförderung TZ";;"NEUE VORARLBERGER TAGESZEITUNG";"Abschnitt IVa PresseFG 2004";abgeschlossen;"50640,00";"50640,00";",00";
2020;"Oberösterreichische Media Data Vertriebs- und Verlags GmbH";"Sonderförderung TZ";;"OBERÖSTERREICHISCHES VOLKSBLATT";"Abschnitt IVa PresseFG 2004";abgeschlossen;"55363,00";"55363,00";",00";
2020;"OÖN Redaktion GmbH & Co KG";"Sonderförderung TZ";;"OÖ NACHRICHTEN";"Abschnitt IVa PresseFG 2004";abgeschlossen;"397367,00";"397367,00";",00";
2020;"Russmedia Verlag GmbH";"Sonderförderung TZ";;"VORARLBERGER NACHRICHTEN";"Abschnitt IVa PresseFG 2004";abgeschlossen;"175077,00";"175077,00";",00";
2020;"Schlüsselverlag J. S. Moser GmbH";"Sonderförderung TZ";;"TIROLER TAGESZEITUNG KOMPAKT";"Abschnitt IVa PresseFG 2004";abgeschlossen;"40748,00";"40748,00";",00";
2020;"Schlüsselverlag J. S. Moser GmbH";"Sonderförderung TZ";;"TIROLER TAGESZEITUNG";"Abschnitt IVa PresseFG 2004";abgeschlossen;"293965,00";"293965,00";",00";
2020;"Seelsorgeamt der Diözese Gurk";"Sonderförderung TZ";;"SONNTAG - Kärntner Kirchenzeitung";"Abschnitt IVa PresseFG 2004";abgelehnt;",00";",00";",00";
2020;"STANDARD Verlagsgesellschaft m.b.H.";"Sonderförderung TZ";;"DER STANDARD";"Abschnitt IVa PresseFG 2004";abgeschlossen;"221880,00";"221880,00";",00";
2020;"VGN Medien Holding GmbH";"Sonderförderung TZ";;"TV MEDIA";"Abschnitt IVa PresseFG 2004";abgelehnt;",00";",00";",00";
2020;"VGN Medien Holding GmbH";"Sonderförderung TZ";;NEWS;"Abschnitt IVa PresseFG 2004";abgelehnt;",00";",00";",00";
2020;"""Die Presse"" Verlags-Gesellschaft m.b.H. & Co KG";"Vertriebsförderung von Tageszeitungen";;"""DIE PRESSE"" Unabhängige Tageszeitung für Österreich und ""Die Presse am Sonntag""";"Abschnitt II PresseFG 2004";abgeschlossen;"403442,32";"201721,16";"201721,16";
2020;"""Salzburger Nachrichten"" Verlagsgesellschaft m.b.H. & Co KG";"Vertriebsförderung von Tageszeitungen";;"SALZBURGER NACHRICHTEN";"Abschnitt II PresseFG 2004";abgeschlossen;"504302,88";"252151,44";"252151,44";
2020;"Kleine Zeitung GmbH & Co KG";"Vertriebsförderung von Tageszeitungen";;"Kleine Zeitung Steiermark und Kärnten";"Abschnitt II PresseFG 2004";abgeschlossen;"504302,88";"252151,44";"252151,44";
2020;"Mediaprint Zeitungs- und Zeitschriftenverlag Gesellschaft m.b.H & Co KG";"Vertriebsförderung von Tageszeitungen";;KURIER;"Abschnitt II PresseFG 2004";abgeschlossen;"403442,32";"201721,16";"201721,16";
2020;"Mediaprint Zeitungs- und Zeitschriftenverlag Gesellschaft m.b.H & Co KG";"Vertriebsförderung von Tageszeitungen";;"KRONEN ZEITUNG";"Abschnitt II PresseFG 2004";abgeschlossen;"504302,88";"252151,44";"252151,44";
2020;"Mediengruppe ""ÖSTERREICH"" GmbH";"Vertriebsförderung von Tageszeitungen";;ÖSTERREICH;"Abschnitt II PresseFG 2004";abgelehnt;",00";",00";",00";
2020;"NEUE Zeitungs GmbH";"Vertriebsförderung von Tageszeitungen";;"NEUE Vorarlberger Tageszeitung";"Abschnitt II PresseFG 2004";abgeschlossen;"403442,32";"201721,16";"201721,16";
2020;"Oberösterreichische Media Data Vertriebs- und Verlags GmbH";"Vertriebsförderung von Tageszeitungen";;"Oberösterreichisches Volksblatt";"Abschnitt II PresseFG 2004";abgeschlossen;"504302,88";"252151,44";"252151,44";
2020;"OÖN Redaktion GmbH & Co KG";"Vertriebsförderung von Tageszeitungen";;"OÖ NACHRICHTEN";"Abschnitt II PresseFG 2004";abgeschlossen;"504302,88";"252151,44";"252151,44";
2020;"Russmedia Verlag GmbH";"Vertriebsförderung von Tageszeitungen";;"VN - Vorarlberger Nachrichten";"Abschnitt II PresseFG 2004";abgeschlossen;"504302,88";"252151,44";"252151,44";
2020;"Schlüsselverlag J. S. Moser GmbH";"Vertriebsförderung von Tageszeitungen";;"TIROLER TAGESZEITUNG";"Abschnitt II PresseFG 2004";abgeschlossen;"504302,88";"252151,44";"252151,44";
2020;"STANDARD Verlagsgesellschaft m.b.H.";"Vertriebsförderung von Tageszeitungen";;"DER STANDARD";"Abschnitt II PresseFG 2004";abgeschlossen;"504302,88";"252151,44";"252151,44";
2020;"""W 3"" Verlagsgesellschaft m.b.H. & Co Verlag KG";"Vertriebsförderung von Wochenzeitungen";;"Zur Zeit - Die Wochenzeitung für Österreich";"Abschnitt II PresseFG 2004";abgeschlossen;"103294,70";"51647,35";"51647,35";
2020;"Agrar Media Verlagsgesellschaft mbH";"Vertriebsförderung von Wochenzeitungen";;"ÖSTERREICHISCHE BAUERNZEITUNG/BAUERNBÜNDLER";"Abschnitt II PresseFG 2004";abgeschlossen;"231561,80";"115780,90";"115780,90";
2020;"Badener Zeitungsverlag GmbH";"Vertriebsförderung von Wochenzeitungen";;"BADENER ZEITUNG";"Abschnitt II PresseFG 2004";abgeschlossen;"21376,00";"10688,00";"10688,00";
2020;"Bischöfliches Ordinariat, Diözese Graz-Seckau";"Vertriebsförderung von Wochenzeitungen";;"SONNTAGSBLATT für Steiermark";"Abschnitt II PresseFG 2004";abgeschlossen;"231561,80";"115780,90";"115780,90";
2020;"Bischöfliches Seelsorgeamt";"Vertriebsförderung von Wochenzeitungen";;"NEDELJA  Slowenische Kirchenzeitung der Diözese Gurk";"Abschnitt II PresseFG 2004";abgeschlossen;"43013,00";"21506,50";"21506,50";
2020;"BVZ Burgenländische Volkszeitung GmbH";"Vertriebsförderung von Wochenzeitungen";;"BVZ - Burgenländische Volkszeitung";"Abschnitt II PresseFG 2004";abgeschlossen;"137166,30";"68583,15";"68583,15";
2020;"Die Furche-Zeitschriften-Betriebs-Gesellschaft m.b.H. & Co. KG.";"Vertriebsförderung von Wochenzeitungen";;"DIE FURCHE";"Abschnitt II PresseFG 2004";abgeschlossen;"177530,70";"88765,35";"88765,35";
2020;"Diözese Eisenstadt - Bischöfliches Ordinariat Generalvikar Mag. Martin Korpitsch";"Vertriebsförderung von Wochenzeitungen";;"MARTINUS - Kirchenzeitung der Diözese Eisenstadt";"Abschnitt II PresseFG 2004";abgeschlossen;"155736,70";"77868,35";"77868,35";
2020;"Diözese Eisenstadt, Kroatische Sektion im Pastoralamt";"Vertriebsförderung von Wochenzeitungen";;"GLASNIK  Crikvene novine Zeljezanske biskupije";"Abschnitt II PresseFG 2004";abgeschlossen;"19523,80";"9761,90";"9761,90";
2020;"Diözese Feldkirch";"Vertriebsförderung von Wochenzeitungen";;"KirchenBlatt Vorarlberg";"Abschnitt II PresseFG 2004";abgeschlossen;"136212,80";"68106,40";"68106,40";
2020;"Diözese Innsbruck - Bischöfliches Ordinariat";"Vertriebsförderung von Wochenzeitungen";;"TIROLER SONNTAG - Kirchenzeitung der Diözese Innsbruck";"Abschnitt II PresseFG 2004";abgeschlossen;"187292,60";"93646,30";"93646,30";
2020;"Diözese Linz";"Vertriebsförderung von Wochenzeitungen";;"KirchenZeitung Diözese Linz";"Abschnitt II PresseFG 2004";abgeschlossen;"231561,80";"115780,90";"115780,90";
2020;"Diözese St. Pölten";"Vertriebsförderung von Wochenzeitungen";;"Kirche bunt  St. Pöltner Kirchenzeitung";"Abschnitt II PresseFG 2004";abgeschlossen;"185249,40";"92624,70";"92624,70";
2020;"Falter - Zeitschriften Gesellschaft m.b.H.";"Vertriebsförderung von Wochenzeitungen";;FALTER;"Abschnitt II PresseFG 2004";abgeschlossen;"227021,40";"113510,70";"113510,70";
2020;"Freiheitliche Partei Österreichs";"Vertriebsförderung von Wochenzeitungen";;"NEUE FREIE ZEITUNG";"Abschnitt II PresseFG 2004";abgeschlossen;"133375,10";"66687,55";"66687,55";
2020;"Kitzbüheler Anzeiger Gesellschaft m.b.H.";"Vertriebsförderung von Wochenzeitungen";;"KITZBÜHELER ANZEIGER";"Abschnitt II PresseFG 2004";abgeschlossen;"21376,00";"10688,00";"10688,00";
2020;"Kleine Zeitung GmbH & Co KG";"Vertriebsförderung von Wochenzeitungen";;"KLEINE KINDERZEITUNG";"Abschnitt II PresseFG 2004";abgeschlossen;"39597,10";"19798,55";"19798,55";
2020;"Kroatischer Presseverein (Hrvatsko stamparsko drustvo)";"Vertriebsförderung von Wochenzeitungen";;"HRVATSKE NOVINE";"Abschnitt II PresseFG 2004";abgeschlossen;"27242,60";"13621,30";"13621,30";
2020;"KURIER Zeitungsverlag und Druckerei Gesellschaft m.b.H.";"Vertriebsförderung von Wochenzeitungen";;PROFIL;"Abschnitt II PresseFG 2004";abgeschlossen;"231561,80";"115780,90";"115780,90";
2020;"Murtaler Zeitung GmbH";"Vertriebsförderung von Wochenzeitungen";;"Murtaler Zeitung";"Abschnitt II PresseFG 2004";abgeschlossen;"17100,80";"8550,40";"8550,40";
2020;"NEUES LAND Medien GesmbH";"Vertriebsförderung von Wochenzeitungen";;"NEUES LAND";"Abschnitt II PresseFG 2004";abgeschlossen;"231561,80";"115780,90";"115780,90";
2020;"Niederösterreichisches Pressehaus Druck- und Verlagsgesellschaft m.b.H.";"Vertriebsförderung von Wochenzeitungen";;NÖN;"Abschnitt II PresseFG 2004";abgeschlossen;"240642,70";"120321,35";"120321,35";
2020;"Ordinariat der Erzdiözese Salzburg";"Vertriebsförderung von Wochenzeitungen";;"RUPERTUSBLATT - Wochenzeitung der Erzdiözese Salzburg";"Abschnitt II PresseFG 2004";abgeschlossen;"155736,70";"77868,35";"77868,35";
2020;"Osttiroler Bote Medienunternehmen GesmbH";"Vertriebsförderung von Wochenzeitungen";;"OSTTIROLER BOTE";"Abschnitt II PresseFG 2004";abgeschlossen;"21376,00";"10688,00";"10688,00";
2020;"Raiffeisen Media GmbH";"Vertriebsförderung von Wochenzeitungen";;RAIFFEISENZEITUNG;"Abschnitt II PresseFG 2004";abgeschlossen;"204319,30";"102159,65";"102159,65";
2020;"Salzburger Verlagshausgesellschaft m.b.H.";"Vertriebsförderung von Wochenzeitungen";;"SALZBURGER WOCHE";"Abschnitt II PresseFG 2004";abgeschlossen;"231561,80";"115780,90";"115780,90";
2020;"Seelsorgeamt der Diözese Gurk";"Vertriebsförderung von Wochenzeitungen";;"SONNTAG - Kärntner Kirchenzeitung";"Abschnitt II PresseFG 2004";abgeschlossen;"120510,50";"60255,25";"60255,25";
2020;"SloMedia - Slovenski medijski center - Slowenisches Medienzentrum GmbH";"Vertriebsförderung von Wochenzeitungen";;NOVICE;"Abschnitt II PresseFG 2004";abgeschlossen;"51571,70";"25785,85";"25785,85";
2020;"TIPS Zeitungs GmbH & Co KG";"Vertriebsförderung von Wochenzeitungen";;"ISCHLER WOCHE";"Abschnitt II PresseFG 2004";abgeschlossen;"21376,00";"10688,00";"10688,00";
2020;"Unterkärntner Nachrichten Verlags GmbH";"Vertriebsförderung von Wochenzeitungen";;"UNTERKÄRNTNER NACHRICHTEN";"Abschnitt II PresseFG 2004";abgeschlossen;"21376,00";"10688,00";"10688,00";
2020;"VGN Medien Holding GmbH";"Vertriebsförderung von Wochenzeitungen";;NEWS;"Abschnitt II PresseFG 2004";abgeschlossen;"174352,40";"87176,20";"87176,20";
2020;"VGN Medien Holding GmbH";"Vertriebsförderung von Wochenzeitungen";;"TV Media";"Abschnitt II PresseFG 2004";abgeschlossen;"236102,20";"118051,10";"118051,10";
2020;"Wallig Ennstaler Druckerei und Verlag GmbH";"Vertriebsförderung von Wochenzeitungen";;"DER ENNSTALER";"Abschnitt II PresseFG 2004";abgeschlossen;"21376,00";"10688,00";"10688,00";
2020;"Wiener Dom-Verlag Gesellschaft m.b.H.";"Vertriebsförderung von Wochenzeitungen";;"DER SONNTAG - Die Zeitung der Erzdiözese Wien";"Abschnitt II PresseFG 2004";abgeschlossen;"177530,70";"88765,35";"88765,35";
2020;"Verein zur Förderung der Nutzung von Zeitungen in der Schule";"Zuschuss an Vereinigungen zur Leseförderungen";;"MISCHA - Medien in Schule und Ausbildung, Verein zur Förderung der Nutzung von";"§ 11 Abs.2 Z 1 PresseFG 2004";abgeschlossen;"234301,00";"117150,50";"117150,50";
2020;"""Die Presse"" Verlags-Gesellschaft m.b.H. & Co KG";"Zuschuss zu den Kosten angestellter Auslandskorrespondenten";;"""DIE PRESSE"" Unabhängige Tageszeitung für Österreich und ""Die Presse am Sonntag""";"§ 11 Abs.1 PresseFG 2004";abgeschlossen;"40000,00";"20000,00";"20000,00";
2020;"""Salzburger Nachrichten"" Verlagsgesellschaft m.b.H. & Co KG";"Zuschuss zu den Kosten angestellter Auslandskorrespondenten";;"SALZBURGER NACHRICHTEN";"§ 11 Abs.1 PresseFG 2004";abgeschlossen;"40000,00";"20000,00";"20000,00";
2020;"Kleine Zeitung GmbH & Co KG";"Zuschuss zu den Kosten angestellter Auslandskorrespondenten";;"Kleine Zeitung Steiermark und Kärnten";"§ 11 Abs.1 PresseFG 2004";abgeschlossen;"40000,00";"20000,00";"20000,00";
2020;"Mediaprint Zeitungs- und Zeitschriftenverlag Gesellschaft m.b.H & Co KG";"Zuschuss zu den Kosten angestellter Auslandskorrespondenten";;"Zeitungen in der schulischen Ausbildung";"§ 11 Abs.1 PresseFG 2004";abgeschlossen;"40000,00";"20000,00";"20000,00";
2020;"STANDARD Verlagsgesellschaft m.b.H.";"Zuschuss zu den Kosten angestellter Auslandskorrespondenten";;"DER STANDARD";"§ 11 Abs.1 PresseFG 2004";abgeschlossen;"40000,00";"20000,00";"20000,00";
2020;"""Die Presse"" Verlags-Gesellschaft m.b.H. & Co KG";"Zuschuss zu den Kosten der redaktionsinternen Ausbildung von Nachwuchsjournalisten - Tageszeitungen";;"""DIE PRESSE"" Unabhängige Tageszeitung für Österreich und ""Die Presse am Sonntag""";"§ 10 Abs.1 PresseFG 2004";abgeschlossen;"20000,00";"10000,00";"10000,00";
2020;"Mediaprint Zeitungs- und Zeitschriftenverlag Gesellschaft m.b.H & Co KG";"Zuschuss zu den Kosten der redaktionsinternen Ausbildung von Nachwuchsjournalisten - Tageszeitungen";;"KRONEN ZEITUNG";"§ 10 Abs.1 PresseFG 2004";abgeschlossen;"20000,00";"10000,00";"10000,00";
2020;"Mediaprint Zeitungs- und Zeitschriftenverlag Gesellschaft m.b.H & Co KG";"Zuschuss zu den Kosten der redaktionsinternen Ausbildung von Nachwuchsjournalisten - Tageszeitungen";;KURIER;"§ 10 Abs.1 PresseFG 2004";abgeschlossen;"20000,00";"10000,00";"10000,00";
2020;"NEUE Zeitungs GmbH";"Zuschuss zu den Kosten der redaktionsinternen Ausbildung von Nachwuchsjournalisten - Tageszeitungen";;"NEUE Vorarlberger Tageszeitung";"§ 10 Abs.1 PresseFG 2004";abgeschlossen;"3000,00";"1500,00";"1500,00";
2020;"OÖN Redaktion GmbH & Co KG";"Zuschuss zu den Kosten der redaktionsinternen Ausbildung von Nachwuchsjournalisten - Tageszeitungen";;"OÖ NACHRICHTEN";"§ 10 Abs.1 PresseFG 2004";abgeschlossen;"20000,00";"10000,00";"10000,00";
2020;"Russmedia Verlag GmbH";"Zuschuss zu den Kosten der redaktionsinternen Ausbildung von Nachwuchsjournalisten - Tageszeitungen";;"VN - Vorarlberger Nachrichten";"§ 10 Abs.1 PresseFG 2004";abgeschlossen;"3500,00";"1750,00";"1750,00";
2020;"Niederösterreichisches Pressehaus Druck- und Verlagsgesellschaft m.b.H.";"Zuschuss zu den Kosten der redaktionsinternen Ausbildung von Nachwuchsjournalisten - Wochenzeitungen";;NÖN;"§ 10 Abs.1 PresseFG 2004";abgeschlossen;"1756,00";"878,00";"878,00";
2020;"Styria Medienhaus Lifestyle GmbH & Co KG";"Zuschuss zu den Kosten der redaktionsinternen Ausbildung von Nachwuchsjournalisten - Wochenzeitungen";;WIENERIN;"§ 10 Abs.1 PresseFG 2004";abgelehnt;",00";",00";;
2020;"Medienhaus Wien - Forschung und Weiterbildung GmbH";"Zuschuss zu Forschungsprojekten";;"DIVERSITÄT UND JOURNALISMUS: Die Bedeutung von Pluralität in den Medien. Internationale Forschungsansätze, Analysen zur Situation in Österreich.";"§ 11 Abs.3 PresseFG 2004";abgeschlossen;"16002,00";"8001,00";"8001,00";
2020;"Medienhaus Wien - Forschung und Weiterbildung GmbH";"Zuschuss zu Forschungsprojekten";;"CORONA KOMMUNIZIEREN: Die Rolle österreichischer Nachrichtenmedien bei der Information zur weltweiten Pandemie und die Wahrnehmung der Krisenkommunikation in der österreichischen Bevölkerung";"§ 11 Abs.3 PresseFG 2004";abgeschlossen;"12668,00";"6334,00";"6334,00";
2020;"Univ.-Prof. Dr. Rudolf Renger";"Zuschuss zu Forschungsprojekten";;"DATAFICATION IN AUSTRIAN JOURNALISM - Zum Wandel des österreichischen Journalismus durch Digitalisierung, Automatisierung, Computergenerierung und Datafizierung";"§ 11 Abs.3 PresseFG 2004";abgeschlossen;"17069,00";"8534,50";"8534,50";
2021;"""Die Presse"" Verlags-Gesellschaft m.b.H. & Co KG";"Besondere Förderung zur Erhaltung der regionalen Vielfalt der Tageszeitungen";;"""Die Presse"" Unabhängige Tageszeitung für Österreich";"Abschnitt III PresseFG 2004";abgeschlossen;"1036467,40";"518233,70";"518233,70";
2021;"NEUE Zeitungs GmbH";"Besondere Förderung zur Erhaltung der regionalen Vielfalt der Tageszeitungen";;"NEUE Vorarlberger Tageszeitung";"Abschnitt III PresseFG 2004";abgeschlossen;"671320,60";"335660,30";"335660,30";
2021;"Oberösterreichische Media Data Vertriebs- und Verlags GmbH";"Besondere Förderung zur Erhaltung der regionalen Vielfalt der Tageszeitungen";;"Oberösterreichisches Volksblatt";"Abschnitt III PresseFG 2004";abgeschlossen;"656028,30";"328014,15";"328014,15";
2021;"STANDARD Verlagsgesellschaft m.b.H.";"Besondere Förderung zur Erhaltung der regionalen Vielfalt der Tageszeitungen";;"DER STANDARD";"Abschnitt III PresseFG 2004";abgeschlossen;"878183,70";"439091,85";"439091,85";
2021;"Forum Journalismus und Medien Wien - Verein Wiener Medienfortbildung";"Förderung von Vereinigungen der Journalistenausbildung";;"fjum_forum journalismus und medien wien";"§ 10 Abs.2 PresseFG 2004";abgeschlossen;"219986,00";"109993,00";"109993,00";
2021;"Friedrich Austerlitz-Institut für JournalistInnenausbildung";"Förderung von Vereinigungen der Journalistenausbildung";;"Friedrich Austerlitz Institut";"§ 10 Abs.2 PresseFG 2004";abgeschlossen;"4894,00";"2447,00";"2447,00";
2021;"Friedrich Funder Institut für Publizistik, Medienforschung und Journalistenausbildung";"Förderung von Vereinigungen der Journalistenausbildung";;"Friedrich Funder Institut für Publizistik, Medienforschung und Journalistenausbildung";"§ 10 Abs.2 PresseFG 2004";abgeschlossen;"23769,00";"11884,50";"11884,50";
2021;"Katholische Medien Akademie (KMA)";"Förderung von Vereinigungen der Journalistenausbildung";;"Katholische Medien Akademie";"§ 10 Abs.2 PresseFG 2004";abgeschlossen;"60840,00";"30420,00";"30420,00";
2021;"Kuratorium für Journalistenausbildung";"Förderung von Vereinigungen der Journalistenausbildung";;"Kuratorium für Journalistenausbildung";"§ 10 Abs.2 PresseFG 2004";abgeschlossen;"205894,00";"102947,00";"102947,00";
2021;"OÖ Journalistenakademie";"Förderung von Vereinigungen der Journalistenausbildung";;"OÖ Journalistenakademie";"§ 10 Abs.2 PresseFG 2004";abgeschlossen;"54460,00";"27230,00";"27230,00";
2021;"Tiroler Journalismusakademie";"Förderung von Vereinigungen der Journalistenausbildung";;"Tiroler Journalismusakademie";"§ 10 Abs.2 PresseFG 2004";abgeschlossen;"33117,00";"16558,50";"16558,50";
2021;"Österreichische Gesellschaft für Publizistik und Medienforschung";"Förderung von Vereinigungen der Journalistenausbildung";;GESPU;"§ 10 Abs.2 PresseFG 2004";abgeschlossen;"5440,00";"2720,00";"2720,00";
2021;"Klub der Wirtschaftspublizisten";"Förderung von Vereinigungen, deren Hauptaufgabe die Veranstaltung oder Durchführung von Pressekonferenzen ist";;"Klub der Wirtschaftspublizisten";"§ 11 Abs.4 PresseFG 2004";abgeschlossen;"3744,00";"1872,00";"1872,00";
2021;"OÖ Presseclub";"Förderung von Vereinigungen, deren Hauptaufgabe die Veranstaltung oder Durchführung von Pressekonferenzen ist";;"OÖ Presseclub";"§ 11 Abs.4 PresseFG 2004";abgeschlossen;"8424,00";"4212,00";"4212,00";
2021;"Presseclub Concordia - Vereinigung österreichischer Journalisten und Schriftsteller";"Förderung von Vereinigungen, deren Hauptaufgabe die Veranstaltung oder Durchführung von Pressekonferenzen ist";;"Presseclub Concordia - Vereinigung österreichischer Journalisten und Schriftsteller";"§ 11 Abs.4 PresseFG 2004";abgeschlossen;"23400,00";"11700,00";"11700,00";
2021;"Steirischer Presseclub";"Förderung von Vereinigungen, deren Hauptaufgabe die Veranstaltung oder Durchführung von Pressekonferenzen ist";;"Steirischer Presseclub";"§ 11 Abs.4 PresseFG 2004";abgeschlossen;"7020,00";"3510,00";"3510,00";
2021;"Verband der Auslandspresse in Wien";"Förderung von Vereinigungen, deren Hauptaufgabe die Veranstaltung oder Durchführung von Pressekonferenzen ist";;"Verband der Auslandspresse in Wien";"§ 11 Abs.4 PresseFG 2004";abgeschlossen;"4212,00";"2106,00";"2106,00";
2021;"""Die Presse"" Verlags-Gesellschaft m.b.H. & Co KG";"Refundierung für die Gratisverteilung an Schulen - Tageszeitungen";;"""Die Presse"" Unabhängige Tageszeitung für Österreich";"§ 11 Abs.2 Z 2 PresseFG 2004";abgeschlossen;"13235,00";"6617,50";"6617,50";
2021;"""Salzburger Nachrichten"" Verlagsgesellschaft m.b.H. & Co KG";"Refundierung für die Gratisverteilung an Schulen - Tageszeitungen";;"SALZBURGER NACHRICHTEN";"§ 11 Abs.2 Z 2 PresseFG 2004";abgeschlossen;"25484,00";"12742,00";"12742,00";
2021;"Kleine Zeitung GmbH & Co KG";"Refundierung für die Gratisverteilung an Schulen - Tageszeitungen";;"Kleine Zeitung";"§ 11 Abs.2 Z 2 PresseFG 2004";abgeschlossen;"34908,00";"17454,00";"17454,00";
2021;"Mediaprint Zeitungs- und Zeitschriftenverlag Gesellschaft m.b.H & Co KG";"Refundierung für die Gratisverteilung an Schulen - Tageszeitungen";;Kurier;"§ 11 Abs.2 Z 2 PresseFG 2004";abgeschlossen;"15918,00";"7959,00";"7959,00";
2021;"Mediaprint Zeitungs- und Zeitschriftenverlag Gesellschaft m.b.H & Co KG";"Refundierung für die Gratisverteilung an Schulen - Tageszeitungen";;"Kronen Zeitung";"§ 11 Abs.2 Z 2 PresseFG 2004";abgeschlossen;"13198,00";"6599,00";"6599,00";
2021;"NEUE Zeitungs GmbH";"Refundierung für die Gratisverteilung an Schulen - Tageszeitungen";;"NEUE Vorarlberger Tageszeitung";"§ 11 Abs.2 Z 2 PresseFG 2004";abgeschlossen;"77,00";"38,50";"38,50";
2021;"Oberösterreichische Media Data Vertriebs- und Verlags GmbH";"Refundierung für die Gratisverteilung an Schulen - Tageszeitungen";;"Oberösterreichisches Volksblatt";"§ 11 Abs.2 Z 2 PresseFG 2004";abgeschlossen;"1162,00";"581,00";"581,00";
2021;"OÖN Redaktion GmbH & Co KG";"Refundierung für die Gratisverteilung an Schulen - Tageszeitungen";;OÖNachrichten;"§ 11 Abs.2 Z 2 PresseFG 2004";abgeschlossen;"16041,00";"8020,50";"8020,50";
2021;"Russmedia Verlag GmbH";"Refundierung für die Gratisverteilung an Schulen - Tageszeitungen";;"Vorarlberger Nachrichten";"§ 11 Abs.2 Z 2 PresseFG 2004";abgeschlossen;"4055,00";"2027,50";"2027,50";
2021;"Schlüsselverlag J.S. Moser GmbH";"Refundierung für die Gratisverteilung an Schulen - Tageszeitungen";;"TIROLER TAGESZEITUNG";"§ 11 Abs.2 Z 2 PresseFG 2004";abgeschlossen;"94881,00";"47440,50";"47440,50";
2021;"STANDARD Verlagsgesellschaft m.b.H.";"Refundierung für die Gratisverteilung an Schulen - Tageszeitungen";;"DER STANDARD";"§ 11 Abs.2 Z 2 PresseFG 2004";abgeschlossen;"19398,00";"9699,00";"9699,00";
2021;"BVZ Burgenländische Volkszeitung GmbH";"Refundierung für die Gratisverteilung an Schulen - Wochenzeitungen";;"BVZ - Burgenländische Volkszeitung";"§ 11 Abs.2 Z 2 PresseFG 2004";abgeschlossen;"158,00";"79,00";"79,00";
2021;"Die Furche-Zeitschriften-Betriebs-Gesellschaft m.b.H. & Co. KG.";"Refundierung für die Gratisverteilung an Schulen - Wochenzeitungen";;"DIE FURCHE";"§ 11 Abs.2 Z 2 PresseFG 2004";abgeschlossen;"31745,00";"15872,50";"15872,50";
2021;"Diözese Linz";"Refundierung für die Gratisverteilung an Schulen - Wochenzeitungen";;"KirchenZeitung Diözese Linz";"§ 11 Abs.2 Z 2 PresseFG 2004";abgeschlossen;"166,00";"83,00";"83,00";
2021;"Falter - Zeitschriften Gesellschaft m.b.H.";"Refundierung für die Gratisverteilung an Schulen - Wochenzeitungen";;FALTER;"§ 11 Abs.2 Z 2 PresseFG 2004";abgeschlossen;"2005,00";"1002,50";"1002,50";
2021;"Kleine Zeitung GmbH & Co KG";"Refundierung für die Gratisverteilung an Schulen - Wochenzeitungen";;Kinderzeitung;"§ 11 Abs.2 Z 2 PresseFG 2004";abgeschlossen;"17634,00";"8817,00";"8817,00";
2021;"Kroatischer Presseverein (Hrvatsko stamparsko drustvo)";"Refundierung für die Gratisverteilung an Schulen - Wochenzeitungen";;"HRVATSKE NOVINE";"§ 11 Abs.2 Z 2 PresseFG 2004";abgeschlossen;"970,00";"485,00";"485,00";
2021;"Murtaler Zeitung GmbH";"Refundierung für die Gratisverteilung an Schulen - Wochenzeitungen";;"Murtaler Zeitung";"§ 11 Abs.2 Z 2 PresseFG 2004";abgeschlossen;"63,00";"31,50";"31,50";
2021;"Niederösterreichisches Pressehaus Druck- und Verlagsgesellschaft m.b.H.";"Refundierung für die Gratisverteilung an Schulen - Wochenzeitungen";;NÖN;"§ 11 Abs.2 Z 2 PresseFG 2004";abgeschlossen;"1289,00";"644,50";"644,50";
2021;"Profil Redaktion GmbH";"Refundierung für die Gratisverteilung an Schulen - Wochenzeitungen";;Profil;"§ 11 Abs.2 Z 2 PresseFG 2004";abgeschlossen;"2390,00";"1195,00";"1195,00";
2021;"Unterkärntner Nachrichten Verlags GmbH";"Refundierung für die Gratisverteilung an Schulen - Wochenzeitungen";;"UNTERKÄRNTNER NACHRICHTEN";"§ 11 Abs.2 Z 2 PresseFG 2004";abgeschlossen;"91,00";"45,50";"45,50";
2021;"VGN Medien Holding GmbH";"Refundierung für die Gratisverteilung an Schulen - Wochenzeitungen";;NEWS;"§ 11 Abs.2 Z 2 PresseFG 2004";abgeschlossen;"1950,00";"975,00";"975,00";
2021;"""Die Presse"" Verlags-Gesellschaft m.b.H. & Co KG";"Vertriebsförderung von Tageszeitungen";;"""Die Presse"" Unabhängige Tageszeitung für Österreich";"Abschnitt II PresseFG 2004";abgeschlossen;"161376,80";"80688,40";"80688,40";
2021;"""Salzburger Nachrichten"" Verlagsgesellschaft m.b.H. & Co KG";"Vertriebsförderung von Tageszeitungen";;"SALZBURGER NACHRICHTEN";"Abschnitt II PresseFG 2004";abgeschlossen;"201721,20";"100860,60";"100860,60";
2021;"Kleine Zeitung GmbH & Co KG";"Vertriebsförderung von Tageszeitungen";;"Kleine Zeitung";"Abschnitt II PresseFG 2004";abgeschlossen;"201721,20";"100860,60";"100860,60";
2021;"Mediaprint Zeitungs- und Zeitschriftenverlag Gesellschaft m.b.H & Co KG";"Vertriebsförderung von Tageszeitungen";;"KRONEN ZEITUNG";"Abschnitt II PresseFG 2004";abgeschlossen;"201721,20";"100860,60";"100860,60";
2021;"Mediaprint Zeitungs- und Zeitschriftenverlag Gesellschaft m.b.H & Co KG";"Vertriebsförderung von Tageszeitungen";;KURIER;"Abschnitt II PresseFG 2004";abgeschlossen;"161376,80";"80688,40";"80688,40";
2021;"NEUE Zeitungs GmbH";"Vertriebsförderung von Tageszeitungen";;"NEUE Vorarlberger Tageszeitung";"Abschnitt II PresseFG 2004";abgeschlossen;"161376,80";"80688,40";"80688,40";
2021;"Oberösterreichische Media Data Vertriebs- und Verlags GmbH";"Vertriebsförderung von Tageszeitungen";;"Oberösterreichisches Volksblatt";"Abschnitt II PresseFG 2004";abgeschlossen;"201721,20";"100860,60";"100860,60";
2021;"OÖN Redaktion GmbH & Co KG";"Vertriebsförderung von Tageszeitungen";;OÖNachrichten;"Abschnitt II PresseFG 2004";abgeschlossen;"201721,20";"100860,60";"100860,60";
2021;"Russmedia Verlag GmbH";"Vertriebsförderung von Tageszeitungen";;"Vorarlberger Nachrichten";"Abschnitt II PresseFG 2004";abgeschlossen;"201721,20";"100860,60";"100860,60";
2021;"Schlüsselverlag J.S. Moser GmbH";"Vertriebsförderung von Tageszeitungen";;"TIROLER TAGESZEITUNG";"Abschnitt II PresseFG 2004";abgeschlossen;"201721,20";"100860,60";"100860,60";
2021;"STANDARD Verlagsgesellschaft m.b.H.";"Vertriebsförderung von Tageszeitungen";;"DER STANDARD";"Abschnitt II PresseFG 2004";abgeschlossen;"201721,20";"100860,60";"100860,60";
2021;"""W 3"" Verlagsgesellschaft m.b.H. & Co Verlag KG";"Vertriebsförderung von Wochenzeitungen";;"ZUR ZEIT";"Abschnitt II PresseFG 2004";abgeschlossen;"43533,00";"21766,50";"21766,50";
2021;"Agrar Media Verlagsgesellschaft mbH";"Vertriebsförderung von Wochenzeitungen";;"ÖSTERREICHISCHE BAUERNZEITUNG";"Abschnitt II PresseFG 2004";abgeschlossen;"99505,00";"49752,50";"49752,50";
2021;"Badener Zeitungsverlag GmbH";"Vertriebsförderung von Wochenzeitungen";;"BADENER ZEITUNG";"Abschnitt II PresseFG 2004";abgeschlossen;"8550,20";"4275,10";"4275,10";
2021;"Bischöfliches Ordinariat, Diözese Graz-Seckau";"Vertriebsförderung von Wochenzeitungen";;"SONNTAGSBLATT für Steiermark";"Abschnitt II PresseFG 2004";abgeschlossen;"99505,00";"49752,50";"49752,50";
2021;"Bischöfliches Seelsorgeamt";"Vertriebsförderung von Wochenzeitungen";;GLASNIK;"Abschnitt II PresseFG 2004";abgeschlossen;"8420,00";"4210,00";"4210,00";
2021;"Bischöfliches Seelsorgeamt";"Vertriebsförderung von Wochenzeitungen";;"NEDELJA  Slowenische Kirchenzeitung der Diözese Gurk";"Abschnitt II PresseFG 2004";abgeschlossen;"18128,00";"9064,00";"9064,00";
2021;"BVZ Burgenländische Volkszeitung GmbH";"Vertriebsförderung von Wochenzeitungen";;"BVZ - Burgenländische Volkszeitung";"Abschnitt II PresseFG 2004";abgeschlossen;"57808,00";"28904,00";"28904,00";
2021;"Die Furche-Zeitschriften-Betriebs-Gesellschaft m.b.H. & Co. KG.";"Vertriebsförderung von Wochenzeitungen";;"DIE FURCHE";"Abschnitt II PresseFG 2004";abgeschlossen;"74820,00";"37410,00";"37410,00";
2021;"Diözese Eisenstadt - Bischöfliches Ordinariat Generalvikar Mag. Martin Korpitsch";"Vertriebsförderung von Wochenzeitungen";;"MARTINUS - Kirchenzeitung der Diözese Eisenstadt";"Abschnitt II PresseFG 2004";abgeschlossen;"59798,00";"29899,00";"29899,00";
2021;"Diözese Feldkirch";"Vertriebsförderung von Wochenzeitungen";;"KirchenBlatt Vorarlberg";"Abschnitt II PresseFG 2004";abgeschlossen;"58603,00";"29301,50";"29301,50";
2021;"Diözese Innsbruck - Bischöfliches Ordinariat";"Vertriebsförderung von Wochenzeitungen";;"TIROLER SONNTAG - Kirchenzeitung der Diözese Innsbruck";"Abschnitt II PresseFG 2004";abgeschlossen;"80513,00";"40256,50";"40256,50";
2021;"Diözese Linz";"Vertriebsförderung von Wochenzeitungen";;"KirchenZeitung Diözese Linz";"Abschnitt II PresseFG 2004";abgeschlossen;"99504,00";"49752,00";"49752,00";
2021;"Diözese St. Pölten";"Vertriebsförderung von Wochenzeitungen";;"KIRCHE BUNT";"Abschnitt II PresseFG 2004";abgeschlossen;"78073,00";"39036,50";"39036,50";
2021;"Falter - Zeitschriften Gesellschaft m.b.H.";"Vertriebsförderung von Wochenzeitungen";;FALTER;"Abschnitt II PresseFG 2004";abgeschlossen;"97591,00";"48795,50";"48795,50";
2021;"Freiheitliche Partei Österreichs";"Vertriebsförderung von Wochenzeitungen";;"NEUE FREIE ZEITUNG";"Abschnitt II PresseFG 2004";abgeschlossen;"47679,00";"23839,50";"23839,50";
2021;"Kitzbüheler Anzeiger Gesellschaft m.b.H.";"Vertriebsförderung von Wochenzeitungen";;"Kitzbüheler Anzeiger";"Abschnitt II PresseFG 2004";abgeschlossen;"8550,20";"4275,10";"4275,10";
2021;"Kleine Zeitung GmbH & Co KG";"Vertriebsförderung von Wochenzeitungen";;Kinderzeitung;"Abschnitt II PresseFG 2004";abgeschlossen;"17015,00";"8507,50";"8507,50";
2021;"Kroatischer Presseverein (Hrvatsko stamparsko drustvo)";"Vertriebsförderung von Wochenzeitungen";;"HRVATSKE NOVINE";"Abschnitt II PresseFG 2004";abgeschlossen;"11721,00";"5860,50";"5860,50";
2021;"Medien24 GmbH";"Vertriebsförderung von Wochenzeitungen";;Wochenblick;"Abschnitt II PresseFG 2004";abgeschlossen;"11721,00";"5860,50";"5860,50";
2021;"Murtaler Zeitung GmbH";"Vertriebsförderung von Wochenzeitungen";;"Murtaler Zeitung";"Abschnitt II PresseFG 2004";abgeschlossen;"6840,00";"3420,00";"3420,00";
2021;"NEUES LAND Medien GesmbH";"Vertriebsförderung von Wochenzeitungen";;"NEUES LAND";"Abschnitt II PresseFG 2004";abgeschlossen;"93764,00";"46882,00";"46882,00";
2021;"Niederösterreichisches Pressehaus Druck- und Verlagsgesellschaft m.b.H.";"Vertriebsförderung von Wochenzeitungen";;NÖN;"Abschnitt II PresseFG 2004";abgeschlossen;"99505,00";"49752,50";"49752,50";
2021;"Ordinariat der Erzdiözese Salzburg";"Vertriebsförderung von Wochenzeitungen";;Rupertusblatt;"Abschnitt II PresseFG 2004";abgeschlossen;"73353,00";"36676,50";"36676,50";
2021;"Osttiroler Bote Medienunternehmen GesmbH";"Vertriebsförderung von Wochenzeitungen";;"OSTTIROLER BOTE";"Abschnitt II PresseFG 2004";abgeschlossen;"8550,20";"4275,10";"4275,10";
2021;"Profil Redaktion GmbH";"Vertriebsförderung von Wochenzeitungen";;Profil;"Abschnitt II PresseFG 2004";abgeschlossen;"97591,00";"48795,50";"48795,50";
2021;"Raiffeisen Media GmbH";"Vertriebsförderung von Wochenzeitungen";;RAIFFEISENZEITUNG;"Abschnitt II PresseFG 2004";abgeschlossen;"86109,80";"43054,90";"43054,90";
2021;"Seelsorgeamt der Diözese Gurk";"Vertriebsförderung von Wochenzeitungen";;"SONNTAG - Kärntner Kirchenzeitung";"Abschnitt II PresseFG 2004";abgeschlossen;"50789,00";"25394,50";"25394,50";
2021;"SloMedia - Slovenski medijski center - Slowenisches Medienzentrum GmbH";"Vertriebsförderung von Wochenzeitungen";;NOVICE;"Abschnitt II PresseFG 2004";abgeschlossen;"21272,00";"10636,00";"10636,00";
2021;"Tips Zeitungs GmbH & CoKG";"Vertriebsförderung von Wochenzeitungen";;"Ischler Woche";"Abschnitt II PresseFG 2004";abgeschlossen;"8550,20";"4275,10";"4275,10";
2021;"Unterkärntner Nachrichten Verlags GmbH";"Vertriebsförderung von Wochenzeitungen";;"UNTERKÄRNTNER NACHRICHTEN";"Abschnitt II PresseFG 2004";abgeschlossen;"8550,20";"4275,10";"4275,10";
2021;"VGN Medien Holding GmbH";"Vertriebsförderung von Wochenzeitungen";;"TV Media";"Abschnitt II PresseFG 2004";abgeschlossen;"99505,00";"49752,50";"49752,50";
2021;"VGN Medien Holding GmbH";"Vertriebsförderung von Wochenzeitungen";;News;"Abschnitt II PresseFG 2004";abgeschlossen;"73480,00";"36740,00";"36740,00";
2021;"Wallig Ennstaler Druckerei und Verlag GmbH";"Vertriebsförderung von Wochenzeitungen";;"DER ENNSTALER";"Abschnitt II PresseFG 2004";abgeschlossen;"8550,20";"4275,10";"4275,10";
2021;"Wiener Dom-Verlag Gesellschaft m.b.H.";"Vertriebsförderung von Wochenzeitungen";;"Der Sonntag";"Abschnitt II PresseFG 2004";abgeschlossen;"69653,00";"34826,50";"34826,50";
2021;"MISCHA - Medien in Schule und Ausbildung, Verein zur Förderung der Nutzung von Zeitungen in der schulischen Ausbildung";"Zuschuss an Vereinigungen zur Leseförderung";;"MISCHA - Medien in Schule und Ausbildung, Verein zur Förderung der Nutzung von Zeitungen in der schulischen Ausbildung";"§ 11 Abs.2 Z 1 PresseFG 2004";abgeschlossen;"202122,00";"101061,00";"101061,00";
2021;"""Die Presse"" Verlags-Gesellschaft m.b.H. & Co KG";"Zuschuss zu den Kosten angestellter Auslandskorrespondenten";;"""Die Presse"" Unabhängige Tageszeitung für Österreich";"§ 11 Abs.1 PresseFG 2004";abgeschlossen;"40000,00";"20000,00";"20000,00";
2021;"""Salzburger Nachrichten"" Verlagsgesellschaft m.b.H. & Co KG";"Zuschuss zu den Kosten angestellter Auslandskorrespondenten";;"SALZBURGER NACHRICHTEN";"§ 11 Abs.1 PresseFG 2004";abgeschlossen;"40000,00";"20000,00";"20000,00";
2021;"Kleine Zeitung GmbH & Co KG";"Zuschuss zu den Kosten angestellter Auslandskorrespondenten";;"Kleine Zeitung";"§ 11 Abs.1 PresseFG 2004";abgeschlossen;"40000,00";"20000,00";"20000,00";
2021;"Mediaprint Zeitungs- und Zeitschriftenverlag Gesellschaft m.b.H & Co KG";"Zuschuss zu den Kosten angestellter Auslandskorrespondenten";;Kurier;"§ 11 Abs.1 PresseFG 2004";abgeschlossen;"40000,00";"20000,00";"20000,00";
2021;"STANDARD Verlagsgesellschaft m.b.H.";"Zuschuss zu den Kosten angestellter Auslandskorrespondenten";;"DER STANDARD";"§ 11 Abs.1 PresseFG 2004";abgeschlossen;"40000,00";"20000,00";"20000,00";
2021;"""Die Presse"" Verlags-Gesellschaft m.b.H. & Co KG";"Zuschuss zu den Kosten der redaktionsinternen Ausbildung von Nachwuchsjournalisten - Tageszeitungen";;"""Die Presse"" Unabhängige Tageszeitung für Österreich";"§ 10 Abs.1 PresseFG 2004";abgeschlossen;"20000,00";"10000,00";"10000,00";
2021;"Kleine Zeitung GmbH & Co KG";"Zuschuss zu den Kosten der redaktionsinternen Ausbildung von Nachwuchsjournalisten - Tageszeitungen";;"Kleine Zeitung";"§ 10 Abs.1 PresseFG 2004";abgeschlossen;"8853,00";"4426,50";"4426,50";
2021;"Mediaprint Zeitungs- und Zeitschriftenverlag Gesellschaft m.b.H & Co KG";"Zuschuss zu den Kosten der redaktionsinternen Ausbildung von Nachwuchsjournalisten - Tageszeitungen";;"Kronen Zeitung";"§ 10 Abs.1 PresseFG 2004";abgeschlossen;"20000,00";"10000,00";"10000,00";
2021;"Mediaprint Zeitungs- und Zeitschriftenverlag Gesellschaft m.b.H & Co KG";"Zuschuss zu den Kosten der redaktionsinternen Ausbildung von Nachwuchsjournalisten - Tageszeitungen";;Kurier;"§ 10 Abs.1 PresseFG 2004";abgeschlossen;"20000,00";"10000,00";"10000,00";
2021;"NEUE Zeitungs GmbH";"Zuschuss zu den Kosten der redaktionsinternen Ausbildung von Nachwuchsjournalisten - Tageszeitungen";;"NEUE Vorarlberger Tageszeitung";"§ 10 Abs.1 PresseFG 2004";abgeschlossen;"5500,00";"2750,00";"2750,00";
2021;"OÖN Redaktion GmbH & Co KG";"Zuschuss zu den Kosten der redaktionsinternen Ausbildung von Nachwuchsjournalisten - Tageszeitungen";;OÖNachrichten;"§ 10 Abs.1 PresseFG 2004";abgeschlossen;"12290,00";"6145,00";"6145,00";
2021;"Russmedia Verlag GmbH";"Zuschuss zu den Kosten der redaktionsinternen Ausbildung von Nachwuchsjournalisten - Tageszeitungen";;"Vorarlberger Nachrichten";"§ 10 Abs.1 PresseFG 2004";abgeschlossen;"6250,00";"3125,00";"3125,00";
2021;"STANDARD Verlagsgesellschaft m.b.H.";"Zuschuss zu den Kosten der redaktionsinternen Ausbildung von Nachwuchsjournalisten - Tageszeitungen";;"DER STANDARD";"§ 10 Abs.1 PresseFG 2004";abgeschlossen;"20000,00";"10000,00";"10000,00";
2021;"Profil Redaktion GmbH";"Zuschuss zu den Kosten der redaktionsinternen Ausbildung von Nachwuchsjournalisten - Wochenzeitungen";;Profil;"§ 10 Abs.1 PresseFG 2004";abgeschlossen;"9053,00";"4526,50";"4526,50";
2021;"Medienhaus Wien - Forschung und Weiterbildung GmbH";"Zuschuss zu Forschungsprojekten";;"Diversität in Newsrooms und Berichterstattung";"§ 11 Abs.3 PresseFG 2004";abgeschlossen;"23000,00";"11500,00";"11500,00";
2021;"Medienhaus Wien - Forschung und Weiterbildung GmbH";"Zuschuss zu Forschungsprojekten";;"Corona kommunizieren 2021ff. Nachrichtenmedien und deren Rezeption in Österreich.";"§ 11 Abs.3 PresseFG 2004";abgeschlossen;"20000,00";"10000,00";"10000,00";
2021;"Paris-Lodron-Universität Salzburg und Kuratorium für Journalistenausbildung";"Zuschuss zu Forschungsprojekten";;"Unternehmerischer Journalismus - Erfahrungen und Kompetenzen für die Aus- und Weiterbildung";"§ 11 Abs.3 PresseFG 2004";abgeschlossen;"19017,00";"9508,50";"9508,50";
2021;"Privatuniversität Schloss Seeburg";"Zuschuss zu Forschungsprojekten";;"Hate Speech auf österreichischen und deutschen Online-Nachrichtenportalen";"§ 11 Abs.3 PresseFG 2004";abgeschlossen;"21897,00";"10948,50";"10948,50";
2022;"""Die Presse"" Verlags-Gesellschaft m.b.H. & Co KG";"Besondere Förderung zur Erhaltung der regionalen Vielfalt der Tageszeitungen";;"""Die Presse"" Unabhängige Tageszeitung für Österreich";"Abschnitt III PresseFG 2004";abgeschlossen;"1049657,20";"524828,60";"524828,60";
2022;"NEUE Zeitungs GmbH";"Besondere Förderung zur Erhaltung der regionalen Vielfalt der Tageszeitungen";;"NEUE Vorarlberger Tageszeitung";"Abschnitt III PresseFG 2004";abgeschlossen;"673474,40";"336737,20";"336737,20";
2022;"Oberösterreichische Media Data Vertriebs- und Verlags GmbH";"Besondere Förderung zur Erhaltung der regionalen Vielfalt der Tageszeitungen";;"Oberösterreichisches Volksblatt";"Abschnitt III PresseFG 2004";abgeschlossen;"652303,00";"326151,50";"326151,50";
2022;"STANDARD Verlagsgesellschaft m.b.H";"Besondere Förderung zur Erhaltung der regionalen Vielfalt der Tageszeitungen";;"DER STANDARD";"Abschnitt III PresseFG 2004";abgeschlossen;"866565,40";"433282,70";"433282,70";
2022;"Forum Journalismus und Medien Wien - Verein Wiener Medienfortbildung";"Förderung von Vereinigungen der Journalistenausbildung";;"Forum Journalismus und Medien Wien - Verein Wiener Medienfortbildung";"§ 10 Abs.2 PresseFG 2004";abgeschlossen;"203744,50";"101872,25";"101872,25";
2022;"Friedrich Austerlitz-Institut für JournalistInnenausbildung";"Förderung von Vereinigungen der Journalistenausbildung";;"Friedrich-Austerlitz-Institut";"§ 10 Abs.2 PresseFG 2004";abgeschlossen;"7309,00";"3654,50";"3654,50";
2022;"Friedrich Funder Institut für Publizistik, Medienforschung und Journalistenausbildung";"Förderung von Vereinigungen der Journalistenausbildung";;"Friedrich Funder Institut für Publizistik, Medienforschung und Journalistenausbildung";"§ 10 Abs.2 PresseFG 2004";abgeschlossen;"23570,00";"11785,00";"11785,00";
2022;"Katholische Medien Akademie (KMA)";"Förderung von Vereinigungen der Journalistenausbildung";;"Katholische Medien Akademie";"§ 10 Abs.2 PresseFG 2004";abgeschlossen;"47439,00";"23719,50";"23719,50";
2022;"OÖ. Journalistenakademie";"Förderung von Vereinigungen der Journalistenausbildung";;"Oö. Journalistenakademie";"§ 10 Abs.2 PresseFG 2004";abgeschlossen;"55133,00";"27566,50";"27566,50";
2022;"Tiroler Journalismusakademie";"Förderung von Vereinigungen der Journalistenausbildung";;"Tiroler Journalismusakademie";"§ 10 Abs.2 PresseFG 2004";abgeschlossen;"40034,00";"20017,00";"20017,00";
2022;"Österreichische Gesellschaft für Publizistik und Medienforschung";"Förderung von Vereinigungen der Journalistenausbildung";;GESPU;"§ 10 Abs.2 PresseFG 2004";abgeschlossen;"9035,00";"4517,50";"4517,50";
2022;"Österreichische Medienakademie - Ausbildungsinstitut für Journalistinnen und Journalisten";"Förderung von Vereinigungen der Journalistenausbildung";;"Österreichische Medienakademie";"§ 10 Abs.2 PresseFG 2004";abgeschlossen;"222135,50";"111067,75";"111067,75";
2022;"Klub der Wirtschaftspublizisten";"Förderung von Vereinigungen, deren Hauptaufgabe die Veranstaltung oder Durchführung von Pressekonferenzen ist";;"Klub der Wirtschaftspublizisten";"§ 11 Abs.4 PresseFG 2004";abgeschlossen;"3744,00";"1872,00";"1872,00";
2022;"OÖ Presseclub";"Förderung von Vereinigungen, deren Hauptaufgabe die Veranstaltung oder Durchführung von Pressekonferenzen ist";;"OÖ Presseclub";"§ 11 Abs.4 PresseFG 2004";abgeschlossen;"8424,00";"4212,00";"4212,00";
2022;"Presseclub Concordia - Vereinigung österreichischer Journalisten und Schriftsteller";"Förderung von Vereinigungen, deren Hauptaufgabe die Veranstaltung oder Durchführung von Pressekonferenzen ist";;"Presseclub Concordia - Vereinigung österreichischer Journalisten und Schriftsteller";"§ 11 Abs.4 PresseFG 2004";abgeschlossen;"23400,00";"11700,00";"11700,00";
2022;"Steirischer Presseclub";"Förderung von Vereinigungen, deren Hauptaufgabe die Veranstaltung oder Durchführung von Pressekonferenzen ist";;"Steirischer Presseclub";"§ 11 Abs.4 PresseFG 2004";abgeschlossen;"7020,00";"3510,00";"3510,00";
2022;"Verband der Auslandspresse in Wien";"Förderung von Vereinigungen, deren Hauptaufgabe die Veranstaltung oder Durchführung von Pressekonferenzen ist";;"Verband der Auslandspresse";"§ 11 Abs.4 PresseFG 2004";abgeschlossen;"4212,00";"2106,00";"2106,00";
2022;"""Die Presse"" Verlags-Gesellschaft m.b.H. & Co KG";"Refundierung für die Gratisverteilung an Schulen - Tageszeitungen";;"""Die Presse"" Unabhängige Tageszeitung für Österreich";"§ 11 Abs.2 Z 2 PresseFG 2004";abgeschlossen;"15191,00";"7595,50";"7595,50";
2022;"Kleine Zeitung GmbH & Co KG";"Refundierung für die Gratisverteilung an Schulen - Tageszeitungen";;"Kleine Zeitung";"§ 11 Abs.2 Z 2 PresseFG 2004";abgeschlossen;"45008,00";"22504,00";"22504,00";
2022;"Mediaprint Zeitungs- und Zeitschriftenverlag GmbH & Co KG";"Refundierung für die Gratisverteilung an Schulen - Tageszeitungen";;Kurier;"§ 11 Abs.2 Z 2 PresseFG 2004";abgeschlossen;"20262,00";"10131,00";"10131,00";
2022;"Mediaprint Zeitungs- und Zeitschriftenverlag GmbH & Co KG";"Refundierung für die Gratisverteilung an Schulen - Tageszeitungen";;"Kronen Zeitung";"§ 11 Abs.2 Z 2 PresseFG 2004";abgeschlossen;"22064,00";"11032,00";"11032,00";
2022;"NEUE Zeitungs GmbH";"Refundierung für die Gratisverteilung an Schulen - Tageszeitungen";;"NEUE Vorarlberger Tageszeitung";"§ 11 Abs.2 Z 2 PresseFG 2004";abgeschlossen;"449,00";"224,50";"224,50";
2022;"Oberösterreichische Media Data Vertriebs- und Verlags GmbH";"Refundierung für die Gratisverteilung an Schulen - Tageszeitungen";;"Oberösterreichisches Volksblatt";"§ 11 Abs.2 Z 2 PresseFG 2004";abgeschlossen;"1222,00";"611,00";"611,00";
2022;"OÖN Redaktion GmbH & Co KG";"Refundierung für die Gratisverteilung an Schulen - Tageszeitungen";;OÖNachrichten;"§ 11 Abs.2 Z 2 PresseFG 2004";abgeschlossen;"20179,00";"10089,50";"10089,50";
2022;"Russmedia Verlag GmbH";"Refundierung für die Gratisverteilung an Schulen - Tageszeitungen";;"Vorarlberger Nachrichten";"§ 11 Abs.2 Z 2 PresseFG 2004";abgeschlossen;"4434,00";"2217,00";"2217,00";
2022;"Salzburger Nachrichten Verlagsgesellschaft m.b.H. & Co. KG";"Refundierung für die Gratisverteilung an Schulen - Tageszeitungen";;"Salzburger Nachrichten";"§ 11 Abs.2 Z 2 PresseFG 2004";abgeschlossen;"26210,00";"13105,00";"13105,00";
2022;"Schlüsselverlag J.S. Moser GmbH";"Refundierung für die Gratisverteilung an Schulen - Tageszeitungen";;"Tiroler Tageszeitung";"§ 11 Abs.2 Z 2 PresseFG 2004";abgeschlossen;"63028,00";"31514,00";"31514,00";
2022;"STANDARD Verlagsgesellschaft m.b.H";"Refundierung für die Gratisverteilung an Schulen - Tageszeitungen";;"DER STANDARD";"§ 11 Abs.2 Z 2 PresseFG 2004";abgeschlossen;"29720,00";"14860,00";"14860,00";
2022;"BVZ Burgenländische Volkszeitung GmbH";"Refundierung für die Gratisverteilung an Schulen - Wochenzeitungen";;BVZ;"§ 11 Abs.2 Z 2 PresseFG 2004";abgeschlossen;"165,00";"82,50";"82,50";
2022;"Die Furche-Zeitschriften-Betriebs-Gesellschaft m.b.H. & Co. KG.";"Refundierung für die Gratisverteilung an Schulen - Wochenzeitungen";;"DIE FURCHE";"§ 11 Abs.2 Z 2 PresseFG 2004";abgeschlossen;"31895,00";"15947,50";"15947,50";
2022;"Diözese Linz";"Refundierung für die Gratisverteilung an Schulen - Wochenzeitungen";;"KirchenZeitung Diözese Linz";"§ 11 Abs.2 Z 2 PresseFG 2004";abgeschlossen;"249,00";"124,50";"124,50";
2022;"Falter - Zeitschriften Gesellschaft m.b.H.";"Refundierung für die Gratisverteilung an Schulen - Wochenzeitungen";;FALTER;"§ 11 Abs.2 Z 2 PresseFG 2004";abgeschlossen;"2337,00";"1168,50";"1168,50";
2022;"Kleine Zeitung GmbH & Co KG";"Refundierung für die Gratisverteilung an Schulen - Wochenzeitungen";;"Kleine Kinderzeitung";"§ 11 Abs.2 Z 2 PresseFG 2004";abgeschlossen;"12573,00";"6286,50";"6286,50";
2022;"Kroatischer Presseverein (Hrvatsko stamparsko drustvo)";"Refundierung für die Gratisverteilung an Schulen - Wochenzeitungen";;"HRVATSKE NOVINE";"§ 11 Abs.2 Z 2 PresseFG 2004";abgeschlossen;"830,00";"415,00";"415,00";
2022;"Niederösterreichisches Pressehaus Druck- und Verlagsgesellschaft m.b.H.";"Refundierung für die Gratisverteilung an Schulen - Wochenzeitungen";;NÖN;"§ 11 Abs.2 Z 2 PresseFG 2004";abgeschlossen;"1892,00";"946,00";"946,00";
2022;"Profil Redaktion GmbH";"Refundierung für die Gratisverteilung an Schulen - Wochenzeitungen";;Profil;"§ 11 Abs.2 Z 2 PresseFG 2004";abgeschlossen;"3553,00";"1776,50";"1776,50";
2022;"Unterkärntner Nachrichten Verlags GmbH";"Refundierung für die Gratisverteilung an Schulen - Wochenzeitungen";;"UNTERKÄRNTNER NACHRICHTEN";"§ 11 Abs.2 Z 2 PresseFG 2004";abgeschlossen;"395,00";"197,50";"197,50";
2022;"VGN Medien Holding GmbH";"Refundierung für die Gratisverteilung an Schulen - Wochenzeitungen";;News;"§ 11 Abs.2 Z 2 PresseFG 2004";abgeschlossen;"5567,00";"2783,50";"2783,50";
2022;"""Die Presse"" Verlags-Gesellschaft m.b.H. & Co KG";"Vertriebsförderung von Tageszeitungen";;"""Die Presse"" Unabhängige Tageszeitung für Österreich";"Abschnitt II PresseFG 2004";abgeschlossen;"161376,80";"80688,40";"80688,40";
2022;"Kleine Zeitung GmbH & Co KG";"Vertriebsförderung von Tageszeitungen";;"Kleine Zeitung";"Abschnitt II PresseFG 2004";abgeschlossen;"201721,20";"100860,60";"100860,60";
2022;"Mediaprint Zeitungs- und Zeitschriftenverlag GmbH & Co KG";"Vertriebsförderung von Tageszeitungen";;"Kronen Zeitung";"Abschnitt II PresseFG 2004";abgeschlossen;"201721,20";"100860,60";"100860,60";
2022;"Mediaprint Zeitungs- und Zeitschriftenverlag GmbH & Co KG";"Vertriebsförderung von Tageszeitungen";;Kurier;"Abschnitt II PresseFG 2004";abgeschlossen;"161376,80";"80688,40";"80688,40";
2022;"NEUE Zeitungs GmbH";"Vertriebsförderung von Tageszeitungen";;"NEUE Vorarlberger Tageszeitung";"Abschnitt II PresseFG 2004";abgeschlossen;"161376,80";"80688,40";"80688,40";
2022;"Oberösterreichische Media Data Vertriebs- und Verlags GmbH";"Vertriebsförderung von Tageszeitungen";;"Oberösterreichisches Volksblatt";"Abschnitt II PresseFG 2004";abgeschlossen;"201721,20";"100860,60";"100860,60";
2022;"OÖN Redaktion GmbH & Co KG";"Vertriebsförderung von Tageszeitungen";;OÖNachrichten;"Abschnitt II PresseFG 2004";abgeschlossen;"201721,20";"100860,60";"100860,60";
2022;"Russmedia Verlag GmbH";"Vertriebsförderung von Tageszeitungen";;"Vorarlberger Nachrichten";"Abschnitt II PresseFG 2004";abgeschlossen;"201721,20";"100860,60";"100860,60";
2022;"Salzburger Nachrichten Verlagsgesellschaft m.b.H. & Co. KG";"Vertriebsförderung von Tageszeitungen";;"Salzburger Nachrichten";"Abschnitt II PresseFG 2004";abgeschlossen;"201721,20";"100860,60";"100860,60";
2022;"Schlüsselverlag J.S. Moser GmbH";"Vertriebsförderung von Tageszeitungen";;"Tiroler Tageszeitung";"Abschnitt II PresseFG 2004";abgeschlossen;"201721,20";"100860,60";"100860,60";
2022;"STANDARD Verlagsgesellschaft m.b.H";"Vertriebsförderung von Tageszeitungen";;"DER STANDARD";"Abschnitt II PresseFG 2004";abgeschlossen;"201721,20";"100860,60";"100860,60";
2022;"""W 3"" Verlagsgesellschaft m.b.H. & Co Verlag KG";"Vertriebsförderung von Wochenzeitungen";;"ZUR ZEIT";"Abschnitt II PresseFG 2004";abgeschlossen;"42922,00";"21461,00";"21461,00";
2022;"Agrar Media Verlagsgesellschaft mbH";"Vertriebsförderung von Wochenzeitungen";;"ÖSTERREICHISCHE BAUERNZEITUNG";"Abschnitt II PresseFG 2004";abgeschlossen;"92447,00";"46223,50";"46223,50";
2022;"Badener Zeitungsverlag GmbH";"Vertriebsförderung von Wochenzeitungen";;"BADENER ZEITUNG";"Abschnitt II PresseFG 2004";abgeschlossen;"8550,20";"4275,10";"4275,10";
2022;"Bischöfliches Ordinariat, Diözese Graz-Seckau";"Vertriebsförderung von Wochenzeitungen";;"Sonntagsblatt für Steiermark";"Abschnitt II PresseFG 2004";abgeschlossen;"98107,00";"49053,50";"49053,50";
2022;"Bischöfliches Seelsorgeamt";"Vertriebsförderung von Wochenzeitungen";;NEDELJA;"Abschnitt II PresseFG 2004";abgeschlossen;"17508,00";"8754,00";"8754,00";
2022;"BVZ Burgenländische Volkszeitung GmbH";"Vertriebsförderung von Wochenzeitungen";;BVZ;"Abschnitt II PresseFG 2004";abgeschlossen;"53958,80";"26979,40";"26979,40";
2022;"Die Furche-Zeitschriften-Betriebs-Gesellschaft m.b.H. & Co. KG.";"Vertriebsförderung von Wochenzeitungen";;"DIE FURCHE";"Abschnitt II PresseFG 2004";abgeschlossen;"79382,00";"39691,00";"39691,00";
2022;"Diözese Eisenstadt - Bischöfliches Ordinariat";"Vertriebsförderung von Wochenzeitungen";;"MARTINUS - Kirchenzeitung der Diözese Eisenstadt";"Abschnitt II PresseFG 2004";abgeschlossen;"57780,00";"28890,00";"28890,00";
2022;"Diözese Eisenstadt - Kroatisches Vikariat";"Vertriebsförderung von Wochenzeitungen";;GLASNIK;"Abschnitt II PresseFG 2004";abgeschlossen;"8490,00";"4245,00";"4245,00";
2022;"Diözese Feldkirch";"Vertriebsförderung von Wochenzeitungen";;"Vorarlberger Kirchenblatt";"Abschnitt II PresseFG 2004";abgeschlossen;"56600,00";"28300,00";"28300,00";
2022;"Diözese Innsbruck - Bischöfliches Ordinariat";"Vertriebsförderung von Wochenzeitungen";;"TIROLER SONNTAG - Kirchenzeitung der Diözese Innsbruck";"Abschnitt II PresseFG 2004";abgeschlossen;"70876,00";"35438,00";"35438,00";
2022;"Diözese Linz";"Vertriebsförderung von Wochenzeitungen";;"KirchenZeitung Diözese Linz";"Abschnitt II PresseFG 2004";abgeschlossen;"96221,00";"48110,50";"48110,50";
2022;"Diözese St. Pölten";"Vertriebsförderung von Wochenzeitungen";;"Kirche bunt - St. Pöltner Kirchenzeitung";"Abschnitt II PresseFG 2004";abgeschlossen;"78486,00";"39243,00";"39243,00";
2022;"Falter - Zeitschriften Gesellschaft m.b.H.";"Vertriebsförderung von Wochenzeitungen";;FALTER;"Abschnitt II PresseFG 2004";abgeschlossen;"94334,00";"47167,00";"47167,00";
2022;"Freiheitliche Partei Österreichs";"Vertriebsförderung von Wochenzeitungen";;"NEUE FREIE ZEITUNG";"Abschnitt II PresseFG 2004";abgeschlossen;"54242,00";"27121,00";"27121,00";
2022;"Kitzbüheler Anzeiger Gesellschaft m.b.H.";"Vertriebsförderung von Wochenzeitungen";;"Kitzbüheler Anzeiger";"Abschnitt II PresseFG 2004";abgeschlossen;"8550,20";"4275,10";"4275,10";
2022;"Kleine Zeitung GmbH & Co KG";"Vertriebsförderung von Wochenzeitungen";;"Kleine Kinderzeitung";"Abschnitt II PresseFG 2004";abgeschlossen;"36790,00";"18395,00";"18395,00";
2022;"Kroatischer Presseverein (Hrvatsko stamparsko drustvo)";"Vertriebsförderung von Wochenzeitungen";;"HRVATSKE NOVINE";"Abschnitt II PresseFG 2004";abgeschlossen;"11556,00";"5778,00";"5778,00";
2022;"Medien24 GmbH";"Vertriebsförderung von Wochenzeitungen";;Wochenbllick;"Abschnitt II PresseFG 2004";abgeschlossen;"32356,00";"16178,00";"16178,00";
2022;"NEUES LAND Medien GesmbH";"Vertriebsförderung von Wochenzeitungen";;"NEUES LAND";"Abschnitt II PresseFG 2004";abgeschlossen;"92447,00";"46223,50";"46223,50";
2022;"Niederösterreichisches Pressehaus Druck- und Verlagsgesellschaft m.b.H.";"Vertriebsförderung von Wochenzeitungen";;NÖN;"Abschnitt II PresseFG 2004";abgeschlossen;"98107,00";"49053,50";"49053,50";
2022;"Ordinariat der Erzdiözese Salzburg";"Vertriebsförderung von Wochenzeitungen";;Rupertusblatt;"Abschnitt II PresseFG 2004";abgeschlossen;"70876,00";"35438,00";"35438,00";
2022;"Osttiroler Bote Medienunternehmen GmbH";"Vertriebsförderung von Wochenzeitungen";;"Osttiroler Bote";"Abschnitt II PresseFG 2004";abgeschlossen;"8550,20";"4275,10";"4275,10";
2022;"Profil Redaktion GmbH";"Vertriebsförderung von Wochenzeitungen";;Profil;"Abschnitt II PresseFG 2004";abgeschlossen;"94334,00";"47167,00";"47167,00";
2022;"Raiffeisen Media GmbH";"Vertriebsförderung von Wochenzeitungen";;Raiffeisenzeitung;"Abschnitt II PresseFG 2004";abgeschlossen;"81127,00";"40563,50";"40563,50";
2022;"Seelsorgeamt der Diözese Gurk";"Vertriebsförderung von Wochenzeitungen";;"Sonntag Kärntner Kirchenzeitung";"Abschnitt II PresseFG 2004";abgeschlossen;"56601,00";"28300,50";"28300,50";
2022;"SloMedia - Slovenski medijski center - Slowenisches Medienzentrum GmbH";"Vertriebsförderung von Wochenzeitungen";;NOVICE;"Abschnitt II PresseFG 2004";abgeschlossen;"22341,00";"11170,50";"11170,50";
2022;"TIPS Zeitungs GmbH & Co KG";"Vertriebsförderung von Wochenzeitungen";;"Ischler Woche";"Abschnitt II PresseFG 2004";abgeschlossen;"8550,20";"4275,10";"4275,10";
2022;"Unterkärntner Nachrichten Verlags GmbH";"Vertriebsförderung von Wochenzeitungen";;"UNTERKÄRNTNER NACHRICHTEN";"Abschnitt II PresseFG 2004";abgeschlossen;"8550,20";"4275,10";"4275,10";
2022;"VGN Medien Holding GmbH";"Vertriebsförderung von Wochenzeitungen";;"TV-Media";"Abschnitt II PresseFG 2004";abgeschlossen;"98107,00";"49053,50";"49053,50";
2022;"VGN Medien Holding GmbH";"Vertriebsförderung von Wochenzeitungen";;News;"Abschnitt II PresseFG 2004";abgeschlossen;"72448,00";"36224,00";"36224,00";
2022;"Wallig Ennstaler Druckerei und Verlag GmbH";"Vertriebsförderung von Wochenzeitungen";;"Der Ennstaler";"Abschnitt II PresseFG 2004";abgeschlossen;"8550,20";"4275,10";"4275,10";
2022;"Wiener Dom-Verlag Gesellschaft m.b.H.";"Vertriebsförderung von Wochenzeitungen";;"Der Sonntag";"Abschnitt II PresseFG 2004";abgeschlossen;"67355,00";"33677,50";"33677,50";
2022;"MISCHA - Medien in Schule und Ausbildung, Verein zur Förderung der Nutzung von Zeitungen in der schulischen Ausbildung";"Zuschuss an Vereinigungen zur Leseförderung";;"MISCHA-Medien in Schule und Ausbildung. Verein zur Förderung der Nutzung von Zeitungen in der schulischen Ausbildung.";"§ 11 Abs.2 Z 1 PresseFG 2004";abgeschlossen;"209976,00";"104988,00";"104988,00";
2022;"""Die Presse"" Verlags-Gesellschaft m.b.H. & Co KG";"Zuschuss zu den Kosten angestellter Auslandskorrespondenten";;"""Die Presse"" Unabhängige Tageszeitung für Österreich";"§ 11 Abs.1 PresseFG 2004";abgeschlossen;"40000,00";"20000,00";"20000,00";
2022;"Kleine Zeitung GmbH & Co KG";"Zuschuss zu den Kosten angestellter Auslandskorrespondenten";;"Kleine Zeitung";"§ 11 Abs.1 PresseFG 2004";abgeschlossen;"40000,00";"20000,00";"20000,00";
2022;"Mediaprint Zeitungs- und Zeitschriftenverlag GmbH & Co KG";"Zuschuss zu den Kosten angestellter Auslandskorrespondenten";;Kurier;"§ 11 Abs.1 PresseFG 2004";abgeschlossen;"40000,00";"20000,00";"20000,00";
2022;"Salzburger Nachrichten Verlagsgesellschaft m.b.H. & Co. KG";"Zuschuss zu den Kosten angestellter Auslandskorrespondenten";;"Salzburger Nachrichten";"§ 11 Abs.1 PresseFG 2004";abgeschlossen;"40000,00";"20000,00";"20000,00";
2022;"STANDARD Verlagsgesellschaft m.b.H";"Zuschuss zu den Kosten angestellter Auslandskorrespondenten";;"DER STANDARD";"§ 11 Abs.1 PresseFG 2004";abgeschlossen;"40000,00";"20000,00";"20000,00";
2022;"""Die Presse"" Verlags-Gesellschaft m.b.H. & Co KG";"Zuschuss zu den Kosten der redaktionsinternen Ausbildung von Nachwuchsjournalisten - Tageszeitungen";;"""Die Presse"" Unabhängige Tageszeitung für Österreich";"§ 10 Abs.1 PresseFG 2004";abgeschlossen;"20000,00";"10000,00";"10000,00";
2022;"Mediaprint Zeitungs- und Zeitschriftenverlag GmbH & Co KG";"Zuschuss zu den Kosten der redaktionsinternen Ausbildung von Nachwuchsjournalisten - Tageszeitungen";;"Kronen Zeitung";"§ 10 Abs.1 PresseFG 2004";abgeschlossen;"20000,00";"10000,00";"10000,00";
2022;"Mediaprint Zeitungs- und Zeitschriftenverlag GmbH & Co KG";"Zuschuss zu den Kosten der redaktionsinternen Ausbildung von Nachwuchsjournalisten - Tageszeitungen";;Kurier;"§ 10 Abs.1 PresseFG 2004";abgeschlossen;"20000,00";"10000,00";"10000,00";
2022;"NEUE Zeitungs GmbH";"Zuschuss zu den Kosten der redaktionsinternen Ausbildung von Nachwuchsjournalisten - Tageszeitungen";;"NEUE Vorarlberger Tageszeitung";"§ 10 Abs.1 PresseFG 2004";abgeschlossen;"7031,00";"3515,50";"3515,50";
2022;"Oberösterreichische Media Data Vertriebs- und Verlags GmbH";"Zuschuss zu den Kosten der redaktionsinternen Ausbildung von Nachwuchsjournalisten - Tageszeitungen";;"Oberösterreichisches Volksblatt";"§ 10 Abs.1 PresseFG 2004";abgeschlossen;"19304,00";"9652,00";"9652,00";
2022;"OÖN Redaktion GmbH & Co KG";"Zuschuss zu den Kosten der redaktionsinternen Ausbildung von Nachwuchsjournalisten - Tageszeitungen";;OÖNachrichten;"§ 10 Abs.1 PresseFG 2004";abgeschlossen;"16562,00";"8281,00";"8281,00";
2022;"Russmedia Verlag GmbH";"Zuschuss zu den Kosten der redaktionsinternen Ausbildung von Nachwuchsjournalisten - Tageszeitungen";;"Vorarlberger Nachrichten";"§ 10 Abs.1 PresseFG 2004";abgeschlossen;"10183,00";"5091,50";"5091,50";
2022;"Profil Redaktion GmbH";"Zuschuss zu den Kosten der redaktionsinternen Ausbildung von Nachwuchsjournalisten - Wochenzeitungen";;Profil;"§ 10 Abs.1 PresseFG 2004";abgeschlossen;"9680,00";"4840,00";"4840,00";
2022;"SloMedia - Slovenski medijski center - Slowenisches Medienzentrum GmbH";"Zuschuss zu den Kosten der redaktionsinternen Ausbildung von Nachwuchsjournalisten - Wochenzeitungen";;NOVICE;"§ 10 Abs.1 PresseFG 2004";abgeschlossen;"15841,00";"7920,50";"7920,50";
2022;"Medienhaus Wien - Forschung und Weiterbildung GmbH";"Zuschuss zu Forschungsprojekten";;"Internationale Innovationsförderung für Journalismus";"§ 11 Abs.3 PresseFG 2004";ausgezahlt;"49000,00";"24500,00";"24500,00";
2023;"""Die Presse"" Verlags-Gesellschaft m.b.H. & Co KG";"Besondere Förderung zur Erhaltung der regionalen Vielfalt der Tageszeitungen";;"""Die Presse"" Unabhängige Tageszeitung für Österreich";"Abschnitt III PresseFG 2004";abgeschlossen;"1068938,90";"534469,45";"534469,45";
2023;"Mediengruppe ""Österreich"" GmbH";"Besondere Förderung zur Erhaltung der regionalen Vielfalt der Tageszeitungen";;ÖSTERREICH;"Abschnitt III PresseFG 2004";"Förderung abgelehnt";;;;
2023;"NEUE Zeitungs GmbH";"Besondere Förderung zur Erhaltung der regionalen Vielfalt der Tageszeitungen";;"NEUE Vorarlberger Tageszeitung";"Abschnitt III PresseFG 2004";abgeschlossen;"681666,90";"340833,45";"340833,45";
2023;"Oberösterreichische Media Data Vertriebs- und Verlags GmbH";"Besondere Förderung zur Erhaltung der regionalen Vielfalt der Tageszeitungen";;"Oberösterreichisches Volksblatt";"Abschnitt III PresseFG 2004";abgeschlossen;"639636,20";"319818,10";"319818,10";
2023;"OÖN Redaktion GmbH & Co KG";"Besondere Förderung zur Erhaltung der regionalen Vielfalt der Tageszeitungen";;OÖNachrichten;"Abschnitt III PresseFG 2004";"Förderung abgelehnt";;;;
2023;"STANDARD Verlagsgesellschaft m.b.H";"Besondere Förderung zur Erhaltung der regionalen Vielfalt der Tageszeitungen";;"DER STANDARD";"Abschnitt III PresseFG 2004";abgeschlossen;"851758,00";"425879,00";"425879,00";
2023;"Forum Journalismus und Medien Wien - Verein Wiener Medienfortbildung";"Förderung von Vereinigungen der Journalistenausbildung";;"Forum Journalismus und Medien Wien - Verein Wiener Medienfortbildung";"§ 10 Abs.2 PresseFG 2004";abgeschlossen;"201225,10";"100612,55";"100612,55";
2023;"Friedrich Austerlitz-Institut für JournalistInnenausbildung";"Förderung von Vereinigungen der Journalistenausbildung";;"Friedrich-Austerlitz-Institut";"§ 10 Abs.2 PresseFG 2004";abgeschlossen;"20443,00";"10221,50";"10221,50";
2023;"Friedrich Funder Institut für Publizistik, Medienforschung und Journalistenausbildung";"Förderung von Vereinigungen der Journalistenausbildung";;"Friedrich Funder Institut für Publizistik, Medienforschung und Journalistenausbildung";"§ 10 Abs.2 PresseFG 2004";abgeschlossen;"23804,00";"11902,00";"11902,00";
2023;"Katholische Medien Akademie (KMA)";"Förderung von Vereinigungen der Journalistenausbildung";;"Katholische Medien Akademie";"§ 10 Abs.2 PresseFG 2004";abgeschlossen;"43031,00";"21515,50";"21515,50";
2023;"OÖ. Journalismusakademie";"Förderung von Vereinigungen der Journalistenausbildung";;"OÖ. Journalismusakademie";"§ 10 Abs.2 PresseFG 2004";abgeschlossen;"54086,00";"27043,00";"27043,00";
2023;"Tiroler Journalismusakademie";"Förderung von Vereinigungen der Journalistenausbildung";;"Tiroler Journalismusakademie";"§ 10 Abs.2 PresseFG 2004";abgeschlossen;"35569,00";"17784,50";"17784,50";
2023;"Österreichische Gesellschaft für Publizistik und Medienforschung";"Förderung von Vereinigungen der Journalistenausbildung";;GESPU;"§ 10 Abs.2 PresseFG 2004";abgeschlossen;"5587,00";"2793,50";"2793,50";
2023;"Österreichische Medienakademie - Ausbildungsinstitut für Journalistinnen und Journalisten";"Förderung von Vereinigungen der Journalistenausbildung";;"Österreichische Medienakademie - Ausbildungsinstitut für Journalistinnen und Journalisten";"§ 10 Abs.2 PresseFG 2004";abgeschlossen;"224654,90";"112327,45";"112327,45";
2023;"Klub der Wirtschaftspublizisten";"Förderung von Vereinigungen, deren Hauptaufgabe die Veranstaltung oder Durchführung von Pressekonferenzen ist";;"Klub der Wirtschaftspublizisten";"§ 11 Abs.4 PresseFG 2004";abgeschlossen;"3744,00";"1872,00";"1872,00";
2023;"OÖ Presseclub";"Förderung von Vereinigungen, deren Hauptaufgabe die Veranstaltung oder Durchführung von Pressekonferenzen ist";;"OÖ Presseclub";"§ 11 Abs.4 PresseFG 2004";abgeschlossen;"8424,00";"4212,00";"4212,00";
2023;"Presseclub Concordia - Vereinigung österreichischer Journalisten und Schriftsteller";"Förderung von Vereinigungen, deren Hauptaufgabe die Veranstaltung oder Durchführung von Pressekonferenzen ist";;"Presseclub Concordia";"§ 11 Abs.4 PresseFG 2004";abgeschlossen;"23400,00";"11700,00";"11700,00";
2023;"Steirischer Presseclub";"Förderung von Vereinigungen, deren Hauptaufgabe die Veranstaltung oder Durchführung von Pressekonferenzen ist";;"Steirischer Presseclub";"§ 11 Abs.4 PresseFG 2004";abgeschlossen;"7020,00";"3510,00";"3510,00";
2023;"Verband der Auslandspresse in Wien";"Förderung von Vereinigungen, deren Hauptaufgabe die Veranstaltung oder Durchführung von Pressekonferenzen ist";;"Verband der Auslandspresse in Wien";"§ 11 Abs.4 PresseFG 2004";abgeschlossen;"4212,00";"2106,00";"2106,00";
2023;"""Die Presse"" Verlags-Gesellschaft m.b.H. & Co KG";"Refundierung für die Gratisverteilung an Schulen - Tageszeitungen";;"""Die Presse"" Unabhängige Tageszeitung für Österreich";"§ 11 Abs.2 Z 2 PresseFG 2004";abgeschlossen;"20999,00";"10499,50";"10499,50";
2023;"Kleine Zeitung GmbH & Co KG";"Refundierung für die Gratisverteilung an Schulen - Tageszeitungen";;"Kleine Zeitung";"§ 11 Abs.2 Z 2 PresseFG 2004";abgeschlossen;"15464,00";"7732,00";"7732,00";
2023;"Mediaprint Zeitungs- und Zeitschriftenverlag GmbH & Co KG";"Refundierung für die Gratisverteilung an Schulen - Tageszeitungen";;"Kronen Zeitung";"§ 11 Abs.2 Z 2 PresseFG 2004";abgeschlossen;"16612,00";"8306,00";"8306,00";
2023;"Mediaprint Zeitungs- und Zeitschriftenverlag GmbH & Co KG";"Refundierung für die Gratisverteilung an Schulen - Tageszeitungen";;Kurier;"§ 11 Abs.2 Z 2 PresseFG 2004";abgeschlossen;"20045,00";"10022,50";"10022,50";
2023;"NEUE Zeitungs GmbH";"Refundierung für die Gratisverteilung an Schulen - Tageszeitungen";;"NEUE Vorarlberger Tageszeitung";"§ 11 Abs.2 Z 2 PresseFG 2004";abgeschlossen;"21,00";"10,50";"10,50";
2023;"Oberösterreichische Media Data Vertriebs- und Verlags GmbH";"Refundierung für die Gratisverteilung an Schulen - Tageszeitungen";;"Oberösterreichisches Volksblatt";"§ 11 Abs.2 Z 2 PresseFG 2004";abgeschlossen;"1188,00";"594,00";"594,00";
2023;"OÖN Redaktion GmbH & Co KG";"Refundierung für die Gratisverteilung an Schulen - Tageszeitungen";;OÖNachrichten;"§ 11 Abs.2 Z 2 PresseFG 2004";abgeschlossen;"22140,00";"11070,00";"11070,00";
2023;"Russmedia Verlag GmbH";"Refundierung für die Gratisverteilung an Schulen - Tageszeitungen";;"Vorarlberger Nachrichten";"§ 11 Abs.2 Z 2 PresseFG 2004";abgeschlossen;"5982,00";"2991,00";"2991,00";
2023;"Salzburger Nachrichten Medien GmbH & Co. KG";"Refundierung für die Gratisverteilung an Schulen - Tageszeitungen";;"Salzburger Nachrichten";"§ 11 Abs.2 Z 2 PresseFG 2004";abgeschlossen;"29437,00";"14718,50";"14718,50";
2023;"Schlüsselverlag J.S. Moser GmbH";"Refundierung für die Gratisverteilung an Schulen - Tageszeitungen";;"Tiroler Tageszeitung";"§ 11 Abs.2 Z 2 PresseFG 2004";abgeschlossen;"23726,34";"11863,17";"11863,17";
2023;"STANDARD Verlagsgesellschaft m.b.H";"Refundierung für die Gratisverteilung an Schulen - Tageszeitungen";;"DER STANDARD";"§ 11 Abs.2 Z 2 PresseFG 2004";abgeschlossen;"29896,00";"14948,00";"14948,00";
2023;"BVZ Burgenländische Volkszeitung GmbH";"Refundierung für die Gratisverteilung an Schulen - Wochenzeitungen";;BVZ;"§ 11 Abs.2 Z 2 PresseFG 2004";abgeschlossen;"308,00";"154,00";"154,00";
2023;"Die Furche-Zeitschriften-Betriebsgesellschaft m.b.H & Co KG";"Refundierung für die Gratisverteilung an Schulen - Wochenzeitungen";;"DIE FURCHE";"§ 11 Abs.2 Z 2 PresseFG 2004";abgeschlossen;"39054,00";"19527,00";"19527,00";
2023;"Diözese Linz";"Refundierung für die Gratisverteilung an Schulen - Wochenzeitungen";;"Kirchenzeitung Diözese Linz";"§ 11 Abs.2 Z 2 PresseFG 2004";abgeschlossen;"514,00";"257,00";"257,00";
2023;"Falter - Zeitschriften Gesellschaft m.b.H.";"Refundierung für die Gratisverteilung an Schulen - Wochenzeitungen";;FALTER;"§ 11 Abs.2 Z 2 PresseFG 2004";abgeschlossen;"6516,00";"3258,00";"3258,00";
2023;"Kleine Zeitung GmbH & Co KG";"Refundierung für die Gratisverteilung an Schulen - Wochenzeitungen";;Kinderzeitung;"§ 11 Abs.2 Z 2 PresseFG 2004";abgeschlossen;"17416,00";"8708,00";"8708,00";
2023;"Kroatischer Presseverein (Hrvatsko stamparsko drustvo)";"Refundierung für die Gratisverteilung an Schulen - Wochenzeitungen";;"HRVATSKE NOVINE";"§ 11 Abs.2 Z 2 PresseFG 2004";abgeschlossen;"885,00";"442,50";"442,50";
2023;"Niederösterreichisches Pressehaus Druck- und Verlagsgesellschaft m.b.H.";"Refundierung für die Gratisverteilung an Schulen - Wochenzeitungen";;NÖN;"§ 11 Abs.2 Z 2 PresseFG 2004";abgeschlossen;"3019,00";"1509,50";"1509,50";
2023;"Profil Redaktion GmbH";"Refundierung für die Gratisverteilung an Schulen - Wochenzeitungen";;Profil;"§ 11 Abs.2 Z 2 PresseFG 2004";abgeschlossen;"7743,00";"3871,50";"3871,50";
2023;"Unterkärntner Nachrichten Verlags GmbH";"Refundierung für die Gratisverteilung an Schulen - Wochenzeitungen";;"UNTERKÄRNTNER NACHRICHTEN";"§ 11 Abs.2 Z 2 PresseFG 2004";abgeschlossen;"374,00";"187,00";"187,00";
2023;"VGN Medien Holding GmbH";"Refundierung für die Gratisverteilung an Schulen - Wochenzeitungen";;News;"§ 11 Abs.2 Z 2 PresseFG 2004";abgeschlossen;"5271,00";"2635,50";"2635,50";
2023;"""Die Presse"" Verlags-Gesellschaft m.b.H. & Co KG";"Vertriebsförderung von Tageszeitungen";;"""Die Presse"" Unabhängige Tageszeitung für Österreich";"Abschnitt II PresseFG 2004";abgeschlossen;"161376,80";"80688,40";"80688,40";
2023;"Kleine Zeitung GmbH & Co KG";"Vertriebsförderung von Tageszeitungen";;"Kleine Zeitung";"Abschnitt II PresseFG 2004";abgeschlossen;"201721,20";"100860,60";"100860,60";
2023;"Mediaprint Zeitungs- und Zeitschriftenverlag GmbH & Co KG";"Vertriebsförderung von Tageszeitungen";;"Kronen Zeitung";"Abschnitt II PresseFG 2004";abgeschlossen;"201721,20";"100860,60";"100860,60";
2023;"Mediaprint Zeitungs- und Zeitschriftenverlag GmbH & Co KG";"Vertriebsförderung von Tageszeitungen";;Kurier;"Abschnitt II PresseFG 2004";abgeschlossen;"161376,80";"80688,40";"80688,40";
2023;"Mediengruppe ""Österreich"" GmbH";"Vertriebsförderung von Tageszeitungen";;ÖSTERREICH;"Abschnitt II PresseFG 2004";"Förderung abgelehnt";;;;
2023;"NEUE Zeitungs GmbH";"Vertriebsförderung von Tageszeitungen";;"NEUE Vorarlberger Tageszeitung";"Abschnitt II PresseFG 2004";abgeschlossen;"161376,80";"80688,40";"80688,40";
2023;"Oberösterreichische Media Data Vertriebs- und Verlags GmbH";"Vertriebsförderung von Tageszeitungen";;"Oberösterreichisches Volksblatt";"Abschnitt II PresseFG 2004";abgeschlossen;"201721,20";"100860,60";"100860,60";
2023;"OÖN Redaktion GmbH & Co KG";"Vertriebsförderung von Tageszeitungen";;OÖNachrichten;"Abschnitt II PresseFG 2004";abgeschlossen;"201721,20";"100860,60";"100860,60";
2023;"Russmedia Verlag GmbH";"Vertriebsförderung von Tageszeitungen";;"Vorarlberger Nachrichten";"Abschnitt II PresseFG 2004";abgeschlossen;"201721,20";"100860,60";"100860,60";
2023;"Salzburger Nachrichten Medien GmbH & Co. KG";"Vertriebsförderung von Tageszeitungen";;"Salzburger Nachrichten";"Abschnitt II PresseFG 2004";abgeschlossen;"201721,20";"100860,60";"100860,60";
2023;"Schlüsselverlag J.S. Moser GmbH";"Vertriebsförderung von Tageszeitungen";;"Tiroler Tageszeitung";"Abschnitt II PresseFG 2004";abgeschlossen;"201721,20";"100860,60";"100860,60";
2023;"STANDARD Verlagsgesellschaft m.b.H";"Vertriebsförderung von Tageszeitungen";;"DER STANDARD";"Abschnitt II PresseFG 2004";abgeschlossen;"201721,20";"100860,60";"100860,60";
2023;"""W 3"" Verlagsgesellschaft m.b.H. & Co Verlag KG";"Vertriebsförderung von Wochenzeitungen";;"ZUR ZEIT";"Abschnitt II PresseFG 2004";abgeschlossen;"44616,70";"22308,35";"22308,35";
2023;"Agrar Media Verlagsgesellschaft mbH";"Vertriebsförderung von Wochenzeitungen";;"Österreichische Bauernzeitung";"Abschnitt II PresseFG 2004";abgeschlossen;"101981,00";"50990,50";"50990,50";
2023;"Badener Zeitungsverlag GmbH";"Vertriebsförderung von Wochenzeitungen";;"BADENER ZEITUNG";"Abschnitt II PresseFG 2004";abgeschlossen;"8550,20";"4275,10";"4275,10";
2023;"Bischöfliches Ordinariat - Diözese Graz-Seckau";"Vertriebsförderung von Wochenzeitungen";;"Sonntagsblatt für Steiermark";"Abschnitt II PresseFG 2004";abgeschlossen;"101981,00";"50990,50";"50990,50";
2023;"Bischöfliches Seelsorgeamt";"Vertriebsförderung von Wochenzeitungen";;NEDELJA;"Abschnitt II PresseFG 2004";abgeschlossen;"18199,70";"9099,85";"9099,85";
2023;"BVZ Burgenländische Volkszeitung GmbH";"Vertriebsförderung von Wochenzeitungen";;BVZ;"Abschnitt II PresseFG 2004";abgeschlossen;"53540,00";"26770,00";"26770,00";
2023;"Die Furche-Zeitschriften-Betriebsgesellschaft m.b.H & Co KG";"Vertriebsförderung von Wochenzeitungen";;"DIE FURCHE";"Abschnitt II PresseFG 2004";abgeschlossen;"61345,50";"30672,75";"30672,75";
2023;"Diözese Eisenstadt - Bischöfliches Ordinariat";"Vertriebsförderung von Wochenzeitungen";;"MARTINUS - Kirchenzeitung der Diözese Eisenstadt";"Abschnitt II PresseFG 2004";abgeschlossen;"52052,80";"26026,40";"26026,40";
2023;"Diözese Eisenstadt - Kroatisches Vikariat";"Vertriebsförderung von Wochenzeitungen";;GLASNIK;"Abschnitt II PresseFG 2004";"Förderung abgelehnt";;;;
2023;"Diözese Feldkirch";"Vertriebsförderung von Wochenzeitungen";;"Vorarlberger KirchenBlatt";"Abschnitt II PresseFG 2004";abgeschlossen;"50990,50";"25495,25";"25495,25";
2023;"Diözese Innsbruck";"Vertriebsförderung von Wochenzeitungen";;"Tiroler Sonntag - Kirchenzeitung der Diözese Innsbruck";"Abschnitt II PresseFG 2004";abgeschlossen;"73674,70";"36837,35";"36837,35";
2023;"Diözese Linz";"Vertriebsförderung von Wochenzeitungen";;"Kirchenzeitung Diözese Linz";"Abschnitt II PresseFG 2004";abgeschlossen;"100019,70";"50009,85";"50009,85";
2023;"Falter - Zeitschriften Gesellschaft m.b.H.";"Vertriebsförderung von Wochenzeitungen";;FALTER;"Abschnitt II PresseFG 2004";abgeschlossen;"98058,60";"49029,30";"49029,30";
2023;"Freiheitliche Partei Österreichs";"Vertriebsförderung von Wochenzeitungen";;"NEUE FREIE ZEITUNG";"Abschnitt II PresseFG 2004";abgeschlossen;"56383,70";"28191,85";"28191,85";
2023;"Kirchenblatt für die Diözese St. Pölten";"Vertriebsförderung von Wochenzeitungen";;"Kirche bunt - St. Pöltner Kirchenzeitung";"Abschnitt II PresseFG 2004";abgeschlossen;"81584,80";"40792,40";"40792,40";
2023;"Kitzbüheler Anzeiger Gesellschaft m.b.H.";"Vertriebsförderung von Wochenzeitungen";;"Kitzbüheler Anzeiger";"Abschnitt II PresseFG 2004";abgeschlossen;"8550,20";"4275,10";"4275,10";
2023;"Kleine Zeitung GmbH & Co KG";"Vertriebsförderung von Wochenzeitungen";;Kinderzeitung;"Abschnitt II PresseFG 2004";abgeschlossen;"85801,30";"42900,65";"42900,65";
2023;"Kroatischer Presseverein (Hrvatsko stamparsko drustvo)";"Vertriebsförderung von Wochenzeitungen";;"HRVATSKE NOVINE";"Abschnitt II PresseFG 2004";abgeschlossen;"12257,30";"6128,65";"6128,65";
2023;"NEUES LAND Medien GesmbH";"Vertriebsförderung von Wochenzeitungen";;"NEUES LAND";"Abschnitt II PresseFG 2004";abgeschlossen;"96097,40";"48048,70";"48048,70";
2023;"Niederösterreichisches Pressehaus Druck- und Verlagsgesellschaft m.b.H.";"Vertriebsförderung von Wochenzeitungen";;NÖN;"Abschnitt II PresseFG 2004";abgeschlossen;"101981,00";"50990,50";"50990,50";
2023;"Ordinariat der Erzdiözese Salzburg";"Vertriebsförderung von Wochenzeitungen";;Rupertusblatt;"Abschnitt II PresseFG 2004";abgeschlossen;"67268,20";"33634,10";"33634,10";
2023;"Profil Redaktion GmbH";"Vertriebsförderung von Wochenzeitungen";;Profil;"Abschnitt II PresseFG 2004";abgeschlossen;"98058,60";"49029,30";"49029,30";
2023;"Raiffeisen Media GmbH";"Vertriebsförderung von Wochenzeitungen";;Raiffeisenzeitung;"Abschnitt II PresseFG 2004";abgeschlossen;"84330,40";"42165,20";"42165,20";
2023;"Seelsorgeamt der Diözese Gurk";"Vertriebsförderung von Wochenzeitungen";;"Sonntag Kärntner Kirchenzeitung";"Abschnitt II PresseFG 2004";abgeschlossen;"43243,80";"21621,90";"21621,90";
2023;"SloMedia - Slovenski medijski center - Slowenisches Medienzentrum GmbH";"Vertriebsförderung von Wochenzeitungen";;Novice;"Abschnitt II PresseFG 2004";abgeschlossen;"23697,50";"11848,75";"11848,75";
2023;"TIPS Zeitungs GmbH & Co KG";"Vertriebsförderung von Wochenzeitungen";;"Ischler Woche";"Abschnitt II PresseFG 2004";abgeschlossen;"8550,20";"4275,10";"4275,10";
2023;"Unterkärntner Nachrichten Verlags GmbH";"Vertriebsförderung von Wochenzeitungen";;"UNTERKÄRNTNER NACHRICHTEN";"Abschnitt II PresseFG 2004";abgeschlossen;"8550,20";"4275,10";"4275,10";
2023;"VGN Medien Holding GmbH";"Vertriebsförderung von Wochenzeitungen";;News;"Abschnitt II PresseFG 2004";abgeschlossen;"73740,10";"36870,05";"36870,05";
2023;"VGN Medien Holding GmbH";"Vertriebsförderung von Wochenzeitungen";;"TV Media";"Abschnitt II PresseFG 2004";abgeschlossen;"101981,00";"50990,50";"50990,50";
2023;"Wiener Dom-Verlag Gesellschaft m.b.H.";"Vertriebsförderung von Wochenzeitungen";;"Der Sonntag";"Abschnitt II PresseFG 2004";abgeschlossen;"70013,90";"35006,95";"35006,95";
2023;"MISCHA - Medien in Schule und Ausbildung, Verein zur Förderung der Nutzung von Zeitungen in der schulischen Ausbildung";"Zuschuss an Vereinigungen zur Leseförderung";;"MISCHA - Medien in Schule und Ausbildung, Verein zur Förderung der Nutzung von Zeitungen in der schulischen Ausbildung";"§ 11 Abs.2 Z 1 PresseFG 2004";abgeschlossen;"195540,50";"97770,25";"97770,25";
2023;"""Die Presse"" Verlags-Gesellschaft m.b.H. & Co KG";"Zuschuss zu den Kosten angestellter Auslandskorrespondenten";;"""Die Presse"" Unabhängige Tageszeitung für Österreich";"§ 11 Abs.1 PresseFG 2004";abgeschlossen;"40000,00";"20000,00";"20000,00";
2023;"Kleine Zeitung GmbH & Co KG";"Zuschuss zu den Kosten angestellter Auslandskorrespondenten";;"Kleine Zeitung";"§ 11 Abs.1 PresseFG 2004";abgeschlossen;"40000,00";"20000,00";"20000,00";
2023;"Mediaprint Zeitungs- und Zeitschriftenverlag GmbH & Co KG";"Zuschuss zu den Kosten angestellter Auslandskorrespondenten";;"Kronen Zeitung";"§ 11 Abs.1 PresseFG 2004";abgeschlossen;"23867,90";"11933,95";"11933,95";
2023;"Mediaprint Zeitungs- und Zeitschriftenverlag GmbH & Co KG";"Zuschuss zu den Kosten angestellter Auslandskorrespondenten";;Kurier;"§ 11 Abs.1 PresseFG 2004";abgeschlossen;"40000,00";"20000,00";"20000,00";
2023;"Salzburger Nachrichten Medien GmbH & Co. KG";"Zuschuss zu den Kosten angestellter Auslandskorrespondenten";;"Salzburger Nachrichten";"§ 11 Abs.1 PresseFG 2004";abgeschlossen;"40000,00";"20000,00";"20000,00";
2023;"STANDARD Verlagsgesellschaft m.b.H";"Zuschuss zu den Kosten angestellter Auslandskorrespondenten";;"DER STANDARD";"§ 11 Abs.1 PresseFG 2004";abgeschlossen;"40000,00";"20000,00";"20000,00";
2023;"""Die Presse"" Verlags-Gesellschaft m.b.H. & Co KG";"Zuschuss zu den Kosten der redaktionsinternen Ausbildung von Nachwuchsjournalisten - Tageszeitungen";;"""Die Presse"" Unabhängige Tageszeitung für Österreich";"§ 10 Abs.1 PresseFG 2004";abgeschlossen;"20000,00";"10000,00";"10000,00";
2023;"Mediaprint Zeitungs- und Zeitschriftenverlag GmbH & Co KG";"Zuschuss zu den Kosten der redaktionsinternen Ausbildung von Nachwuchsjournalisten - Tageszeitungen";;"Kronen Zeitung";"§ 10 Abs.1 PresseFG 2004";abgeschlossen;"20000,00";"10000,00";"10000,00";
2023;"Mediaprint Zeitungs- und Zeitschriftenverlag GmbH & Co KG";"Zuschuss zu den Kosten der redaktionsinternen Ausbildung von Nachwuchsjournalisten - Tageszeitungen";;Kurier;"§ 10 Abs.1 PresseFG 2004";abgeschlossen;"20000,00";"10000,00";"10000,00";
2023;"NEUE Zeitungs GmbH";"Zuschuss zu den Kosten der redaktionsinternen Ausbildung von Nachwuchsjournalisten - Tageszeitungen";;"NEUE Vorarlberger Tageszeitung";"§ 10 Abs.1 PresseFG 2004";abgeschlossen;"6261,74";"3130,87";"3130,87";
2023;"Oberösterreichische Media Data Vertriebs- und Verlags GmbH";"Zuschuss zu den Kosten der redaktionsinternen Ausbildung von Nachwuchsjournalisten - Tageszeitungen";;"Oberösterreichisches Volksblatt";"§ 10 Abs.1 PresseFG 2004";abgeschlossen;"10468,47";"5234,24";"5234,23";
2023;"OÖN Redaktion GmbH & Co KG";"Zuschuss zu den Kosten der redaktionsinternen Ausbildung von Nachwuchsjournalisten - Tageszeitungen";;OÖNachrichten;"§ 10 Abs.1 PresseFG 2004";abgeschlossen;"20000,00";"10000,00";"10000,00";
2023;"Russmedia Verlag GmbH";"Zuschuss zu den Kosten der redaktionsinternen Ausbildung von Nachwuchsjournalisten - Tageszeitungen";;"Vorarlberger Nachrichten";"§ 10 Abs.1 PresseFG 2004";abgeschlossen;"10842,00";"5421,00";"5421,00";
2023;"STANDARD Verlagsgesellschaft m.b.H";"Zuschuss zu den Kosten der redaktionsinternen Ausbildung von Nachwuchsjournalisten - Tageszeitungen";;"DER STANDARD";"§ 10 Abs.1 PresseFG 2004";abgeschlossen;"20000,00";"10000,00";"10000,00";
2023;"Profil Redaktion GmbH";"Zuschuss zu den Kosten der redaktionsinternen Ausbildung von Nachwuchsjournalisten - Wochenzeitungen";;Profil;"§ 10 Abs.1 PresseFG 2004";abgeschlossen;"19507,68";"9753,84";"9753,84";
2023;"SloMedia - Slovenski medijski center - Slowenisches Medienzentrum GmbH";"Zuschuss zu den Kosten der redaktionsinternen Ausbildung von Nachwuchsjournalisten - Wochenzeitungen";;Novice;"§ 10 Abs.1 PresseFG 2004";abgeschlossen;"8571,37";"4285,69";"4285,68";
2023;"Medienhaus Wien - Forschung und Weiterbildung GmbH";"Zuschuss zu Forschungsprojekten";;"Innovationsförderung für Journalismus 2: internationale Benchmarks und nationaler Bedarf";"§ 11 Abs.3 PresseFG 2004";ausgezahlt;"46000,00";"23000,00";"23000,00";
2023;"MISCHA - Medien in Schule und Ausbildung, Verein zur Förderung der Nutzung von Zeitungen in der schulischen Ausbildung";"Zuschuss zu Forschungsprojekten";;"Informationsverhalten der Digital Natives";"§ 11 Abs.3 PresseFG 2004";ausgezahlt;"17130,00";"8565,00";"8565,00";
2024;"""Die Presse"" Verlags-Gesellschaft m.b.H. & Co KG";"Besondere Förderung zur Erhaltung der regionalen Vielfalt der Tageszeitungen";;"""Die Presse"" Unabhängige Tageszeitung für Österreich";"Abschnitt III PresseFG 2004";abgeschlossen;"1355160,30";"677580,15";"677580,15";
2024;"NEUE Zeitungs GmbH";"Besondere Förderung zur Erhaltung der regionalen Vielfalt der Tageszeitungen";;"NEUE Vorarlberger Tageszeitung";"Abschnitt III PresseFG 2004";abgeschlossen;"784650,40";"392325,20";"392325,20";
2024;"STANDARD Verlagsgesellschaft m.b.H";"Besondere Förderung zur Erhaltung der regionalen Vielfalt der Tageszeitungen";;"DER STANDARD";"Abschnitt III PresseFG 2004";abgeschlossen;"1102189,30";"551094,65";"551094,65";
2024;"""Die Presse"" Verlags-Gesellschaft m.b.H. & Co KG";"Vertriebsförderung von Tageszeitungen";;"""Die Presse"" Unabhängige Tageszeitung für Österreich";"Abschnitt II PresseFG 2004";abgeschlossen;"178544,66";"89272,33";"89272,33";
2024;"Kleine Zeitung GmbH & Co KG";"Vertriebsförderung von Tageszeitungen";;"Kleine Zeitung";"Abschnitt II PresseFG 2004";abgeschlossen;"223180,86";"111590,43";"111590,43";
2024;"Mediaprint Zeitungs- und Zeitschriftenverlag GmbH & Co KG";"Vertriebsförderung von Tageszeitungen";;"Kronen Zeitung";"Abschnitt II PresseFG 2004";abgeschlossen;"223180,86";"111590,43";"111590,43";
2024;"Mediaprint Zeitungs- und Zeitschriftenverlag GmbH & Co KG";"Vertriebsförderung von Tageszeitungen";;Kurier;"Abschnitt II PresseFG 2004";abgeschlossen;"178544,66";"89272,33";"89272,33";
2024;"NEUE Zeitungs GmbH";"Vertriebsförderung von Tageszeitungen";;"NEUE Vorarlberger Tageszeitung";"Abschnitt II PresseFG 2004";abgeschlossen;"178544,66";"89272,33";"89272,33";
2024;"OÖN Redaktion GmbH & Co KG";"Vertriebsförderung von Tageszeitungen";;OÖNachrichten;"Abschnitt II PresseFG 2004";abgeschlossen;"223180,86";"111590,43";"111590,43";
2024;"Russmedia Verlag GmbH";"Vertriebsförderung von Tageszeitungen";;"Vorarlberger Nachrichten";"Abschnitt II PresseFG 2004";abgeschlossen;"223180,86";"111590,43";"111590,43";
2024;"Salzburger Nachrichten Medien GmbH & Co.KG";"Vertriebsförderung von Tageszeitungen";;"Salzburger Nachrichten";"Abschnitt II PresseFG 2004";abgeschlossen;"223180,86";"111590,43";"111590,43";
2024;"Schlüsselverlag J.S. Moser GmbH";"Vertriebsförderung von Tageszeitungen";;"Tiroler Tageszeitung";"Abschnitt II PresseFG 2004";abgeschlossen;"223180,86";"111590,43";"111590,43";
2024;"STANDARD Verlagsgesellschaft m.b.H";"Vertriebsförderung von Tageszeitungen";;"DER STANDARD";"Abschnitt II PresseFG 2004";abgeschlossen;"223180,86";"111590,43";"111590,43";
2024;"""W 3"" Verlagsgesellschaft m.b.H. & Co Verlag KG";"Vertriebsförderung von Wochenzeitungen";;"Zur Zeit";"Abschnitt II PresseFG 2004";abgeschlossen;"46802,74";"23401,37";"23401,37";
2024;"Agrar Media Verlagsges.m.b.H.";"Vertriebsförderung von Wochenzeitungen";;"Österreichische BauernZeitung";"Abschnitt II PresseFG 2004";abgeschlossen;"96691,38";"48345,69";"48345,69";
2024;"Agrar Media Verlagsges.m.b.H.";"Vertriebsförderung von Wochenzeitungen";;"Neues Land";"Abschnitt II PresseFG 2004";abgeschlossen;"77353,10";"38676,55";"38676,55";
2024;"Badener Zeitungsverlag GmbH";"Vertriebsförderung von Wochenzeitungen";;"Badener Zeitung";"Abschnitt II PresseFG 2004";abgeschlossen;"10000,00";"5000,00";"5000,00";
2024;"Bischöfliches Ordinariat - Diözese Graz-Seckau";"Vertriebsförderung von Wochenzeitungen";;"Sonntagsblatt für Steiermark";"Abschnitt II PresseFG 2004";abgeschlossen;"106977,69";"53488,85";"53488,84";
2024;"Bischöfliches Seelsorgeamt/Dusnopastirski urad";"Vertriebsförderung von Wochenzeitungen";;"Nedelja - Slowenische Kirchenzeitung der Diözese Gurk";"Abschnitt II PresseFG 2004";abgeschlossen;"19091,40";"9545,70";"9545,70";
2024;"BVZ Burgenländische Volkszeitung GmbH";"Vertriebsförderung von Wochenzeitungen";;BVZ;"Abschnitt II PresseFG 2004";abgeschlossen;"56163,29";"28081,64";"28081,65";
2024;"Die Furche-Zeitschriften-Betriebsgesellschaft m.b.H & Co KG";"Vertriebsförderung von Wochenzeitungen";;"DIE FURCHE";"Abschnitt II PresseFG 2004";abgeschlossen;"64351,20";"32175,60";"32175,60";
2024;"Diözese Eisenstadt";"Vertriebsförderung von Wochenzeitungen";;Martinus;"Abschnitt II PresseFG 2004";abgeschlossen;"54603,20";"27301,60";"27301,60";
2024;"Diözese Feldkirch";"Vertriebsförderung von Wochenzeitungen";;"Vorarlberger KirchenBlattt";"Abschnitt II PresseFG 2004";abgeschlossen;"50145,79";"25072,90";"25072,89";
2024;"Diözese Innsbruck";"Vertriebsförderung von Wochenzeitungen";;"Tiroler Sonntag - Kirchenzeitung der Diözese Innsbruck";"Abschnitt II PresseFG 2004";abgeschlossen;"77284,53";"38642,26";"38642,27";
2024;"Diözese Linz";"Vertriebsförderung von Wochenzeitungen";;"Kirchenzeitung Diözese Linz";"Abschnitt II PresseFG 2004";abgeschlossen;"104920,43";"52460,22";"52460,21";
2024;"Falter - Zeitschriften Gesellschaft m.b.H.";"Vertriebsförderung von Wochenzeitungen";;FALTER;"Abschnitt II PresseFG 2004";abgeschlossen;"102863,17";"51431,58";"51431,59";
2024;"Freiheitliche Partei Österreichs";"Vertriebsförderung von Wochenzeitungen";;"NEUE FREIE ZEITUNG";"Abschnitt II PresseFG 2004";"Förderung abgelehnt";;;;
2024;"Kirchenblatt für die Diözese St. Pölten";"Vertriebsförderung von Wochenzeitungen";;"Kirche bunt - St. Pöltner Kirchenzeitung";"Abschnitt II PresseFG 2004";abgeschlossen;"85582,15";"42791,08";"42791,07";
2024;"Kitzbüheler Anzeiger Gesellschaft m.b.H.";"Vertriebsförderung von Wochenzeitungen";;"Kitzbüheler Anzeiger";"Abschnitt II PresseFG 2004";abgeschlossen;"10000,00";"5000,00";"5000,00";
2024;"Kleine Zeitung GmbH & Co KG";"Vertriebsförderung von Wochenzeitungen";;"Kleine Kinderzeitung";"Abschnitt II PresseFG 2004";abgeschlossen;"86559,35";"43279,68";"43279,67";
2024;"Kroatischer Presseverein (Hrvatsko stamparsko drustvo)";"Vertriebsförderung von Wochenzeitungen";;"Hrvatske novine";"Abschnitt II PresseFG 2004";abgeschlossen;"12343,58";"6171,79";"6171,79";
2024;"Niederösterreichisches Pressehaus Druck- und Verlagsgesellschaft m.b.H.";"Vertriebsförderung von Wochenzeitungen";;NÖN;"Abschnitt II PresseFG 2004";abgeschlossen;"106977,69";"53488,85";"53488,84";
2024;"Ordinariat der Erzdiözese Salzburg";"Vertriebsförderung von Wochenzeitungen";;Rupertusblatt;"Abschnitt II PresseFG 2004";abgeschlossen;"74884,39";"37442,19";"37442,20";
2024;"Osttiroler Bote Medienunternehmen GmbH";"Vertriebsförderung von Wochenzeitungen";;"Osttiroler Bote";"Abschnitt II PresseFG 2004";abgeschlossen;"10000,00";"5000,00";"5000,00";
2024;"Profil Redaktion GmbH";"Vertriebsförderung von Wochenzeitungen";;profil;"Abschnitt II PresseFG 2004";abgeschlossen;"104920,43";"52460,22";"52460,21";
2024;"Raiffeisen Media GmbH";"Vertriebsförderung von Wochenzeitungen";;Raiffeisenzeitung;"Abschnitt II PresseFG 2004";abgeschlossen;"88462,32";"44231,16";"44231,16";
2024;"Seelsorgeamt der Diözese Gurk";"Vertriebsförderung von Wochenzeitungen";;"SONNTAG Kärntner Kirchenzeitung";"Abschnitt II PresseFG 2004";abgeschlossen;"55717,55";"27858,77";"27858,78";
2024;"SloMedia - Slovenski medijski center - Slowenisches Medienzentrum GmbH";"Vertriebsförderung von Wochenzeitungen";;Novice;"Abschnitt II PresseFG 2004";abgeschlossen;"24361,43";"12180,71";"12180,72";
2024;"TIPS Zeitungs GmbH & CoKG";"Vertriebsförderung von Wochenzeitungen";;"Ischler Woche";"Abschnitt II PresseFG 2004";abgeschlossen;"10000,00";"5000,00";"5000,00";
2024;"Unterkärntner Nachrichten Verlags GmbH";"Vertriebsförderung von Wochenzeitungen";;"Unterkärntner Nachrichten";"Abschnitt II PresseFG 2004";abgeschlossen;"10000,00";"5000,00";"5000,00";
2024;"VGN Medien Holding GmbH";"Vertriebsförderung von Wochenzeitungen";;"TV Media";"Abschnitt II PresseFG 2004";abgeschlossen;"59907,51";"29953,75";"29953,76";
2024;"VGN Medien Holding GmbH";"Vertriebsförderung von Wochenzeitungen";;News;"Abschnitt II PresseFG 2004";abgeschlossen;"96691,38";"48345,69";"48345,69";
2024;"Wallig Ennstaler Druckerei und Verlag GmbH";"Vertriebsförderung von Wochenzeitungen";;"Der Ennstaler";"Abschnitt II PresseFG 2004";abgeschlossen;"10000,00";"5000,00";"5000,00";
2024;"Wiener Dom-Verlag Gesellschaft m.b.H.";"Vertriebsförderung von Wochenzeitungen";;"Der Sonntag";"Abschnitt II PresseFG 2004";abgeschlossen;"73444,30";"36722,15";"36722,15";
2025;"""Die Presse"" Verlags-Gesellschaft m.b.H. & Co KG";"Besondere Förderung zur Erhaltung der regionalen Vielfalt der Tageszeitungen";Tageszeitung;"""Die Presse"" Unabhängige Tageszeitung für Österreich";"Abschnitt III PresseFG 2004";abgeschlossen;"1282439,60";"641219,80";"641219,80";
2025;"NEUE Zeitungs GmbH";"Besondere Förderung zur Erhaltung der regionalen Vielfalt der Tageszeitungen";Tageszeitung;"NEUE Vorarlberger Tageszeitung";"Abschnitt III PresseFG 2004";abgeschlossen;"824302,40";"412151,20";"412151,20";
2025;"STANDARD Verlagsgesellschaft m.b.H";"Besondere Förderung zur Erhaltung der regionalen Vielfalt der Tageszeitungen";Tageszeitung;DERSTANDARD;"Abschnitt III PresseFG 2004";abgeschlossen;"1135258,00";"567629,00";"567629,00";
2025;"""Die Presse"" Verlags-Gesellschaft m.b.H. & Co KG";"Vertriebsförderung von Tageszeitungen";Tageszeitung;"""Die Presse"" Unabhängige Tageszeitung für Österreich";"Abschnitt II PresseFG 2004";abgeschlossen;"178544,66";"89272,33";"89272,33";
2025;"Kleine Zeitung GmbH & Co KG";"Vertriebsförderung von Tageszeitungen";Tageszeitung;"Kleine Zeitung";"Abschnitt II PresseFG 2004";abgeschlossen;"223180,86";"111590,43";"111590,43";
2025;"Mediaprint Zeitungs- und Zeitschriftenverlag GmbH & Co KG";"Vertriebsförderung von Tageszeitungen";Tageszeitung;Kurier;"Abschnitt II PresseFG 2004";abgeschlossen;"178544,66";"89272,33";"89272,33";
2025;"Mediaprint Zeitungs- und Zeitschriftenverlag GmbH & Co KG";"Vertriebsförderung von Tageszeitungen";Tageszeitung;"Kronen Zeitung";"Abschnitt II PresseFG 2004";abgeschlossen;"223180,86";"111590,43";"111590,43";
2025;"NEUE Zeitungs GmbH";"Vertriebsförderung von Tageszeitungen";Tageszeitung;"NEUE Vorarlberger Tageszeitung";"Abschnitt II PresseFG 2004";abgeschlossen;"178544,66";"89272,33";"89272,33";
2025;"OÖN Redaktion GmbH & Co KG";"Vertriebsförderung von Tageszeitungen";Tageszeitung;OÖNachrichten;"Abschnitt II PresseFG 2004";abgeschlossen;"223180,86";"111590,43";"111590,43";
2025;"Russmedia Verlag GmbH";"Vertriebsförderung von Tageszeitungen";Tageszeitung;"Vorarlberger Nachrichten";"Abschnitt II PresseFG 2004";abgeschlossen;"223180,86";"111590,43";"111590,43";
2025;"Salzburger Nachrichten Medien GmbH & Co.KG";"Vertriebsförderung von Tageszeitungen";Tageszeitung;"Salzburger Nachrichten";"Abschnitt II PresseFG 2004";abgeschlossen;"223180,86";"111590,43";"111590,43";
2025;"Schlüsselverlag J.S. Moser GmbH";"Vertriebsförderung von Tageszeitungen";Tageszeitung;"Tiroler Tageszeitung";"Abschnitt II PresseFG 2004";abgeschlossen;"223180,86";"111590,43";"111590,43";
2025;"STANDARD Verlagsgesellschaft m.b.H";"Vertriebsförderung von Tageszeitungen";Tageszeitung;DERSTANDARD;"Abschnitt II PresseFG 2004";abgeschlossen;"223180,86";"111590,43";"111590,43";
2025;"Agrar Media Verlagsges.m.b.H.";"Vertriebsförderung von Wochenzeitungen";Wochenzeitung;"Österreichische Bauernzeitung";"Abschnitt II PresseFG 2004";abgeschlossen;"102785,97";"51392,99";"51392,98";
2025;"Badener Zeitungsverlag GmbH";"Vertriebsförderung von Wochenzeitungen";Wochenzeitung;"Badener Zeitung";"Abschnitt II PresseFG 2004";abgeschlossen;"11000,00";"5500,00";"5500,00";
2025;"Bischöfliches Ordinariat - Diözese Graz-Seckau";"Vertriebsförderung von Wochenzeitungen";Wochenzeitung;"SONNTAGSBLATT FÜR STEIERMARK";"Abschnitt II PresseFG 2004";abgeschlossen;"111533,71";"55766,86";"55766,85";
2025;"Bischöfliches Seelsorgeamt/Dusnopastirski urad";"Vertriebsförderung von Wochenzeitungen";Volksgruppenzeitung;"Nedelja - cerkveni list krške škofije / Slowenische Kirchenzeitung der Diözese Gurk";"Abschnitt II PresseFG 2004";abgeschlossen;"20294,76";"10147,38";"10147,38";
2025;"BVZ Burgenländische Volkszeitung GmbH";"Vertriebsförderung von Wochenzeitungen";Wochenzeitung;BVZ;"Abschnitt II PresseFG 2004";abgeschlossen;"56291,72";"28145,86";"28145,86";
2025;"Die Furche-Zeitschriften-Betriebsgesellschaft m.b.H & Co KG";"Vertriebsförderung von Wochenzeitungen";Wochenzeitung;"DIE FURCHE";"Abschnitt II PresseFG 2004";abgeschlossen;"105957,02";"52978,51";"52978,51";
2025;"Diözese Eisenstadt";"Vertriebsförderung von Wochenzeitungen";Wochenzeitung;MARTINUS;"Abschnitt II PresseFG 2004";abgeschlossen;"58044,91";"29022,46";"29022,45";
2025;"Diözese Feldkirch";"Vertriebsförderung von Wochenzeitungen";Wochenzeitung;"Vorarlberger KirchenBlatt";"Abschnitt II PresseFG 2004";abgeschlossen;"50937,37";"25468,69";"25468,68";
2025;"Diözese Innsbruck";"Vertriebsförderung von Wochenzeitungen";Wochenzeitung;"Tiroler Sonntag - Kirchenzeitung der Diözese Innsbruck";"Abschnitt II PresseFG 2004";abgeschlossen;"73481,03";"36740,52";"36740,51";
2025;"Diözese Linz";"Vertriebsförderung von Wochenzeitungen";Wochenzeitung;"Kirchenzeitung Diözese Linz";"Abschnitt II PresseFG 2004";abgeschlossen;"111533,71";"55766,86";"55766,85";
2025;"Falter - Zeitschriften Gesellschaft m.b.H.";"Vertriebsförderung von Wochenzeitungen";Wochenzeitung;FALTER;"Abschnitt II PresseFG 2004";abgeschlossen;"109346,77";"54673,39";"54673,38";
2025;"Kirchenblatt für die Diözese St. Pölten";"Vertriebsförderung von Wochenzeitungen";Wochenzeitung;"Kirche bunt - St. Pöltner Kirchenzeitung";"Abschnitt II PresseFG 2004";abgeschlossen;"89226,97";"44613,49";"44613,48";
2025;"Kitzbüheler Anzeiger Gesellschaft m.b.H.";"Vertriebsförderung von Wochenzeitungen";Wochenzeitung;"Kitzbüheler Anzeiger";"Abschnitt II PresseFG 2004";abgeschlossen;"11000,00";"5500,00";"5500,00";
2025;"Kleine Zeitung GmbH";"Vertriebsförderung von Wochenzeitungen";Wochenzeitung;"Kleine Kinderzeitung";"Abschnitt II PresseFG 2004";abgeschlossen;"40152,14";"20076,07";"20076,07";
2025;"Kroatischer Presseverein (Hrvatsko stamparsko drustvo)";"Vertriebsförderung von Wochenzeitungen";Wochenzeitung;"Hrvatske Novine";"Abschnitt II PresseFG 2004";abgeschlossen;"13121,62";"6560,81";"6560,81";
2025;"Neues Land Medien GesmbH";"Vertriebsförderung von Wochenzeitungen";Wochenzeitung;"NEUES LAND";"Abschnitt II PresseFG 2004";abgeschlossen;"102785,97";"51392,99";"51392,98";
2025;"Niederösterreichisches Pressehaus Druck- und Verlagsgesellschaft m.b.H.";"Vertriebsförderung von Wochenzeitungen";Wochenzeitung;NÖN;"Abschnitt II PresseFG 2004";abgeschlossen;"113720,65";"56860,33";"56860,32";
2025;"Ordinariat der Erzdiözese Salzburg";"Vertriebsförderung von Wochenzeitungen";Wochenzeitung;Rupertusblatt;"Abschnitt II PresseFG 2004";abgeschlossen;"79604,45";"39802,23";"39802,22";
2025;"Osttiroler Bote Medienunternehmen GmbH";"Vertriebsförderung von Wochenzeitungen";Wochenzeitung;"Osttiroler Bote";"Abschnitt II PresseFG 2004";abgeschlossen;"11000,00";"5500,00";"5500,00";
2025;"Profil Redaktion GmbH";"Vertriebsförderung von Wochenzeitungen";Wochenzeitung;Profil;"Abschnitt II PresseFG 2004";abgeschlossen;"111533,71";"55766,86";"55766,85";
2025;"Seelsorgeamt der Diözese Gurk";"Vertriebsförderung von Wochenzeitungen";Wochenzeitung;"""Sonntag""- Kärntner Kirchenzeitung";"Abschnitt II PresseFG 2004";abgeschlossen;"59229,50";"29614,75";"29614,75";
2025;"SloMedia - Slovenski medijski center - Slowenisches Medienzentrum GmbH";"Vertriebsförderung von Wochenzeitungen";Volksgruppenzeitung;Novice;"Abschnitt II PresseFG 2004";abgeschlossen;"26953,98";"13476,99";"13476,99";
2025;"TIPS Zeitungs GmbH & CoKG";"Vertriebsförderung von Wochenzeitungen";Wochenzeitung;"Ischler Woche";"Abschnitt II PresseFG 2004";abgeschlossen;"11000,00";"5500,00";"5500,00";
2025;"Unterkärntner Nachrichten Verlags GmbH";"Vertriebsförderung von Wochenzeitungen";Wochenzeitung;"Unterkärntner Nachrichten";"Abschnitt II PresseFG 2004";abgeschlossen;"11000,00";"5500,00";"5500,00";
2025;"VGN Medien Holding GmbH";"Vertriebsförderung von Wochenzeitungen";Wochenzeitung;News;"Abschnitt II PresseFG 2004";abgeschlossen;"102785,97";"51392,99";"51392,98";
2025;"VGN Medien Holding GmbH";"Vertriebsförderung von Wochenzeitungen";Wochenzeitung;"TV Media";"Abschnitt II PresseFG 2004";abgeschlossen;"63683,56";"31841,78";"31841,78";
2025;"W3 VerlagsGmbH & Co Verlag KG";"Vertriebsförderung von Wochenzeitungen";Wochenzeitung;"Zur Zeit";"Abschnitt II PresseFG 2004";abgeschlossen;"49752,78";"24876,39";"24876,39";
2025;"Wallig Ennstaler Druckerei und Verlag GmbH";"Vertriebsförderung von Wochenzeitungen";Wochenzeitung;"Der Ennstaler";"Abschnitt II PresseFG 2004";abgeschlossen;"11000,00";"5500,00";"5500,00";
2025;"Wiener Dom-Verlag Gesellschaft m.b.H.";"Vertriebsförderung von Wochenzeitungen";Wochenzeitung;"Der SONNTAG";"Abschnitt II PresseFG 2004";abgeschlossen;"68341,73";"34170,87";"34170,86";
