jahr;foerderungswerber;foerderungsart;medium;mediumtyp;gesetzlichegrundlage;foerderungsbetrag;"1. Teilbetrag";"2. Teilbetrag";grundbetrag;zusatzfoerderungen;redaktionsstatut;fehlermanagementsystem;"qualitätssicherungssystem";frauenfoerderplaene;"inhaltsvielfaltfoerderung";regional;international;status;ablehnungsgrund
"2024/1";"Russmedia Verlag GmbH";"Ausbildung von Nachwuchsjournalistinnen und Nachwuchsjournalisten";"Vorarlberger Nachrichten";Tageszeitung;"4. Abschnitt: § 11 QJF-G";"8835,65";;;;;;;;;;;;abgeschlossen;
"2024/1";"RegionalMedien Oberösterreich GmbH";"Berufsbegleitende Aus-und Fortbildung";"Bezirksrundschau Oberösterreich";Wochenzeitung;"4. Abschnitt: § 10 QJF-G";"2375,00";;;;;;;;;;;;abgeschlossen;
"2024/1";"Forum Journalismus und Medien Wien - Verein Wiener Medienfortbildung";"Förderung von Einrichtungen der Aus- und Fortbildung";"Forum Journalismus und Medien Wien - Verein Wiener Medienfortbildung";;"4. Abschnitt: § 9 QJF-G";"105110,00";;;;;;;;;;;;abgeschlossen;
"2024/1";"Friedrich Funder Institut für Publizistik, Medienforschung und Journalistenausbildung";"Förderung von Einrichtungen der Aus- und Fortbildung";"Friedrich Funder Institut für Publizistik, Medienforschung und Journalistenausbildung";;"4. Abschnitt: § 9 QJF-G";"11468,79";;;;;;;;;;;;abgeschlossen;
"2024/1";"Friedrich Austerlitz-Institut für JournalistInnenausbildung";"Förderung von Einrichtungen der Aus- und Fortbildung";"Friedrich-Austerlitz-Institut";;"4. Abschnitt: § 9 QJF-G";"9849,67";;;;;;;;;;;;abgeschlossen;
"2024/1";"Österreichische Gesellschaft für Publizistik und Medienforschung";"Förderung von Einrichtungen der Aus- und Fortbildung";GESPU;;"4. Abschnitt: § 9 QJF-G";"2691,62";;;;;;;;;;;;abgeschlossen;
"2024/1";"Katholische Medien Akademie (KMA)";"Förderung von Einrichtungen der Aus- und Fortbildung";"Katholische Medien Akademie";;"4. Abschnitt: § 9 QJF-G";"20631,62";;;;;;;;;;;;abgeschlossen;
"2024/1";"OÖ. Journalismusakademie";"Förderung von Einrichtungen der Aus- und Fortbildung";"OÖ. Journalismusakademie";;"4. Abschnitt: § 9 QJF-G";"26058,82";;;;;;;;;;;;abgeschlossen;
"2024/1";"Tiroler Journalismusakademie";"Förderung von Einrichtungen der Aus- und Fortbildung";"Tiroler Journalismusakademie";;"4. Abschnitt: § 9 QJF-G";"16779,49";;;;;;;;;;;;abgeschlossen;
"2024/1";"Österreichische Medienakademie - Ausbildungsinstitut für Journalistinnen und Journalisten";"Förderung von Einrichtungen der Aus- und Fortbildung";"Österreichische Medienakademie - Ausbildungsinstitut für Journalistinnen und Journalisten";;"4. Abschnitt: § 9 QJF-G";"99010,00";;;;;;;;;;;;abgeschlossen;
"2024/1";"""Die Presse"" Verlags-Gesellschaft m.b.H. & Co KG";"Inhaltsvielfalts-Förderung";"""Die Presse"" Unabhängige Tageszeitung für Österreich";Tageszeitung;"3. Abschnitt: §§ 7, 8 QJF-G";"70015,00";;;;;;;;;;;"70015,00";abgeschlossen;
"2024/1";"Badener Zeitungsverlag GmbH";"Inhaltsvielfalts-Förderung";"Badener Zeitung";Wochenzeitung;"3. Abschnitt: §§ 7, 8 QJF-G";"6000,00";;;;;;;;;;"6000,00";;abgeschlossen;
"2024/1";"Bezirksblätter Burgenland Verlag GmbH";"Inhaltsvielfalts-Förderung";"Bezirksblätter Burgenland";Wochenzeitung;"3. Abschnitt: §§ 7, 8 QJF-G";"18800,00";;;;;;;;;;"18800,00";;abgeschlossen;
"2024/1";"RegionalMedien Niederösterreich GmbH";"Inhaltsvielfalts-Förderung";"Bezirksblätter Niederösterreich";Wochenzeitung;"3. Abschnitt: §§ 7, 8 QJF-G";"56487,00";;;;;;;;;;"56487,00";;abgeschlossen;
"2024/1";"RegionalMedien Salzburg GmbH";"Inhaltsvielfalts-Förderung";"Bezirksblätter Salzburg";Wochenzeitung;"3. Abschnitt: §§ 7, 8 QJF-G";"27712,00";;;;;;;;;;"27712,00";;abgeschlossen;
"2024/1";"RegionalMedien Tirol GmbH";"Inhaltsvielfalts-Förderung";"Bezirksblätter Tirol";Wochenzeitung;"3. Abschnitt: §§ 7, 8 QJF-G";"40320,00";;;;;;;;;;"40320,00";;abgeschlossen;
"2024/1";"RegionalMedien Inntal GmbH";"Inhaltsvielfalts-Förderung";"Bezirksblätter Tirol (Kitzbühel, Kufstein, Schwaz)";Wochenzeitung;"3. Abschnitt: §§ 7, 8 QJF-G";"10112,00";;;;;;;;;;"10112,00";;abgeschlossen;
"2024/1";"RegionalMedien Oberösterreich GmbH";"Inhaltsvielfalts-Förderung";"Bezirksrundschau Oberösterreich";Wochenzeitung;"3. Abschnitt: §§ 7, 8 QJF-G";"67431,00";;;;;;;;;;"67431,00";;abgeschlossen;
"2024/1";"bz Wiener Bezirkszeitung GmbH";"Inhaltsvielfalts-Förderung";"Bezirkszeitung Wien";Wochenzeitung;"3. Abschnitt: §§ 7, 8 QJF-G";"36608,00";;;;;;;;;;"36608,00";;abgeschlossen;
"2024/1";"BVZ Burgenländische Volkszeitung GmbH";"Inhaltsvielfalts-Förderung";BVZ;Wochenzeitung;"3. Abschnitt: §§ 7, 8 QJF-G";"14400,00";;;;;;;;;;"14400,00";;abgeschlossen;
"2024/1";"Zielgruppen-Zeitungsverlags GmbH";"Inhaltsvielfalts-Förderung";ChefInfo;Magazin;"3. Abschnitt: §§ 7, 8 QJF-G";;;;;;;;;;;;;"Förderung abgelehnt";
"2024/1";"Media 21 GmbH";"Inhaltsvielfalts-Förderung";"der Grazer";Wochenzeitung;"3. Abschnitt: §§ 7, 8 QJF-G";"10320,00";;;;;;;;;;"10320,00";;abgeschlossen;
"2024/1";"Wiener Dom-Verlag Gesellschaft m.b.H.";"Inhaltsvielfalts-Förderung";"Der Sonntag";Wochenzeitung;"3. Abschnitt: §§ 7, 8 QJF-G";"6496,00";;;;;;;;;;"6496,00";;abgeschlossen;
"2024/1";"STANDARD Verlagsgesellschaft m.b.H";"Inhaltsvielfalts-Förderung";"DER STANDARD (inklusive Rondo)";Tageszeitung;"3. Abschnitt: §§ 7, 8 QJF-G";"86506,00";;;;;;;;;;;"86506,00";abgeschlossen;
"2024/1";"Falter - Zeitschriften Gesellschaft m.b.H.";"Inhaltsvielfalts-Förderung";"FALTER Die Wochenzeitung aus Wien.";Wochenzeitung;"3. Abschnitt: §§ 7, 8 QJF-G";"32944,00";;;;;;;;;;"32944,00";;abgeschlossen;
"2024/1";"KURIER Zeitungsverlag und Druckerei Gesellschaft m.b.H.";"Inhaltsvielfalts-Förderung";freizeit;Wochenzeitung;"3. Abschnitt: §§ 7, 8 QJF-G";;;;;;;;;;;;;"Förderung abgelehnt";
"2024/1";"AHVV Verlags GmbH";"Inhaltsvielfalts-Förderung";Heute;Tageszeitung;"3. Abschnitt: §§ 7, 8 QJF-G";"163098,00";;;;;;;;;;"108732,00";"54366,00";abgeschlossen;
"2024/1";"Kirchenblatt für die Diözese St. Pölten";"Inhaltsvielfalts-Förderung";"Kirche bunt - St. Pöltner Kirchenzeitung";Wochenzeitung;"3. Abschnitt: §§ 7, 8 QJF-G";"5648,00";;;;;;;;;;"5648,00";;abgeschlossen;
"2024/1";"Kitzbüheler Anzeiger Gesellschaft m.b.H.";"Inhaltsvielfalts-Förderung";"Kitzbüheler Anzeiger";Wochenzeitung;"3. Abschnitt: §§ 7, 8 QJF-G";"3520,00";;;;;;;;;;"3520,00";;abgeschlossen;
"2024/1";"Kleine Zeitung GmbH & Co KG";"Inhaltsvielfalts-Förderung";"Kleine Zeitung";Tageszeitung;"3. Abschnitt: §§ 7, 8 QJF-G";"193274,00";;;;;;;;;;"193274,00";;abgeschlossen;
"2024/1";"Österreichischer Kommunal-Verlag GmbH";"Inhaltsvielfalts-Förderung";KOMMUNAL;Magazin;"3. Abschnitt: §§ 7, 8 QJF-G";;;;;;;;;;;;;"Förderung abgelehnt";
"2024/1";"KRONE - Verlag Gesellschaft m.b.H. & Co. KG";"Inhaltsvielfalts-Förderung";"Krone Bunt";Wochenzeitung;"3. Abschnitt: §§ 7, 8 QJF-G";;;;;;;;;;;;;"Förderung abgelehnt";
"2024/1";"KRONE - Verlag Gesellschaft m.b.H. & Co. KG";"Inhaltsvielfalts-Förderung";"Kronen Zeitung (inklusive Krone bunt)";Tageszeitung;"3. Abschnitt: §§ 7, 8 QJF-G";"423795,00";;;;;;;;;;"282530,00";"141265,00";abgeschlossen;
"2024/1";"KURIER Zeitungsverlag und Druckerei Gesellschaft m.b.H.";"Inhaltsvielfalts-Förderung";"Kurier (inklusive Freizeit)";Tageszeitung;"3. Abschnitt: §§ 7, 8 QJF-G";"299055,00";;;;;;;;;;"199370,00";"99685,00";abgeschlossen;
"2024/1";"Mediengruppe ""Österreich"" GmbH";"Inhaltsvielfalts-Förderung";Madonna;Magazin;"3. Abschnitt: §§ 7, 8 QJF-G";;;;;;;;;;;;;"Förderung abgelehnt";
"2024/1";"VGN Medien Holding GmbH";"Inhaltsvielfalts-Förderung";News;Wochenzeitung;"3. Abschnitt: §§ 7, 8 QJF-G";"14040,00";;;;;;;;;;;"14040,00";abgeschlossen;
"2024/1";"SloMedia - Slovenski medijski center - Slowenisches Medienzentrum GmbH";"Inhaltsvielfalts-Förderung";Novice;Volksgruppenzeitung;"3. Abschnitt: §§ 7, 8 QJF-G";"7200,00";;;;;;;;;;"7200,00";;abgeschlossen;
"2024/1";"Niederösterreichisches Pressehaus Druck- und Verlagsgesellschaft m.b.H.";"Inhaltsvielfalts-Förderung";NÖN;Wochenzeitung;"3. Abschnitt: §§ 7, 8 QJF-G";"94872,00";;;;;;;;;;"94872,00";;abgeschlossen;
"2024/1";"""Obersteirische Rundschau"" Medien GmbH";"Inhaltsvielfalts-Förderung";"Obersteirische Rundschau";Magazin;"3. Abschnitt: §§ 7, 8 QJF-G";"4800,00";;;;;;;;;;"4800,00";;abgeschlossen;
"2024/1";"Neu-Media GmbH";"Inhaltsvielfalts-Förderung";Oberösterreicherin;Magazin;"3. Abschnitt: §§ 7, 8 QJF-G";"6272,00";;;;;;;;;;"6272,00";;abgeschlossen;
"2024/1";"Osttiroler Bote Medienunternehmen GmbH";"Inhaltsvielfalts-Förderung";"Osttiroler Bote";Wochenzeitung;"3. Abschnitt: §§ 7, 8 QJF-G";"7360,00";;;;;;;;;;"7360,00";;abgeschlossen;
"2024/1";"OÖN Redaktion GmbH & Co KG";"Inhaltsvielfalts-Förderung";OÖNachrichten;Tageszeitung;"3. Abschnitt: §§ 7, 8 QJF-G";"97988,70";;;;;;;;;;"97988,70";;abgeschlossen;
"2024/1";"prima! Magazin e.U.";"Inhaltsvielfalts-Förderung";"prima! Magazin";Magazin;"3. Abschnitt: §§ 7, 8 QJF-G";"3248,00";;;;;;;;;;"3248,00";;abgeschlossen;
"2024/1";"Profil Redaktion GmbH";"Inhaltsvielfalts-Förderung";Profil;Wochenzeitung;"3. Abschnitt: §§ 7, 8 QJF-G";"19336,00";;;;;;;;;;;"19336,00";abgeschlossen;
"2024/1";"Mediengruppe ""Österreich"" GmbH";"Inhaltsvielfalts-Förderung";Reiselust;Magazin;"3. Abschnitt: §§ 7, 8 QJF-G";;;;;;;;;;;;;"Förderung abgelehnt";
"2024/1";"Oberländer Rundschau GmbH";"Inhaltsvielfalts-Förderung";Rundschau;Wochenzeitung;"3. Abschnitt: §§ 7, 8 QJF-G";"20128,00";;;;;;;;;;"20128,00";;abgeschlossen;
"2024/1";"Ordinariat der Erzdiözese Salzburg";"Inhaltsvielfalts-Förderung";Rupertusblatt;Wochenzeitung;"3. Abschnitt: §§ 7, 8 QJF-G";"5968,00";;;;;;;;;;"5968,00";;abgeschlossen;
"2024/1";"RZ Regionalzeitungs GmbH";"Inhaltsvielfalts-Förderung";"RZ Regionalzeitungen";Wochenzeitung;"3. Abschnitt: §§ 7, 8 QJF-G";"9040,00";;;;;;;;;;"9040,00";;abgeschlossen;
"2024/1";"Salzburger Nachrichten Medien GmbH & Co.KG";"Inhaltsvielfalts-Förderung";"Salzburger Nachrichten";Tageszeitung;"3. Abschnitt: §§ 7, 8 QJF-G";"91376,00";;;;;;;;;;"91376,00";;abgeschlossen;
"2024/1";"Salzburger Verlagshaus GmbH";"Inhaltsvielfalts-Förderung";"Salzburger Woche";Wochenzeitung;"3. Abschnitt: §§ 7, 8 QJF-G";"32432,00";;;;;;;;;;"32432,00";;abgeschlossen;
"2024/1";"Bischöfliches Ordinariat - Diözese Graz-Seckau";"Inhaltsvielfalts-Förderung";"SONNTAGSBLATT für Steiermark";Wochenzeitung;"3. Abschnitt: §§ 7, 8 QJF-G";"9344,00";;;;;;;;;;"9344,00";;abgeschlossen;
"2024/1";"Die Steirerin Verlags GmbH & Co KG";"Inhaltsvielfalts-Förderung";Steirerin;Magazin;"3. Abschnitt: §§ 7, 8 QJF-G";"7264,00";;;;;;;;;;"7264,00";;abgeschlossen;
"2024/1";"Südwind Verein für Entwicklungspolitik und globale Gerechtigkeit";"Inhaltsvielfalts-Förderung";"Südwind-Magazin";Magazin;"3. Abschnitt: §§ 7, 8 QJF-G";"1792,00";;;;;;;;;;;"1792,00";abgeschlossen;
"2024/1";"TIPS Zeitungs GmbH & CoKG";"Inhaltsvielfalts-Förderung";TIPS;Wochenzeitung;"3. Abschnitt: §§ 7, 8 QJF-G";"73245,90";;;;;;;;;;"73245,90";;abgeschlossen;
"2024/1";"Schlüsselverlag J.S. Moser GmbH";"Inhaltsvielfalts-Förderung";"Tiroler Tageszeitung (inkl. Beilage top.tirol)";Tageszeitung;"3. Abschnitt: §§ 7, 8 QJF-G";"105033,00";;;;;;;;;;"105033,00";;abgeschlossen;
"2024/1";"Tirolerin Verlags GmbH";"Inhaltsvielfalts-Förderung";Tirolerin;Magazin;"3. Abschnitt: §§ 7, 8 QJF-G";"9152,00";;;;;;;;;;"9152,00";;abgeschlossen;
"2024/1";"target group publishing gmbh";"Inhaltsvielfalts-Förderung";"top.tirol";Magazin;"3. Abschnitt: §§ 7, 8 QJF-G";;;;;;;;;;;;;"Förderung abgelehnt";
"2024/1";"VGN Medien Holding GmbH";"Inhaltsvielfalts-Förderung";Trend;Magazin;"3. Abschnitt: §§ 7, 8 QJF-G";;;;;;;;;;;;;"Förderung abgelehnt";
"2024/1";"Diözese Feldkirch";"Inhaltsvielfalts-Förderung";"Vorarlberger KirchenBlatt";Wochenzeitung;"3. Abschnitt: §§ 7, 8 QJF-G";"3200,00";;;;;;;;;;"3200,00";;abgeschlossen;
"2024/1";"Russmedia Verlag GmbH";"Inhaltsvielfalts-Förderung";"Vorarlberger Nachrichten";Tageszeitung;"3. Abschnitt: §§ 7, 8 QJF-G";"73326,00";;;;;;;;;;"73326,00";;abgeschlossen;
"2024/1";"Russmedia GmbH";"Inhaltsvielfalts-Förderung";Vorarlbergerin;Magazin;"3. Abschnitt: §§ 7, 8 QJF-G";"4960,00";;;;;;;;;;"4960,00";;abgeschlossen;
"2024/1";"vormagazin ges.m.b.h.";"Inhaltsvielfalts-Förderung";vormagazin;Magazin;"3. Abschnitt: §§ 7, 8 QJF-G";;;;;;;;;;;;;"Förderung abgelehnt";
"2024/1";"Weekend Magazin GmbH";"Inhaltsvielfalts-Förderung";"Weekend Magazin OÖ";Magazin;"3. Abschnitt: §§ 7, 8 QJF-G";"34928,00";;;;;;;;;;"34928,00";;abgeschlossen;
"2024/1";"Wiener Bezirksblatt GmbH";"Inhaltsvielfalts-Förderung";"Wiener Bezirksblatt";Magazin;"3. Abschnitt: §§ 7, 8 QJF-G";"10272,00";;;;;;;;;;"10272,00";;abgeschlossen;
"2024/1";"wienlive Zeitschriften GmbH";"Inhaltsvielfalts-Förderung";"Wienlive - Das Stadtmagazin";Magazin;"3. Abschnitt: §§ 7, 8 QJF-G";"2272,00";;;;;;;;;;"2272,00";;abgeschlossen;
"2024/1";"RMK Regionalmedien Kärnten GmbH";"Inhaltsvielfalts-Förderung";"Woche Kärnten";Wochenzeitung;"3. Abschnitt: §§ 7, 8 QJF-G";"46848,00";;;;;;;;;;"46848,00";;abgeschlossen;
"2024/1";"Wochenzeitungs GmbH Steiermark";"Inhaltsvielfalts-Förderung";"WOCHE Steiermark";Wochenzeitung;"3. Abschnitt: §§ 7, 8 QJF-G";"54705,00";;;;;;;;;;"54705,00";;abgeschlossen;
"2024/1";"Weizer Zeitung Gesellschaft m.b.H. & Co KG";"Inhaltsvielfalts-Förderung";"WOCHE Weiz/Birkfeld, Gleisdorf";Wochenzeitung;"3. Abschnitt: §§ 7, 8 QJF-G";"7280,00";;;;;;;;;;"7280,00";;abgeschlossen;
"2024/1";"WOMAN GmbH & Co KG";"Inhaltsvielfalts-Förderung";Woman;Magazin;"3. Abschnitt: §§ 7, 8 QJF-G";;;;;;;;;;;;;"Förderung abgelehnt";
"2024/1";"Fivemedia GmbH";"Inhaltsvielfalts-Förderung";"www.5min.at";"Online-Medium";"3. Abschnitt: §§ 7, 8 QJF-G";"13888,00";;;;;;;;;;"13888,00";;abgeschlossen;
"2024/1";"oe24 GmbH";"Inhaltsvielfalts-Förderung";"www.oe24.at";"Online-Medium";"3. Abschnitt: §§ 7, 8 QJF-G";;;;;;;;;;;;;"Förderung abgelehnt";
"2024/1";"SALZBURG24 GmbH";"Inhaltsvielfalts-Förderung";"www.salzburg24.at";"Online-Medium";"3. Abschnitt: §§ 7, 8 QJF-G";"12256,00";;;;;;;;;;"12256,00";;abgeschlossen;
"2024/1";"Mediengruppe ""Österreich"" GmbH";"Inhaltsvielfalts-Förderung";"Österreich (inkl. Website Oe24.at und den Beilagen Madonna, Insider, Cooking, Gesund&Fit, Reiselust)";Tageszeitung;"3. Abschnitt: §§ 7, 8 QJF-G";"212508,00";;;;;;;;;;"141672,00";"70836,00";abgeschlossen;
"2024/1";"""Die Presse"" Verlags-Gesellschaft m.b.H. & Co KG";"Journalismus-Förderung";"""Die Presse"" Unabhängige Tageszeitung für Österreich";Tageszeitung;"2. Abschnitt: § 6 QJF-G";"843968,67";;;"649206,67";"194762,00";;;;;;;;abgeschlossen;
"2024/1";"Sand und Zeit, Herausgabe und Vertrieb der Straßenzeitung AUGUSTIN";"Journalismus-Förderung";Augustin;Magazin;"2. Abschnitt: § 6 QJF-G";"19657,48";;;"19657,48";;;;;;;;;abgeschlossen;
"2024/1";"VGN Medien Holding GmbH";"Journalismus-Förderung";Autorevue;Magazin;"2. Abschnitt: § 6 QJF-G";;;;;;;;;;;;;"Förderung abgelehnt";
"2024/1";"Badener Zeitungsverlag GmbH";"Journalismus-Förderung";"Badener Zeitung";Wochenzeitung;"2. Abschnitt: § 6 QJF-G";"27817,18";;;"27817,18";;;;;;;;;abgeschlossen;
"2024/1";"Bezirksblätter Burgenland Verlag GmbH";"Journalismus-Förderung";"Bezirksblätter Burgenland";Wochenzeitung;"2. Abschnitt: § 6 QJF-G";"104592,60";;;"87160,50";"17432,10";;;;;;;;abgeschlossen;
"2024/1";"RegionalMedien Niederösterreich GmbH";"Journalismus-Förderung";"Bezirksblätter Niederösterreich";Wochenzeitung;"2. Abschnitt: § 6 QJF-G";"314261,83";;;"261884,86";"52376,97";;;;;;;;abgeschlossen;
"2024/1";"RegionalMedien Salzburg GmbH";"Journalismus-Förderung";"Bezirksblätter Salzburg";Wochenzeitung;"2. Abschnitt: § 6 QJF-G";"154173,95";;;"128478,29";"25695,66";;;;;;;;abgeschlossen;
"2024/1";"RegionalMedien Tirol GmbH";"Journalismus-Förderung";"Bezirksblätter Tirol";Wochenzeitung;"2. Abschnitt: § 6 QJF-G";"224317,76";;;"186931,46";"37386,29";;;;;;;;abgeschlossen;
"2024/1";"RegionalMedien Inntal GmbH";"Journalismus-Förderung";"Bezirksblätter Tirol (Kitzbühel, Kufstein, Schwaz)";Wochenzeitung;"2. Abschnitt: § 6 QJF-G";"56257,47";;;"46881,22";"9376,24";;;;;;;;abgeschlossen;
"2024/1";"RegionalMedien Oberösterreich GmbH";"Journalismus-Förderung";"Bezirksrundschau Oberösterreich";Wochenzeitung;"2. Abschnitt: § 6 QJF-G";"406410,42";;;"312623,40";"93787,02";;;;;;;;abgeschlossen;
"2024/1";"bz Wiener Bezirkszeitung GmbH";"Journalismus-Förderung";"Bezirkszeitung Wien";Wochenzeitung;"2. Abschnitt: § 6 QJF-G";"203666,28";;;"169721,90";"33944,38";;;;;;;;abgeschlossen;
"2024/1";"BVZ Burgenländische Volkszeitung GmbH";"Journalismus-Förderung";BVZ;Wochenzeitung;"2. Abschnitt: § 6 QJF-G";"93465,73";;;"66761,24";"26704,49";;;;;;;;abgeschlossen;
"2024/1";"Zielgruppen-Zeitungsverlags GmbH";"Journalismus-Förderung";ChefInfo;Magazin;"2. Abschnitt: § 6 QJF-G";;;;;;;;;;;;;"Förderung abgelehnt";
"2024/1";"Mediengruppe ""Österreich"" GmbH";"Journalismus-Förderung";Cooking;Magazin;"2. Abschnitt: § 6 QJF-G";;;;;;;;;;;;;"Förderung abgelehnt";
"2024/1";"Media 21 GmbH";"Journalismus-Förderung";"der Grazer";Wochenzeitung;"2. Abschnitt: § 6 QJF-G";"57414,66";;;"47845,55";"9569,11";;;;;;;;abgeschlossen;
"2024/1";"Wiener Dom-Verlag Gesellschaft m.b.H.";"Journalismus-Förderung";"Der Sonntag";Wochenzeitung;"2. Abschnitt: § 6 QJF-G";"30116,74";;;"30116,74";;;;;;;;;abgeschlossen;
"2024/1";"STANDARD Verlagsgesellschaft m.b.H";"Journalismus-Förderung";"DER STANDARD (inklusive Rondo)";Tageszeitung;"2. Abschnitt: § 6 QJF-G";"962541,26";;;"802117,72";"160423,54";;;;;;;;abgeschlossen;
"2024/1";"Die Furche-Zeitschriften-Betriebsgesellschaft m.b.H & Co KG";"Journalismus-Förderung";"DIE FURCHE";Wochenzeitung;"2. Abschnitt: § 6 QJF-G";"89200,43";;;"68615,72";"20584,71";;;;;;;;abgeschlossen;
"2024/1";"Falter - Zeitschriften Gesellschaft m.b.H.";"Journalismus-Förderung";"FALTER Die Wochenzeitung aus Wien.";Wochenzeitung;"2. Abschnitt: § 6 QJF-G";"152734,87";;;"152734,87";;;;;;;;;abgeschlossen;
"2024/1";"KURIER Zeitungsverlag und Druckerei Gesellschaft m.b.H.";"Journalismus-Förderung";freizeit;Wochenzeitung;"2. Abschnitt: § 6 QJF-G";;;;;;;;;;;;;"Förderung abgelehnt";
"2024/1";"Mediengruppe ""Österreich"" GmbH";"Journalismus-Förderung";"Gesund & Fit";Magazin;"2. Abschnitt: § 6 QJF-G";;;;;;;;;;;;;"Förderung abgelehnt";
"2024/1";"Wailand und Waldstein Gesellschaft m.b.H.";"Journalismus-Förderung";GEWINN;Magazin;"2. Abschnitt: § 6 QJF-G";"50426,99";;;"45842,72";"4584,27";;;;;;;;abgeschlossen;
"2024/1";"Gusto GmbH & Co KG";"Journalismus-Förderung";Gusto;Magazin;"2. Abschnitt: § 6 QJF-G";;;;;;;;;;;;;"Förderung abgelehnt";
"2024/1";"AHVV Verlags GmbH";"Journalismus-Förderung";Heute;Tageszeitung;"2. Abschnitt: § 6 QJF-G";"604923,57";;;"504102,97";"100820,59";;;;;;;;abgeschlossen;
"2024/1";"Mediengruppe ""Österreich"" GmbH";"Journalismus-Förderung";Insider;Magazin;"2. Abschnitt: § 6 QJF-G";;;;;;;;;;;;;"Förderung abgelehnt";
"2024/1";"Kirchenblatt für die Diözese St. Pölten";"Journalismus-Förderung";"Kirche bunt - St. Pöltner Kirchenzeitung";Wochenzeitung;"2. Abschnitt: § 6 QJF-G";"26185,24";;;"26185,24";;;;;;;;;abgeschlossen;
"2024/1";"Diözese Linz";"Journalismus-Förderung";"Kirchenzeitung Diözese Linz";Wochenzeitung;"2. Abschnitt: § 6 QJF-G";"44284,95";;;"44284,95";;;;;;;;;abgeschlossen;
"2024/1";"Kitzbüheler Anzeiger Gesellschaft m.b.H.";"Journalismus-Förderung";"Kitzbüheler Anzeiger";Wochenzeitung;"2. Abschnitt: § 6 QJF-G";"16319,41";;;"16319,41";;;;;;;;;abgeschlossen;
"2024/1";"Kleine Zeitung GmbH & Co KG";"Journalismus-Förderung";"Kleine Zeitung";Tageszeitung;"2. Abschnitt: § 6 QJF-G";"1164873,24";;;"896056,34";"268816,90";;;;;;;;abgeschlossen;
"2024/1";"Österreichischer Kommunal-Verlag GmbH";"Journalismus-Förderung";KOMMUNAL;Magazin;"2. Abschnitt: § 6 QJF-G";;;;;;;;;;;;;"Förderung abgelehnt";
"2024/1";"Twist Zeitschriften Verlag GmbH";"Journalismus-Förderung";KOSMO;Magazin;"2. Abschnitt: § 6 QJF-G";"32342,11";;;"32342,11";;;;;;;;;abgeschlossen;
"2024/1";"KRONE - Verlag Gesellschaft m.b.H. & Co. KG";"Journalismus-Förderung";"Krone Bunt";Wochenzeitung;"2. Abschnitt: § 6 QJF-G";;;;;;;;;;;;;"Förderung abgelehnt";
"2024/1";"KRONE - Verlag Gesellschaft m.b.H. & Co. KG";"Journalismus-Förderung";"Kronen Zeitung (inklusive Krone bunt)";Tageszeitung;"2. Abschnitt: § 6 QJF-G";"1833810,63";;;"1309864,74";"523945,90";;;;;;;;abgeschlossen;
"2024/1";"KURIER Zeitungsverlag und Druckerei Gesellschaft m.b.H.";"Journalismus-Förderung";"Kurier (inklusive Freizeit)";Tageszeitung;"2. Abschnitt: § 6 QJF-G";"1294046,03";;;"924318,60";"369727,44";;;;;;;;abgeschlossen;
"2024/1";"wienlive Zeitschriften GmbH";"Journalismus-Förderung";"look! Das neue Magazin für Frauen";Magazin;"2. Abschnitt: § 6 QJF-G";"29894,20";;;"22995,54";"6898,66";;;;;;;;abgeschlossen;
"2024/1";"Mediengruppe ""Österreich"" GmbH";"Journalismus-Förderung";Madonna;Magazin;"2. Abschnitt: § 6 QJF-G";;;;;;;;;;;;;"Förderung abgelehnt";
"2024/1";"VGN Medien Holding GmbH";"Journalismus-Förderung";News;Wochenzeitung;"2. Abschnitt: § 6 QJF-G";"156221,29";;;"130184,41";"26036,88";;;;;;;;abgeschlossen;
"2024/1";"SloMedia - Slovenski medijski center - Slowenisches Medienzentrum GmbH";"Journalismus-Förderung";Novice;Volksgruppenzeitung;"2. Abschnitt: § 6 QJF-G";"33380,62";;;"33380,62";;;;;;;;;abgeschlossen;
"2024/1";"Niederösterreichisches Pressehaus Druck- und Verlagsgesellschaft m.b.H.";"Journalismus-Förderung";NÖN;Wochenzeitung;"2. Abschnitt: § 6 QJF-G";"615783,39";;;"439845,28";"175938,11";;;;;;;;abgeschlossen;
"2024/1";"""Obersteirische Rundschau"" Medien GmbH";"Journalismus-Förderung";"Obersteirische Rundschau";Magazin;"2. Abschnitt: § 6 QJF-G";"22253,75";;;"22253,75";;;;;;;;;abgeschlossen;
"2024/1";"Neu-Media GmbH";"Journalismus-Förderung";Oberösterreicherin;Magazin;"2. Abschnitt: § 6 QJF-G";"29078,23";;;"29078,23";;;;;;;;;abgeschlossen;
"2024/1";"Osttiroler Bote Medienunternehmen GmbH";"Journalismus-Förderung";"Osttiroler Bote";Wochenzeitung;"2. Abschnitt: § 6 QJF-G";"34122,41";;;"34122,41";;;;;;;;;abgeschlossen;
"2024/1";"OÖN Redaktion GmbH & Co KG";"Journalismus-Förderung";OÖNachrichten;Tageszeitung;"2. Abschnitt: § 6 QJF-G";"590583,39";;;"454294,92";"136288,48";;;;;;;;abgeschlossen;
"2024/1";"prima! Magazin e.U.";"Journalismus-Förderung";"prima! Magazin";Magazin;"2. Abschnitt: § 6 QJF-G";"15058,37";;;"15058,37";;;;;;;;;abgeschlossen;
"2024/1";"Profil Redaktion GmbH";"Journalismus-Förderung";Profil;Wochenzeitung;"2. Abschnitt: § 6 QJF-G";"251007,41";;;"179291,01";"71716,40";;;;;;;;abgeschlossen;
"2024/1";"Mediengruppe ""Österreich"" GmbH";"Journalismus-Förderung";Reiselust;Magazin;"2. Abschnitt: § 6 QJF-G";;;;;;;;;;;;;"Förderung abgelehnt";
"2024/1";"STANDARD Verlagsgesellschaft m.b.H";"Journalismus-Förderung";RONDO;Wochenzeitung;"2. Abschnitt: § 6 QJF-G";;;;;;;;;;;;;"Förderung abgelehnt";
"2024/1";"Oberländer Rundschau GmbH";"Journalismus-Förderung";Rundschau;Wochenzeitung;"2. Abschnitt: § 6 QJF-G";"102649,11";;;"93317,37";"9331,74";;;;;;;;abgeschlossen;
"2024/1";"Ordinariat der Erzdiözese Salzburg";"Journalismus-Förderung";Rupertusblatt;Wochenzeitung;"2. Abschnitt: § 6 QJF-G";"27668,82";;;"27668,82";;;;;;;;;abgeschlossen;
"2024/1";"RZ Regionalzeitungs GmbH";"Journalismus-Förderung";"RZ Regionalzeitungen";Wochenzeitung;"2. Abschnitt: § 6 QJF-G";"54484,59";;;"41911,22";"12573,37";;;;;;;;abgeschlossen;
"2024/1";"Salzburger Nachrichten Medien GmbH & Co.KG";"Journalismus-Förderung";"Salzburger Nachrichten";Tageszeitung;"2. Abschnitt: § 6 QJF-G";"508364,56";;;"423637,14";"84727,43";;;;;;;;abgeschlossen;
"2024/1";"Salzburger Verlagshaus GmbH";"Journalismus-Förderung";"Salzburger Woche";Wochenzeitung;"2. Abschnitt: § 6 QJF-G";"150361,14";;;"150361,14";;;;;;;;;abgeschlossen;
"2024/1";"CRM Medientrend GmbH";"Journalismus-Förderung";"schau Magazin";Magazin;"2. Abschnitt: § 6 QJF-G";"35531,81";;;"35531,81";;;;;;;;;abgeschlossen;
"2024/1";"Bischöfliches Ordinariat - Diözese Graz-Seckau";"Journalismus-Förderung";"SONNTAGSBLATT für Steiermark";Wochenzeitung;"2. Abschnitt: § 6 QJF-G";"43320,62";;;"43320,62";;;;;;;;;abgeschlossen;
"2024/1";"Die Steirerin Verlags GmbH & Co KG";"Journalismus-Förderung";Steirerin;Magazin;"2. Abschnitt: § 6 QJF-G";"33677,34";;;"33677,34";;;;;;;;;abgeschlossen;
"2024/1";"Südwind Verein für Entwicklungspolitik und globale Gerechtigkeit";"Journalismus-Förderung";"Südwind-Magazin";Magazin;"2. Abschnitt: § 6 QJF-G";"18277,74";;;"16616,13";"1661,61";;;;;;;;abgeschlossen;
"2024/1";"TIPS Zeitungs GmbH & CoKG";"Journalismus-Förderung";TIPS;Wochenzeitung;"2. Abschnitt: § 6 QJF-G";"475415,39";;;"339582,42";"135832,97";;;;;;;;abgeschlossen;
"2024/1";"Schlüsselverlag J.S. Moser GmbH";"Journalismus-Förderung";"Tiroler Tageszeitung (inkl. Beilage top.tirol)";Tageszeitung;"2. Abschnitt: § 6 QJF-G";"633039,78";;;"486953,68";"146086,10";;;;;;;;abgeschlossen;
"2024/1";"Tirolerin Verlags GmbH";"Journalismus-Förderung";Tirolerin;Magazin;"2. Abschnitt: § 6 QJF-G";"42430,47";;;"42430,47";;;;;;;;;abgeschlossen;
"2024/1";"target group publishing gmbh";"Journalismus-Förderung";"top.tirol";Magazin;"2. Abschnitt: § 6 QJF-G";;;;;;;;;;;;;"Förderung abgelehnt";
"2024/1";"VGN Medien Holding GmbH";"Journalismus-Förderung";Trend;Magazin;"2. Abschnitt: § 6 QJF-G";"105215,71";;;"87679,76";"17535,95";;;;;;;;abgeschlossen;
"2024/1";"VGN Medien Holding GmbH";"Journalismus-Förderung";"TV Media";Wochenzeitung;"2. Abschnitt: § 6 QJF-G";"134946,71";;;"112455,59";"22491,12";;;;;;;;abgeschlossen;
"2024/1";"Diözese Feldkirch";"Journalismus-Förderung";"Vorarlberger KirchenBlatt";Wochenzeitung;"2. Abschnitt: § 6 QJF-G";"14835,83";;;"14835,83";;;;;;;;;abgeschlossen;
"2024/1";"Russmedia Verlag GmbH";"Journalismus-Förderung";"Vorarlberger Nachrichten";Tageszeitung;"2. Abschnitt: § 6 QJF-G";"441939,92";;;"339953,78";"101986,13";;;;;;;;abgeschlossen;
"2024/1";"Russmedia GmbH";"Journalismus-Förderung";Vorarlbergerin;Magazin;"2. Abschnitt: § 6 QJF-G";"29894,20";;;"22995,54";"6898,66";;;;;;;;abgeschlossen;
"2024/1";"vormagazin ges.m.b.h.";"Journalismus-Förderung";vormagazin;Magazin;"2. Abschnitt: § 6 QJF-G";;;;;;;;;;;;;"Förderung abgelehnt";
"2024/1";"Wald Verlags GmbH";"Journalismus-Förderung";"Wald Magazin";Magazin;"2. Abschnitt: § 6 QJF-G";"30635,99";;;"30635,99";;;;;;;;;abgeschlossen;
"2024/1";"Weekend Magazin GmbH";"Journalismus-Förderung";"Weekend Magazin OÖ";Magazin;"2. Abschnitt: § 6 QJF-G";"161933,09";;;"161933,09";;;;;;;;;abgeschlossen;
"2024/1";"Wiener Bezirksblatt GmbH";"Journalismus-Förderung";"Wiener Bezirksblatt";Magazin;"2. Abschnitt: § 6 QJF-G";"61909,92";;;"47623,02";"14286,90";;;;;;;;abgeschlossen;
"2024/1";"wienlive Zeitschriften GmbH";"Journalismus-Förderung";"Wienlive - Das Stadtmagazin";Magazin;"2. Abschnitt: § 6 QJF-G";"13693,47";;;"10533,44";"3160,03";;;;;;;;abgeschlossen;
"2024/1";"RMK Regionalmedien Kärnten GmbH";"Journalismus-Förderung";"Woche Kärnten";Wochenzeitung;"2. Abschnitt: § 6 QJF-G";"260635,87";;;"217196,56";"43439,31";;;;;;;;abgeschlossen;
"2024/1";"Wochenzeitungs GmbH Steiermark";"Journalismus-Förderung";"WOCHE Steiermark";Wochenzeitung;"2. Abschnitt: § 6 QJF-G";"304347,79";;;"253623,16";"50724,63";;;;;;;;abgeschlossen;
"2024/1";"Weizer Zeitung Gesellschaft m.b.H. & Co KG";"Journalismus-Förderung";"WOCHE Weiz/Birkfeld, Gleisdorf";Wochenzeitung;"2. Abschnitt: § 6 QJF-G";"40501,82";;;"33751,51";"6750,30";;;;;;;;abgeschlossen;
"2024/1";"WOMAN GmbH & Co KG";"Journalismus-Förderung";Woman;Magazin;"2. Abschnitt: § 6 QJF-G";"182643,91";;;"140495,31";"42148,59";;;;;;;;abgeschlossen;
"2024/1";"1000PS Internet GmbH";"Journalismus-Förderung";"www.1000PS.at";"Online-Medium";"2. Abschnitt: § 6 QJF-G";;;;;;;;;;;;;"Förderung abgelehnt";
"2024/1";"Fivemedia GmbH";"Journalismus-Förderung";"www.5min.at";"Online-Medium";"2. Abschnitt: § 6 QJF-G";"83703,76";;;"64387,50";"19316,25";;;;;;;;abgeschlossen;
"2024/1";"web eXXpress Medien Holding GmbH";"Journalismus-Förderung";"www.eXXpress.at";"Online-Medium";"2. Abschnitt: § 6 QJF-G";;;;;;;;;;;;;"Förderung abgelehnt";
"2024/1";"oe24 GmbH";"Journalismus-Förderung";"www.oe24.at";"Online-Medium";"2. Abschnitt: § 6 QJF-G";;;;;;;;;;;;;"Förderung abgelehnt";
"2024/1";"SALZBURG24 GmbH";"Journalismus-Förderung";"www.salzburg24.at";"Online-Medium";"2. Abschnitt: § 6 QJF-G";"73867,60";;;"56821,23";"17046,37";;;;;;;;abgeschlossen;
"2024/1";"VGN Medien Holding GmbH";"Journalismus-Förderung";Yachtrevue;Magazin;"2. Abschnitt: § 6 QJF-G";;;;;;;;;;;;;"Förderung abgelehnt";
"2024/1";"Mediengruppe ""Österreich"" GmbH";"Journalismus-Förderung";"Österreich (inkl. Website Oe24.at und den Beilagen Madonna, Insider, Cooking, Gesund&Fit, Reiselust)";Tageszeitung;"2. Abschnitt: § 6 QJF-G";"722501,23";;;"656819,30";"65681,93";;;;;;;;abgeschlossen;
"2024/1";"Agrar Media Verlagsges.m.b.H.";"Journalismus-Förderung";"Österreichische BauernZeitung";Wochenzeitung;"2. Abschnitt: § 6 QJF-G";"31971,21";;;"31971,21";;;;;;;;;abgeschlossen;
"2024/1";"Klub der Wirtschaftspublizisten";Presseclubs;"Klub der Wirtschaftspublizisten";;"6. Abschnitt: § 15 QJF-G";"1256,00";;;;;;;;;;;;abgeschlossen;
"2024/1";"OÖ Presseclub";Presseclubs;"OÖ Presseclub";;"6. Abschnitt: § 15 QJF-G";"2826,00";;;;;;;;;;;;abgeschlossen;
"2024/1";"Presseclub Concordia - Vereinigung österreichischer Journalisten und Schriftsteller";Presseclubs;"Presseclub Concordia";;"6. Abschnitt: § 15 QJF-G";"7850,00";;;;;;;;;;;;abgeschlossen;
"2024/1";"Steirischer Presseclub";Presseclubs;"Steirischer Presseclub";;"6. Abschnitt: § 15 QJF-G";"2355,00";;;;;;;;;;;;abgeschlossen;
"2024/1";"Verband der Auslandspresse in Wien";Presseclubs;"Verband der Auslandspresse in Wien";;"6. Abschnitt: § 15 QJF-G";"1413,00";;;;;;;;;;;;abgeschlossen;
"2024/1";"""Die Presse"" Verlags-Gesellschaft m.b.H. & Co KG";"Verteilung von Schüler-Abos";"""Die Presse"" Unabhängige Tageszeitung für Österreich";Tageszeitung;"5. Abschnitt: § 13 QJF-G";"6338,67";;;;;;;;;;;;abgeschlossen;
"2024/1";"BVZ Burgenländische Volkszeitung GmbH";"Verteilung von Schüler-Abos";BVZ;Wochenzeitung;"5. Abschnitt: § 13 QJF-G";"92,97";;;;;;;;;;;;abgeschlossen;
"2024/1";"STANDARD Verlagsgesellschaft m.b.H";"Verteilung von Schüler-Abos";"DER STANDARD";Tageszeitung;"5. Abschnitt: § 13 QJF-G";"9024,29";;;;;;;;;;;;abgeschlossen;
"2024/1";"Die Furche-Zeitschriften-Betriebsgesellschaft m.b.H & Co KG";"Verteilung von Schüler-Abos";"DIE FURCHE";Wochenzeitung;"5. Abschnitt: § 13 QJF-G";"11788,68";;;;;;;;;;;;abgeschlossen;
"2024/1";"Falter - Zeitschriften Gesellschaft m.b.H.";"Verteilung von Schüler-Abos";FALTER;Wochenzeitung;"5. Abschnitt: § 13 QJF-G";"1966,89";;;;;;;;;;;;abgeschlossen;
"2024/1";"Kroatischer Presseverein (Hrvatsko stamparsko drustvo)";"Verteilung von Schüler-Abos";"HRVATSKE NOVINE";Wochenzeitung;"5. Abschnitt: § 13 QJF-G";"267,14";;;;;;;;;;;;abgeschlossen;
"2024/1";"Kleine Zeitung GmbH & Co KG";"Verteilung von Schüler-Abos";Kinderzeitung;Wochenzeitung;"5. Abschnitt: § 13 QJF-G";"5257,12";;;;;;;;;;;;abgeschlossen;
"2024/1";"Diözese Linz";"Verteilung von Schüler-Abos";"Kirchenzeitung Diözese Linz";Wochenzeitung;"5. Abschnitt: § 13 QJF-G";"155,15";;;;;;;;;;;;abgeschlossen;
"2024/1";"Kitzbüheler Anzeiger Gesellschaft m.b.H.";"Verteilung von Schüler-Abos";"Kitzbüheler Anzeiger";Wochenzeitung;"5. Abschnitt: § 13 QJF-G";"1331,00";;;;;;;;;;;;abgeschlossen;
"2024/1";"Kleine Zeitung GmbH & Co KG";"Verteilung von Schüler-Abos";"Kleine Zeitung";Tageszeitung;"5. Abschnitt: § 13 QJF-G";"4667,90";;;;;;;;;;;;abgeschlossen;
"2024/1";"Mediaprint Zeitungs- und Zeitschriftenverlag GmbH & Co KG";"Verteilung von Schüler-Abos";"Kronen Zeitung";Tageszeitung;"5. Abschnitt: § 13 QJF-G";"5014,43";;;;;;;;;;;;abgeschlossen;
"2024/1";"Mediaprint Zeitungs- und Zeitschriftenverlag GmbH & Co KG";"Verteilung von Schüler-Abos";Kurier;Tageszeitung;"5. Abschnitt: § 13 QJF-G";"6050,70";;;;;;;;;;;;abgeschlossen;
"2024/1";"NEUE Zeitungs GmbH";"Verteilung von Schüler-Abos";"NEUE Vorarlberger Tageszeitung";Tageszeitung;"5. Abschnitt: § 13 QJF-G";"6,34";;;;;;;;;;;;abgeschlossen;
"2024/1";"VGN Medien Holding GmbH";"Verteilung von Schüler-Abos";News;Wochenzeitung;"5. Abschnitt: § 13 QJF-G";"1591,08";;;;;;;;;;;;abgeschlossen;
"2024/1";"Niederösterreichisches Pressehaus Druck- und Verlagsgesellschaft m.b.H.";"Verteilung von Schüler-Abos";NÖN;Wochenzeitung;"5. Abschnitt: § 13 QJF-G";"911,30";;;;;;;;;;;;abgeschlossen;
"2024/1";"OÖN Redaktion GmbH & Co KG";"Verteilung von Schüler-Abos";OÖNachrichten;Tageszeitung;"5. Abschnitt: § 13 QJF-G";"6683,09";;;;;;;;;;;;abgeschlossen;
"2024/1";"Profil Redaktion GmbH";"Verteilung von Schüler-Abos";Profil;Wochenzeitung;"5. Abschnitt: § 13 QJF-G";"2337,27";;;;;;;;;;;;abgeschlossen;
"2024/1";"Salzburger Nachrichten Medien GmbH & Co. KG";"Verteilung von Schüler-Abos";"Salzburger Nachrichten";Tageszeitung;"5. Abschnitt: § 13 QJF-G";"8885,73";;;;;;;;;;;;abgeschlossen;
"2024/1";"Schlüsselverlag J.S. Moser GmbH";"Verteilung von Schüler-Abos";"Tiroler Tageszeitung";Tageszeitung;"5. Abschnitt: § 13 QJF-G";"7161,94";;;;;;;;;;;;abgeschlossen;
"2024/1";"Unterkärntner Nachrichten Verlags GmbH";"Verteilung von Schüler-Abos";"UNTERKÄRNTNER NACHRICHTEN";Wochenzeitung;"5. Abschnitt: § 13 QJF-G";"112,89";;;;;;;;;;;;abgeschlossen;
"2024/1";"Russmedia Verlag GmbH";"Verteilung von Schüler-Abos";"Vorarlberger Nachrichten";Tageszeitung;"5. Abschnitt: § 13 QJF-G";"1805,70";;;;;;;;;;;;abgeschlossen;
"2024/1";"WOMAN GmbH & Co KG";"Verteilung von Schüler-Abos";Woman;Magazin;"5. Abschnitt: § 13 QJF-G";"1580,74";;;;;;;;;;;;abgeschlossen;
"2024/2";"""Die Presse"" Verlags-Gesellschaft m.b.H. & Co KG";"Ausbildung von Nachwuchsjournalistinnen und Nachwuchsjournalisten";"""Die Presse"" Unabhängige Tageszeitung für Österreich";Tageszeitung;"4. Abschnitt: § 11 QJF-G";"50000,00";;;;;;;;;;;;abgeschlossen;
"2024/2";"STANDARD Verlagsgesellschaft m.b.H";"Ausbildung von Nachwuchsjournalistinnen und Nachwuchsjournalisten";"DER STANDARD";Tageszeitung;"4. Abschnitt: § 11 QJF-G";"22750,00";;;;;;;;;;;;abgeschlossen;
"2024/2";"KRONE - Verlag Gesellschaft m.b.H. & Co. KG";"Ausbildung von Nachwuchsjournalistinnen und Nachwuchsjournalisten";"Kronen Zeitung";Tageszeitung;"4. Abschnitt: § 11 QJF-G";"50000,00";;;;;;;;;;;;abgeschlossen;
"2024/2";"KURIER Zeitungsverlag und Druckerei Gesellschaft m.b.H.";"Ausbildung von Nachwuchsjournalistinnen und Nachwuchsjournalisten";KURIER;Tageszeitung;"4. Abschnitt: § 11 QJF-G";"50000,00";;;;;;;;;;;;abgeschlossen;
"2024/2";"NEUE Zeitungs GmbH";"Ausbildung von Nachwuchsjournalistinnen und Nachwuchsjournalisten";"NEUE Vorarlberger Tageszeitung";Tageszeitung;"4. Abschnitt: § 11 QJF-G";"12183,87";;;;;;;;;;;;abgeschlossen;
"2024/2";"OÖN Redaktion GmbH & Co KG";"Ausbildung von Nachwuchsjournalistinnen und Nachwuchsjournalisten";OÖNachrichten;Tageszeitung;"4. Abschnitt: § 11 QJF-G";"50000,00";;;;;;;;;;;;abgeschlossen;
"2024/2";"Profil Redaktion GmbH";"Ausbildung von Nachwuchsjournalistinnen und Nachwuchsjournalisten";Profil;Wochenzeitung;"4. Abschnitt: § 11 QJF-G";"22834,35";;;;;;;;;;;;abgeschlossen;
"2024/2";"Russmedia Verlag GmbH";"Ausbildung von Nachwuchsjournalistinnen und Nachwuchsjournalisten";"Vorarlberger Nachrichten";Tageszeitung;"4. Abschnitt: § 11 QJF-G";"28661,35";;;;;;;;;;;;abgeschlossen;
"2024/2";"STANDARD Verlagsgesellschaft m.b.H";"Berufsbegleitende Aus-und Fortbildung";"DER STANDARD";Tageszeitung;"4. Abschnitt: § 10 QJF-G";"5650,00";;;;;;;;;;;;abgeschlossen;
"2024/2";"Russmedia Verlag GmbH";"Berufsbegleitende Aus-und Fortbildung";"Vorarlberger Nachrichten";Tageszeitung;"4. Abschnitt: § 10 QJF-G";"1060,00";;;;;;;;;;;;abgeschlossen;
"2024/2";"Verein zur Selbstkontrolle der österreichischen Presse - Österreichischer Presserat";"Förderung der Selbstkontrolle der Presse -Selbstkontrolleinrichtungen im Print- und Online-Bereich";;;"6. Abschnitt: § 14 QJF-G";"230000,00";"230000,00";",00";;;;;;;;;;abgeschlossen;
"2024/2";"Forum Journalismus und Medien Wien - Verein Wiener Medienfortbildung";"Förderung von Einrichtungen der Aus- und Fortbildung";"Forum Journalismus und Medien Wien - Verein Wiener Medienfortbildung";;"4. Abschnitt: §§ 9, 10, 11 QJF-G";"293651,82";;;;;;;;;;;;abgeschlossen;
"2024/2";"Friedrich Austerlitz-Institut für JournalistInnenausbildung";"Förderung von Einrichtungen der Aus- und Fortbildung";"Friedrich Austerlitz-Institut für JournalistInnenausbildung";;"4. Abschnitt: §§ 9, 10, 11 QJF-G";"42838,89";;;;;;;;;;;;abgeschlossen;
"2024/2";"Friedrich Funder Institut für Publizistik, Medienforschung und Journalistenausbildung - Kurzbezeichnung FFI";"Förderung von Einrichtungen der Aus- und Fortbildung";"Friedrich Funder Institut für Publizistik, Medienforschung und Journalistenausbildung - Kurzbezeichnung FFI";;"4. Abschnitt: §§ 9, 10, 11 QJF-G";"32400,02";;;;;;;;;;;;abgeschlossen;
"2024/2";"Katholische Medien Akademie (KMA)";"Förderung von Einrichtungen der Aus- und Fortbildung";"Katholische Medien Akademie (KMA)";;"4. Abschnitt: §§ 9, 10, 11 QJF-G";"56039,30";;;;;;;;;;;;abgeschlossen;
"2024/2";"OÖ. Journalismusakademie";"Förderung von Einrichtungen der Aus- und Fortbildung";"OÖ. Journalismusakademie";;"4. Abschnitt: §§ 9, 10, 11 QJF-G";"69364,56";;;;;;;;;;;;abgeschlossen;
"2024/2";"Tiroler Journalismusakademie";"Förderung von Einrichtungen der Aus- und Fortbildung";"Tiroler Journalismusakademie";;"4. Abschnitt: §§ 9, 10, 11 QJF-G";"61412,66";;;;;;;;;;;;abgeschlossen;
"2024/2";"Österreichische Gesellschaft für Publizistik und Medienforschung";"Förderung von Einrichtungen der Aus- und Fortbildung";"Österreichische Gesellschaft für Publizistik und Medienforschung";;"4. Abschnitt: §§ 9, 10, 11 QJF-G";"7944,57";;;;;;;;;;;;abgeschlossen;
"2024/2";"Österreichische Medienakademie - Ausbildungsinstitut für Journalistinnen und Journalisten";"Förderung von Einrichtungen der Aus- und Fortbildung";"Österreichische Medienakademie - Ausbildungsinstitut für Journalistinnen und Journalisten";;"4. Abschnitt: §§ 9, 10, 11 QJF-G";"336348,18";;;;;;;;;;;;abgeschlossen;
"2024/2";"""Die Presse"" Verlags-Gesellschaft m.b.H. & Co KG";"Inhaltsvielfalts-Förderung";"""Die Presse"" Unabhängige Tageszeitung für Österreich";Tageszeitung;"3. Abschnitt: §§ 7, 8 QJF-G";"64623,82";"32311,91";"32311,91";;;;;;;;;"64623,82";abgeschlossen;
"2024/2";"Badener Zeitungsverlag GmbH";"Inhaltsvielfalts-Förderung";"Badener Zeitung";Wochenzeitung;"3. Abschnitt: §§ 7, 8 QJF-G";"5195,51";"2597,76";"2597,75";;;;;;;;"5195,51";;abgeschlossen;
"2024/2";"Bezirksblätter Burgenland Verlag GmbH";"Inhaltsvielfalts-Förderung";"Bezirksblätter Burgenland";Wochenzeitung;"3. Abschnitt: §§ 7, 8 QJF-G";"18733,94";"9366,97";"9366,97";;;;;;;;"18733,93";;abgeschlossen;
"2024/2";"RegionalMedien Niederösterreich GmbH";"Inhaltsvielfalts-Förderung";"Bezirksblätter Niederösterreich";Wochenzeitung;"3. Abschnitt: §§ 7, 8 QJF-G";"50210,05";"25105,03";"25105,02";;;;;;;;"50210,05";;abgeschlossen;
"2024/2";"RegionalMedien Salzburg GmbH";"Inhaltsvielfalts-Förderung";"Bezirksblätter Salzburg";Wochenzeitung;"3. Abschnitt: §§ 7, 8 QJF-G";"24501,71";"12250,86";"12250,85";;;;;;;;"24501,71";;abgeschlossen;
"2024/2";"RegionalMedien Tirol GmbH";"Inhaltsvielfalts-Förderung";"Bezirksblätter Tirol";Wochenzeitung;"3. Abschnitt: §§ 7, 8 QJF-G";"38763,00";"19381,50";"19381,50";;;;;;;;"38763,00";;abgeschlossen;
"2024/2";"RegionalMedien Inntal GmbH";"Inhaltsvielfalts-Förderung";"Bezirksblätter Tirol (Kitzbühel, Kufstein, Schwaz)";Wochenzeitung;"3. Abschnitt: §§ 7, 8 QJF-G";"9517,57";"4758,79";"4758,78";;;;;;;;"9517,57";;abgeschlossen;
"2024/2";"RegionalMedien Oberösterreich GmbH";"Inhaltsvielfalts-Förderung";"Bezirksrundschau Oberösterreich";Wochenzeitung;"3. Abschnitt: §§ 7, 8 QJF-G";"62501,38";"31250,69";"31250,69";;;;;;;;"62501,38";;abgeschlossen;
"2024/2";"bz Wiener Bezirkszeitung GmbH";"Inhaltsvielfalts-Förderung";"BezirksZeitung Wien";Wochenzeitung;"3. Abschnitt: §§ 7, 8 QJF-G";"39244,90";"19622,45";"19622,45";;;;;;;;"39244,90";;abgeschlossen;
"2024/2";"BVZ Burgenländische Volkszeitung GmbH";"Inhaltsvielfalts-Förderung";BVZ;Wochenzeitung;"3. Abschnitt: §§ 7, 8 QJF-G";"14803,43";"7401,72";"7401,71";;;;;;;;"14803,43";;abgeschlossen;
"2024/2";"Media 21 GmbH";"Inhaltsvielfalts-Förderung";"der Grazer";Wochenzeitung;"3. Abschnitt: §§ 7, 8 QJF-G";"10631,96";"5315,98";"5315,98";;;;;;;;"10631,96";;abgeschlossen;
"2024/2";"Wiener Dom-Verlag Gesellschaft m.b.H.";"Inhaltsvielfalts-Förderung";"Der Sonntag";Wochenzeitung;"3. Abschnitt: §§ 7, 8 QJF-G";"6114,13";"3057,07";"3057,06";;;;;;;;"6114,13";;abgeschlossen;
"2024/2";"STANDARD Verlagsgesellschaft m.b.H";"Inhaltsvielfalts-Förderung";"DER STANDARD";Tageszeitung;"3. Abschnitt: §§ 7, 8 QJF-G";"81934,65";"40967,33";"40967,32";;;;;;;;;"81934,65";abgeschlossen;
"2024/2";"Falter - Zeitschriften Gesellschaft m.b.H.";"Inhaltsvielfalts-Förderung";"FALTER Die Wochenzeitung aus Wien.";Wochenzeitung;"3. Abschnitt: §§ 7, 8 QJF-G";"31293,52";"15646,76";"15646,76";;;;;;;;"31293,52";;abgeschlossen;
"2024/2";"AHVV Verlags GmbH";"Inhaltsvielfalts-Förderung";Heute;Tageszeitung;"3. Abschnitt: §§ 7, 8 QJF-G";"147080,84";"73540,42";"73540,42";;;;;;;;"98053,89";"49026,95";abgeschlossen;
"2024/2";"Kroatischer Presseverein (Hrvatsko stamparsko drustvo)";"Inhaltsvielfalts-Förderung";"Hrvatske novine";Wochenzeitung;"3. Abschnitt: §§ 7, 8 QJF-G";"3945,57";"1972,79";"1972,78";;;;;;;;"3945,57";;abgeschlossen;
"2024/2";"Kirchenblatt für die Diözese St. Pölten";"Inhaltsvielfalts-Förderung";"Kirche bunt - St. Pöltner Kirchenzeitung";Wochenzeitung;"3. Abschnitt: §§ 7, 8 QJF-G";"5963,54";"2981,77";"2981,77";;;;;;;;"5963,54";;abgeschlossen;
"2024/2";"Kleine Zeitung GmbH & Co KG";"Inhaltsvielfalts-Förderung";"Kleine Zeitung";Tageszeitung;"3. Abschnitt: §§ 7, 8 QJF-G";"171978,80";"85989,40";"85989,40";;;;;;;;"171978,80";;abgeschlossen;
"2024/2";"KRONE - Verlag Gesellschaft m.b.H. & Co. KG";"Inhaltsvielfalts-Förderung";"Kronen Zeitung";Tageszeitung;"3. Abschnitt: §§ 7, 8 QJF-G";"404108,77";"202054,39";"202054,38";;;;;;;;"269405,85";"134702,92";abgeschlossen;
"2024/2";"KURIER Zeitungsverlag und Druckerei Gesellschaft m.b.H.";"Inhaltsvielfalts-Förderung";KURIER;Tageszeitung;"3. Abschnitt: §§ 7, 8 QJF-G";"275138,79";"137569,40";"137569,39";;;;;;;;"183425,86";"91712,93";abgeschlossen;
"2024/2";"NEUE Zeitungs GmbH";"Inhaltsvielfalts-Förderung";"NEUE Vorarlberger Tageszeitung";Tageszeitung;"3. Abschnitt: §§ 7, 8 QJF-G";"24727,60";"12363,80";"12363,80";;;;;;;;"24727,60";;abgeschlossen;
"2024/2";"VGN Medien Holding GmbH";"Inhaltsvielfalts-Förderung";News;Wochenzeitung;"3. Abschnitt: §§ 7, 8 QJF-G";"12431,57";"6215,79";"6215,78";;;;;;;;;"12431,57";abgeschlossen;
"2024/2";"SloMedia - Slovenski medijski center - Slowenisches Medienzentrum GmbH";"Inhaltsvielfalts-Förderung";Novice;Volksgruppenzeitung;"3. Abschnitt: §§ 7, 8 QJF-G";"6972,52";"3486,26";"3486,26";;;;;;;;"6972,52";;abgeschlossen;
"2024/2";"Niederösterreichisches Pressehaus Druck- und Verlagsgesellschaft m.b.H.";"Inhaltsvielfalts-Förderung";NÖN;Wochenzeitung;"3. Abschnitt: §§ 7, 8 QJF-G";"88871,40";"44435,70";"44435,70";;;;;;;;"88871,40";;abgeschlossen;
"2024/2";"""Obersteirische Rundschau"" Medien GmbH";"Inhaltsvielfalts-Förderung";"Obersteirische Rundschau";Magazin;"3. Abschnitt: §§ 7, 8 QJF-G";"4743,72";"2371,86";"2371,86";;;;;;;;"4743,72";;abgeschlossen;
"2024/2";"Neu-Media GmbH";"Inhaltsvielfalts-Förderung";Oberösterreicherin;Magazin;"3. Abschnitt: §§ 7, 8 QJF-G";"6234,61";"3117,31";"3117,30";;;;;;;;"6234,61";;abgeschlossen;
"2024/2";"Osttiroler Bote Medienunternehmen GmbH";"Inhaltsvielfalts-Förderung";"Osttiroler Bote";Wochenzeitung;"3. Abschnitt: §§ 7, 8 QJF-G";"6927,34";"3463,67";"3463,67";;;;;;;;"6927,34";;abgeschlossen;
"2024/2";"OÖN Redaktion GmbH & Co KG";"Inhaltsvielfalts-Förderung";OÖNachrichten;Tageszeitung;"3. Abschnitt: §§ 7, 8 QJF-G";"90108,16";"45054,08";"45054,08";;;;;;;;"90108,16";;abgeschlossen;
"2024/2";"prima! Magazin e.U.";"Inhaltsvielfalts-Förderung";"prima! Magazin";Magazin;"3. Abschnitt: §§ 7, 8 QJF-G";"3328,14";"1664,07";"1664,07";;;;;;;;"3328,14";;abgeschlossen;
"2024/2";"Profil Redaktion GmbH";"Inhaltsvielfalts-Förderung";Profil;Wochenzeitung;"3. Abschnitt: §§ 7, 8 QJF-G";"18508,05";"9254,03";"9254,02";;;;;;;;;"18508,05";abgeschlossen;
"2024/2";"Oberländer Rundschau GmbH";"Inhaltsvielfalts-Förderung";Rundschau;Wochenzeitung;"3. Abschnitt: §§ 7, 8 QJF-G";"19321,26";"9660,63";"9660,63";;;;;;;;"19321,26";;abgeschlossen;
"2024/2";"Ordinariat der Erzdiözese Salzburg";"Inhaltsvielfalts-Förderung";Rupertusblatt;Wochenzeitung;"3. Abschnitt: §§ 7, 8 QJF-G";"5165,39";"2582,70";"2582,69";;;;;;;;"5165,39";;abgeschlossen;
"2024/2";"RZ Regionalzeitungs GmbH";"Inhaltsvielfalts-Förderung";"RZ Regionalzeitungen";Wochenzeitung;"3. Abschnitt: §§ 7, 8 QJF-G";"8312,81";"4156,41";"4156,40";;;;;;;;"8312,81";;abgeschlossen;
"2024/2";"Salzburger Nachrichten Medien GmbH & Co.KG";"Inhaltsvielfalts-Förderung";"Salzburger Nachrichten";Tageszeitung;"3. Abschnitt: §§ 7, 8 QJF-G";"85541,38";"42770,69";"42770,69";;;;;;;;"85541,38";;abgeschlossen;
"2024/2";"Salzburger Verlagshaus GmbH";"Inhaltsvielfalts-Förderung";"Salzburger Woche";Wochenzeitung;"3. Abschnitt: §§ 7, 8 QJF-G";"36202,89";"18101,45";"18101,44";;;;;;;;"36202,89";;abgeschlossen;
"2024/2";"Bischöfliches Ordinariat - Diözese Graz-Seckau";"Inhaltsvielfalts-Förderung";"SONNTAGSBLATT für Steiermark";Wochenzeitung;"3. Abschnitt: §§ 7, 8 QJF-G";"8794,71";"4397,36";"4397,35";;;;;;;;"8794,71";;abgeschlossen;
"2024/2";"Die Steirerin Verlags GmbH & Co KG";"Inhaltsvielfalts-Förderung";STEIRERIN;Magazin;"3. Abschnitt: §§ 7, 8 QJF-G";"6836,99";"3418,50";"3418,49";;;;;;;;"6836,99";;abgeschlossen;
"2024/2";"Südwind Verein für Entwicklungspolitik und globale Gerechtigkeit";"Inhaltsvielfalts-Förderung";"Südwind-Magazin";Magazin;"3. Abschnitt: §§ 7, 8 QJF-G";"1709,26";"854,63";"854,63";;;;;;;;;"1709,25";abgeschlossen;
"2024/2";"TIPS Zeitungs GmbH & CoKG";"Inhaltsvielfalts-Förderung";TIPS;Wochenzeitung;"3. Abschnitt: §§ 7, 8 QJF-G";"66992,67";"33496,34";"33496,33";;;;;;;;"66992,67";;abgeschlossen;
"2024/2";"Diözese Innsbruck";"Inhaltsvielfalts-Förderung";"Tiroler Sonntag - Kirchenzeitung der Diözese Innsbruck";Wochenzeitung;"3. Abschnitt: §§ 7, 8 QJF-G";"3569,09";"1784,55";"1784,54";;;;;;;;"3569,09";;abgeschlossen;
"2024/2";"Schlüsselverlag J.S. Moser GmbH";"Inhaltsvielfalts-Förderung";"Tiroler Tageszeitung";Tageszeitung;"3. Abschnitt: §§ 7, 8 QJF-G";"99019,58";"49509,79";"49509,79";;;;;;;;"99019,58";;abgeschlossen;
"2024/2";"Tirolerin Verlags GmbH";"Inhaltsvielfalts-Förderung";Tirolerin;Magazin;"3. Abschnitt: §§ 7, 8 QJF-G";"8448,35";"4224,18";"4224,17";;;;;;;;"8448,35";;abgeschlossen;
"2024/2";"Diözese Feldkirch";"Inhaltsvielfalts-Förderung";"Vorarlberger KirchenBlatt";Wochenzeitung;"3. Abschnitt: §§ 7, 8 QJF-G";"3373,31";"1686,66";"1686,65";;;;;;;;"3373,31";;abgeschlossen;
"2024/2";"Russmedia Verlag GmbH";"Inhaltsvielfalts-Förderung";"Vorarlberger Nachrichten";Tageszeitung;"3. Abschnitt: §§ 7, 8 QJF-G";"71446,69";"35723,35";"35723,34";;;;;;;;"71446,69";;abgeschlossen;
"2024/2";"Russmedia GmbH";"Inhaltsvielfalts-Förderung";Vorarlbergerin;Magazin;"3. Abschnitt: §§ 7, 8 QJF-G";"4668,43";"2334,22";"2334,21";;;;;;;;"4668,43";;abgeschlossen;
"2024/2";"vormagazin ges.m.b.h.";"Inhaltsvielfalts-Förderung";vormagazin;Magazin;"3. Abschnitt: §§ 7, 8 QJF-G";"3764,86";"1882,43";"1882,43";;;;;;;;"3764,86";;abgeschlossen;
"2024/2";"Weekend Magazin GmbH";"Inhaltsvielfalts-Förderung";"Weekend Magazin OÖ";Magazin;"3. Abschnitt: §§ 7, 8 QJF-G";"33145,83";"16572,92";"16572,91";;;;;;;;"33145,83";;abgeschlossen;
"2024/2";"Wiener Bezirksblatt GmbH";"Inhaltsvielfalts-Förderung";"Wiener Bezirksblatt";Magazin;"3. Abschnitt: §§ 7, 8 QJF-G";"11821,66";"5910,83";"5910,83";;;;;;;;"11821,66";;abgeschlossen;
"2024/2";"Life Style Projekt GmbH";"Inhaltsvielfalts-Förderung";Wienerin;Magazin;"3. Abschnitt: §§ 7, 8 QJF-G";"3433,55";"1716,78";"1716,77";;;;;;;;"3433,55";;abgeschlossen;
"2024/2";"RMK Regionalmedien Kärnten GmbH";"Inhaltsvielfalts-Förderung";"Woche Kärnten";Wochenzeitung;"3. Abschnitt: §§ 7, 8 QJF-G";"41910,42";"20955,21";"20955,21";;;;;;;;"41910,42";;abgeschlossen;
"2024/2";"Wochenzeitungs GmbH Steiermark";"Inhaltsvielfalts-Förderung";"WOCHE Steiermark";Wochenzeitung;"3. Abschnitt: §§ 7, 8 QJF-G";"50828,43";"25414,22";"25414,21";;;;;;;;"50828,43";;abgeschlossen;
"2024/2";"Weizer Zeitung Gesellschaft m.b.H. & Co KG";"Inhaltsvielfalts-Förderung";"WOCHE Weiz/Birkfeld, Gleisdorf";Wochenzeitung;"3. Abschnitt: §§ 7, 8 QJF-G";"3990,75";"1995,38";"1995,37";;;;;;;;"3990,75";;abgeschlossen;
"2024/2";"Fivemedia GmbH";"Inhaltsvielfalts-Förderung";"www.5min.at";"Online-Medium";"3. Abschnitt: §§ 7, 8 QJF-G";"13899,86";"6949,93";"6949,93";;;;;;;;"13899,86";;abgeschlossen;
"2024/2";"SALZBURG24 GmbH";"Inhaltsvielfalts-Förderung";"www.salzburg24.at";"Online-Medium";"3. Abschnitt: §§ 7, 8 QJF-G";"12077,67";"6038,84";"6038,83";;;;;;;;"12077,67";;abgeschlossen;
"2024/2";"Mediengruppe ""Österreich"" GmbH";"Inhaltsvielfalts-Förderung";Österreich;Tageszeitung;"3. Abschnitt: §§ 7, 8 QJF-G";"166585,17";"83292,59";"83292,58";;;;;;;;"111056,78";"55528,39";abgeschlossen;
"2024/2";"""Die Presse"" Verlags-Gesellschaft m.b.H. & Co KG";"Journalismus-Förderung";"""Die Presse"" Unabhängige Tageszeitung für Österreich";Tageszeitung;"2. Abschnitt: § 6 QJF-G";"811516,51";"405758,26";"405758,25";"624243,47";"187273,04";;;;;;;;abgeschlossen;
"2024/2";"Sand und Zeit, Herausgabe und Vertrieb der Straßenzeitung AUGUSTIN";"Journalismus-Förderung";Augustin;Magazin;"2. Abschnitt: § 6 QJF-G";"19492,83";"9746,42";"9746,41";"19492,83";;;;;;;;;abgeschlossen;
"2024/2";"VGN Medien Holding GmbH";"Journalismus-Förderung";Autorevue;Magazin;"2. Abschnitt: § 6 QJF-G";;;;;;;;;;;;;"Förderung abgelehnt";
"2024/2";"Badener Zeitungsverlag GmbH";"Journalismus-Förderung";"Badener Zeitung";Wochenzeitung;"2. Abschnitt: § 6 QJF-G";"25093,39";"12546,70";"12546,69";"25093,39";;;;;;;;;abgeschlossen;
"2024/2";"Bezirksblätter Burgenland Verlag GmbH";"Journalismus-Förderung";"Bezirksblätter Burgenland";Wochenzeitung;"2. Abschnitt: § 6 QJF-G";"117626,16";"58813,08";"58813,08";"90481,66";"27144,51";;;;;;;;abgeschlossen;
"2024/2";"RegionalMedien Niederösterreich GmbH";"Journalismus-Förderung";"Bezirksblätter Niederösterreich";Wochenzeitung;"2. Abschnitt: § 6 QJF-G";"315257,50";"157628,75";"157628,75";"242505,77";"72751,73";;;;;;;;abgeschlossen;
"2024/2";"RegionalMedien Salzburg GmbH";"Journalismus-Förderung";"Bezirksblätter Salzburg";Wochenzeitung;"2. Abschnitt: § 6 QJF-G";"153840,65";"76920,33";"76920,32";"118338,96";"35501,69";;;;;;;;abgeschlossen;
"2024/2";"RegionalMedien Tirol GmbH";"Journalismus-Förderung";"Bezirksblätter Tirol";Wochenzeitung;"2. Abschnitt: § 6 QJF-G";"243384,04";"121692,02";"121692,02";"187218,49";"56165,55";;;;;;;;abgeschlossen;
"2024/2";"RegionalMedien Inntal GmbH";"Journalismus-Förderung";"Bezirksblätter Tirol (Kitzbühel, Kufstein, Schwaz)";Wochenzeitung;"2. Abschnitt: § 6 QJF-G";"59758,63";"29879,32";"29879,31";"45968,18";"13790,45";;;;;;;;abgeschlossen;
"2024/2";"RegionalMedien Oberösterreich GmbH";"Journalismus-Förderung";"Bezirksrundschau Oberösterreich";Wochenzeitung;"2. Abschnitt: § 6 QJF-G";"392431,94";"196215,97";"196215,97";"301870,72";"90561,22";;;;;;;;abgeschlossen;
"2024/2";"bz Wiener Bezirkszeitung GmbH";"Journalismus-Förderung";"BezirksZeitung Wien";Wochenzeitung;"2. Abschnitt: § 6 QJF-G";"246409,79";"123204,90";"123204,89";"189545,99";"56863,80";;;;;;;;abgeschlossen;
"2024/2";"BVZ Burgenländische Volkszeitung GmbH";"Journalismus-Förderung";BVZ;Wochenzeitung;"2. Abschnitt: § 6 QJF-G";"100097,16";"50048,58";"50048,58";"71497,97";"28599,19";;;;;;;;abgeschlossen;
"2024/2";"Zielgruppen-Zeitungsverlags GmbH";"Journalismus-Förderung";ChefInfo;Magazin;"2. Abschnitt: § 6 QJF-G";"48077,48";"24038,74";"24038,74";"48077,48";;;;;;;;;abgeschlossen;
"2024/2";"Media 21 GmbH";"Journalismus-Förderung";"der Grazer";Wochenzeitung;"2. Abschnitt: § 6 QJF-G";"66755,68";"33377,84";"33377,84";"51350,53";"15405,16";;;;;;;;abgeschlossen;
"2024/2";"Wiener Dom-Verlag Gesellschaft m.b.H.";"Journalismus-Förderung";"Der Sonntag";Wochenzeitung;"2. Abschnitt: § 6 QJF-G";"29530,19";"14765,10";"14765,09";"29530,19";;;;;;;;;abgeschlossen;
"2024/2";"STANDARD Verlagsgesellschaft m.b.H";"Journalismus-Förderung";"DER STANDARD";Tageszeitung;"2. Abschnitt: § 6 QJF-G";"1028897,97";"514448,99";"514448,98";"791459,98";"237437,99";;;;;;;;abgeschlossen;
"2024/2";"Die Furche-Zeitschriften-Betriebsgesellschaft m.b.H & Co KG";"Journalismus-Förderung";"DIE FURCHE";Wochenzeitung;"2. Abschnitt: § 6 QJF-G";"87444,27";"43722,14";"43722,13";"67264,82";"20179,45";;;;;;;;abgeschlossen;
"2024/2";"Falter - Zeitschriften Gesellschaft m.b.H.";"Journalismus-Förderung";"FALTER Die Wochenzeitung aus Wien.";Wochenzeitung;"2. Abschnitt: § 6 QJF-G";"151142,20";"75571,10";"75571,10";"151142,20";;;;;;;;;abgeschlossen;
"2024/2";"KURIER Zeitungsverlag und Druckerei Gesellschaft m.b.H.";"Journalismus-Förderung";freizeit;Wochenzeitung;"2. Abschnitt: § 6 QJF-G";;;;;;;;;;;;;"Förderung abgelehnt";
"2024/2";"Mediengruppe ""Österreich"" GmbH";"Journalismus-Förderung";"Gesund & Fit";Magazin;"2. Abschnitt: § 6 QJF-G";;;;;;;;;;;;;"Förderung abgelehnt";
"2024/2";"Wailand und Waldstein Gesellschaft m.b.H.";"Journalismus-Förderung";GEWINN;Magazin;"2. Abschnitt: § 6 QJF-G";"55205,45";"27602,73";"27602,72";"50186,77";"5018,68";;;;;;;;abgeschlossen;
"2024/2";"Gusto GmbH & Co KG";"Journalismus-Förderung";Gusto;Magazin;"2. Abschnitt: § 6 QJF-G";;;;;;;;;;;;;"Förderung abgelehnt";
"2024/2";"AHVV Verlags GmbH";"Journalismus-Förderung";Heute;Tageszeitung;"2. Abschnitt: § 6 QJF-G";"568299,76";"284149,88";"284149,88";"473583,13";"94716,63";;;;;;;;abgeschlossen;
"2024/2";"Kroatischer Presseverein (Hrvatsko stamparsko drustvo)";"Journalismus-Förderung";"Hrvatske novine";Wochenzeitung;"2. Abschnitt: § 6 QJF-G";"19056,43";"9528,22";"9528,22";"19056,43";;;;;;;;;abgeschlossen;
"2024/2";"Momentum Institut -- Verein für sozialen Fortschritt";"Journalismus-Förderung";"https://moment.at";"Online-Medium";"2. Abschnitt: § 6 QJF-G";;;;;;;;;;;;;"Förderung abgelehnt";
"2024/2";"Mediengruppe ""Österreich"" GmbH";"Journalismus-Förderung";Insider;Magazin;"2. Abschnitt: § 6 QJF-G";;;;;;;;;;;;;"Förderung abgelehnt";
"2024/2";"Kirchenblatt für die Diözese St. Pölten";"Journalismus-Förderung";"Kirche bunt - St. Pöltner Kirchenzeitung";Wochenzeitung;"2. Abschnitt: § 6 QJF-G";"28802,84";"14401,42";"14401,42";"28802,84";;;;;;;;;abgeschlossen;
"2024/2";"Diözese Linz";"Journalismus-Förderung";"Kirchenzeitung Diözese Linz";Wochenzeitung;"2. Abschnitt: § 6 QJF-G";"43567,94";"21783,97";"21783,97";"43567,94";;;;;;;;;abgeschlossen;
"2024/2";"Kitzbüheler Anzeiger Gesellschaft m.b.H.";"Journalismus-Förderung";"Kitzbüheler Anzeiger";Wochenzeitung;"2. Abschnitt: § 6 QJF-G";"28075,50";"14037,75";"14037,75";"28075,50";;;;;;;;;abgeschlossen;
"2024/2";"Kleine Zeitung GmbH & Co KG";"Journalismus-Förderung";"Kleine Zeitung";Tageszeitung;"2. Abschnitt: § 6 QJF-G";"1079815,73";"539907,87";"539907,86";"830627,48";"249188,25";;;;;;;;abgeschlossen;
"2024/2";"Österreichischer Kommunal-Verlag GmbH";"Journalismus-Förderung";KOMMUNAL;Magazin;"2. Abschnitt: § 6 QJF-G";;;;;;;;;;;;;"Förderung abgelehnt";
"2024/2";"Twist Zeitschriften Verlag GmbH";"Journalismus-Förderung";KOSMO;Magazin;"2. Abschnitt: § 6 QJF-G";"28802,84";"14401,42";"14401,42";"28802,84";;;;;;;;;abgeschlossen;
"2024/2";"KRONE - Verlag Gesellschaft m.b.H. & Co. KG";"Journalismus-Förderung";"Krone Bunt";Wochenzeitung;"2. Abschnitt: § 6 QJF-G";;;;;;;;;;;;;"Förderung abgelehnt";
"2024/2";"KRONE - Verlag Gesellschaft m.b.H. & Co. KG";"Journalismus-Förderung";"Kronen Zeitung";Tageszeitung;"2. Abschnitt: § 6 QJF-G";"1821656,26";"910828,13";"910828,13";"1301183,05";"520473,22";;;;;;;;abgeschlossen;
"2024/2";"KURIER Zeitungsverlag und Druckerei Gesellschaft m.b.H.";"Journalismus-Förderung";KURIER;Tageszeitung;"2. Abschnitt: § 6 QJF-G";"1240280,67";"620140,34";"620140,33";"885914,76";"354365,91";;;;;;;;abgeschlossen;
"2024/2";"""Leibnitz Aktuell"" Zeitungsverlagsgesellschaft mit beschränkter Haftung";"Journalismus-Förderung";"Leibnitz Aktuell, unabhängiges Monatsmagazin für die Region, seit 1975";Magazin;"2. Abschnitt: § 6 QJF-G";;;;;;;;;;;;;"Förderung abgelehnt";
"2024/2";"Mediengruppe ""Österreich"" GmbH";"Journalismus-Förderung";"Live and Style";Magazin;"2. Abschnitt: § 6 QJF-G";;;;;;;;;;;;;"Förderung abgelehnt";
"2024/2";"wienlive Zeitschriften GmbH";"Journalismus-Förderung";"look! Das neue Magazin für Frauen";Magazin;"2. Abschnitt: § 6 QJF-G";;;;;;;;;;;;;"Förderung abgelehnt";
"2024/2";"Mediengruppe ""Österreich"" GmbH";"Journalismus-Förderung";Madonna;Magazin;"2. Abschnitt: § 6 QJF-G";;;;;;;;;;;;;"Förderung abgelehnt";
"2024/2";"NEUE Zeitungs GmbH";"Journalismus-Förderung";"NEUE Vorarlberger Tageszeitung";Tageszeitung;"2. Abschnitt: § 6 QJF-G";"167201,97";"83600,99";"83600,98";"119429,98";"47771,99";;;;;;;;abgeschlossen;
"2024/2";"VGN Medien Holding GmbH";"Journalismus-Förderung";News;Wochenzeitung;"2. Abschnitt: § 6 QJF-G";"144101,50";"72050,75";"72050,75";"120084,59";"24016,92";;;;;;;;abgeschlossen;
"2024/2";"SloMedia - Slovenski medijski center - Slowenisches Medienzentrum GmbH";"Journalismus-Förderung";Novice;Volksgruppenzeitung;"2. Abschnitt: § 6 QJF-G";"33676,05";"16838,03";"16838,02";"33676,05";;;;;;;;;abgeschlossen;
"2024/2";"Niederösterreichisches Pressehaus Druck- und Verlagsgesellschaft m.b.H.";"Journalismus-Förderung";NÖN;Wochenzeitung;"2. Abschnitt: § 6 QJF-G";"600926,62";"300463,31";"300463,31";"429233,30";"171693,32";;;;;;;;abgeschlossen;
"2024/2";"""Obersteirische Rundschau"" Medien GmbH";"Journalismus-Förderung";"Obersteirische Rundschau";Magazin;"2. Abschnitt: § 6 QJF-G";"22911,35";"11455,68";"11455,67";"22911,35";;;;;;;;;abgeschlossen;
"2024/2";"Neu-Media GmbH";"Journalismus-Förderung";Oberösterreicherin;Magazin;"2. Abschnitt: § 6 QJF-G";"30112,06";"15056,03";"15056,03";"30112,06";;;;;;;;;abgeschlossen;
"2024/2";"Osttiroler Bote Medienunternehmen GmbH";"Journalismus-Förderung";"Osttiroler Bote";Wochenzeitung;"2. Abschnitt: § 6 QJF-G";"33457,85";"16728,93";"16728,92";"33457,85";;;;;;;;;abgeschlossen;
"2024/2";"OÖN Redaktion GmbH & Co KG";"Journalismus-Förderung";OÖNachrichten;Tageszeitung;"2. Abschnitt: § 6 QJF-G";"565768,60";"282884,30";"282884,30";"435206,62";"130561,98";;;;;;;;abgeschlossen;
"2024/2";"prima! Magazin e.U.";"Journalismus-Förderung";"prima! Magazin";Magazin;"2. Abschnitt: § 6 QJF-G";"16074,32";"8037,16";"8037,17";"16074,31";;;;;;;;;abgeschlossen;
"2024/2";"Profil Redaktion GmbH";"Journalismus-Förderung";Profil;Wochenzeitung;"2. Abschnitt: § 6 QJF-G";"250293,81";"125146,91";"125146,90";"178781,29";"71512,52";;;;;;;;abgeschlossen;
"2024/2";"Mediengruppe ""Österreich"" GmbH";"Journalismus-Förderung";Reiselust;Magazin;"2. Abschnitt: § 6 QJF-G";;;;;;;;;;;;;"Förderung abgelehnt";
"2024/2";"STANDARD Verlagsgesellschaft m.b.H";"Journalismus-Förderung";RONDO;Wochenzeitung;"2. Abschnitt: § 6 QJF-G";;;;;;;;;;;;;"Förderung abgelehnt";
"2024/2";"Oberländer Rundschau GmbH";"Journalismus-Förderung";Rundschau;Wochenzeitung;"2. Abschnitt: § 6 QJF-G";"111981,97";"55990,99";"55990,98";"93318,31";"18663,66";;;;;;;;abgeschlossen;
"2024/2";"Ordinariat der Erzdiözese Salzburg";"Journalismus-Förderung";Rupertusblatt;Wochenzeitung;"2. Abschnitt: § 6 QJF-G";"24947,92";"12473,96";"12473,96";"24947,92";;;;;;;;;abgeschlossen;
"2024/2";"RZ Regionalzeitungs GmbH";"Journalismus-Förderung";"RZ Regionalzeitungen";Wochenzeitung;"2. Abschnitt: § 6 QJF-G";"56209,19";"28104,60";"28104,59";"40149,42";"16059,77";;;;;;;;abgeschlossen;
"2024/2";"Salzburger Nachrichten Medien GmbH & Co.KG";"Journalismus-Förderung";"Salzburger Nachrichten";Tageszeitung;"2. Abschnitt: § 6 QJF-G";"495779,87";"247889,94";"247889,93";"413149,89";"82629,98";;;;;;;;abgeschlossen;
"2024/2";"Salzburger Verlagshaus GmbH";"Journalismus-Förderung";"Salzburger Woche";Wochenzeitung;"2. Abschnitt: § 6 QJF-G";"174853,63";"87426,82";"87426,81";"174853,63";;;;;;;;;abgeschlossen;
"2024/2";"CRM Medientrend GmbH";"Journalismus-Förderung";"schau Magazin";Magazin;"2. Abschnitt: § 6 QJF-G";"34839,80";"17419,90";"17419,90";"34839,80";;;;;;;;;abgeschlossen;
"2024/2";"Bischöfliches Ordinariat - Diözese Graz-Seckau";"Journalismus-Förderung";"SONNTAGSBLATT für Steiermark";Wochenzeitung;"2. Abschnitt: § 6 QJF-G";"42476,92";"21238,46";"21238,46";"42476,92";;;;;;;;;abgeschlossen;
"2024/2";"Die Steirerin Verlags GmbH & Co KG";"Journalismus-Förderung";STEIRERIN;Magazin;"2. Abschnitt: § 6 QJF-G";"33021,44";"16510,72";"16510,72";"33021,44";;;;;;;;;abgeschlossen;
"2024/2";"Südwind Verein für Entwicklungspolitik und globale Gerechtigkeit";"Journalismus-Förderung";"Südwind-Magazin";Magazin;"2. Abschnitt: § 6 QJF-G";"18161,79";"9080,90";"9080,90";"16510,72";"1651,07";;;;;;;;abgeschlossen;
"2024/2";"TIPS Zeitungs GmbH & CoKG";"Journalismus-Förderung";TIPS;Wochenzeitung;"2. Abschnitt: § 6 QJF-G";"420631,72";"210315,86";"210315,86";"323562,86";"97068,86";;;;;;;;abgeschlossen;
"2024/2";"Diözese Innsbruck";"Journalismus-Förderung";"Tiroler Sonntag - Kirchenzeitung der Diözese Innsbruck";Wochenzeitung;"2. Abschnitt: § 6 QJF-G";"17238,07";"8619,04";"8619,04";"17238,07";;;;;;;;;abgeschlossen;
"2024/2";"Schlüsselverlag J.S. Moser GmbH";"Journalismus-Förderung";"Tiroler Tageszeitung";Tageszeitung;"2. Abschnitt: § 6 QJF-G";"621721,40";"310860,70";"310860,70";"478247,23";"143474,17";;;;;;;;abgeschlossen;
"2024/2";"Tirolerin Verlags GmbH";"Journalismus-Förderung";Tirolerin;Magazin;"2. Abschnitt: § 6 QJF-G";"40804,03";"20402,02";"20402,01";"40804,03";;;;;;;;;abgeschlossen;
"2024/2";"target group publishing gmbh";"Journalismus-Förderung";"top.tirol";Magazin;"2. Abschnitt: § 6 QJF-G";;;;;;;;;;;;;"Förderung abgelehnt";
"2024/2";"VGN Medien Holding GmbH";"Journalismus-Förderung";Trend;Magazin;"2. Abschnitt: § 6 QJF-G";"96707,73";"48353,87";"48353,86";"80589,78";"16117,96";;;;;;;;abgeschlossen;
"2024/2";"Trending Topics GmbH";"Journalismus-Förderung";"Trending Topics";Magazin;"2. Abschnitt: § 6 QJF-G";;;;;;;;;;;;;"Förderung abgelehnt";
"2024/2";"VGN Medien Holding GmbH";"Journalismus-Förderung";"TV Media";Wochenzeitung;"2. Abschnitt: § 6 QJF-G";"129176,39";"64588,20";"64588,19";"107646,99";"21529,40";;;;;;;;abgeschlossen;
"2024/2";"Diözese Feldkirch";"Journalismus-Förderung";"Vorarlberger KirchenBlatt";Wochenzeitung;"2. Abschnitt: § 6 QJF-G";"16292,53";"8146,27";"8146,27";"16292,52";;;;;;;;;abgeschlossen;
"2024/2";"Russmedia Verlag GmbH";"Journalismus-Förderung";"Vorarlberger Nachrichten";Tageszeitung;"2. Abschnitt: § 6 QJF-G";"483104,98";"241552,49";"241552,49";"345074,99";"138030,00";;;;;;;;abgeschlossen;
"2024/2";"Russmedia GmbH";"Journalismus-Förderung";Vorarlbergerin;Magazin;"2. Abschnitt: § 6 QJF-G";"31566,75";"15783,38";"15783,37";"22547,68";"9019,07";;;;;;;;abgeschlossen;
"2024/2";"vormagazin ges.m.b.h.";"Journalismus-Förderung";vormagazin;Magazin;"2. Abschnitt: § 6 QJF-G";"23638,70";"11819,35";"11819,35";"18183,61";"5455,08";;;;;;;;abgeschlossen;
"2024/2";"Wald Verlags GmbH";"Journalismus-Förderung";"Wald Magazin";Magazin;"2. Abschnitt: § 6 QJF-G";"30912,14";"15456,07";"15456,07";"30912,14";;;;;;;;;abgeschlossen;
"2024/2";"Weekend Magazin GmbH";"Journalismus-Förderung";"Weekend Magazin OÖ";Magazin;"2. Abschnitt: § 6 QJF-G";"160088,54";"80044,27";"80044,27";"160088,54";;;;;;;;;abgeschlossen;
"2024/2";"Wiener Bezirksblatt GmbH";"Journalismus-Förderung";"Wiener Bezirksblatt";Magazin;"2. Abschnitt: § 6 QJF-G";"74225,51";"37112,76";"37112,75";"57096,55";"17128,96";;;;;;;;abgeschlossen;
"2024/2";"Life Style Projekt GmbH";"Journalismus-Förderung";Wienerin;Magazin;"2. Abschnitt: § 6 QJF-G";"16583,46";"8291,73";"8291,74";"16583,46";;;;;;;;;abgeschlossen;
"2024/2";"RMK Regionalmedien Kärnten GmbH";"Journalismus-Förderung";"Woche Kärnten";Wochenzeitung;"2. Abschnitt: § 6 QJF-G";"263145,99";"131573,00";"131572,99";"202419,99";"60726,00";;;;;;;;abgeschlossen;
"2024/2";"Wochenzeitungs GmbH Steiermark";"Journalismus-Förderung";"WOCHE Steiermark";Wochenzeitung;"2. Abschnitt: § 6 QJF-G";"319140,15";"159570,08";"159570,07";"245492,43";"73647,73";;;;;;;;abgeschlossen;
"2024/2";"Weizer Zeitung Gesellschaft m.b.H. & Co KG";"Journalismus-Förderung";"WOCHE Weiz/Birkfeld, Gleisdorf";Wochenzeitung;"2. Abschnitt: § 6 QJF-G";"25057,02";"12528,51";"12528,51";"19274,63";"5782,39";;;;;;;;abgeschlossen;
"2024/2";"WOMAN GmbH & Co KG";"Journalismus-Förderung";Woman;Magazin;"2. Abschnitt: § 6 QJF-G";"155884,49";"77942,25";"77942,24";"129903,74";"25980,75";;;;;;;;abgeschlossen;
"2024/2";"1000PS Internet GmbH";"Journalismus-Förderung";"www.1000PS.at";"Online-Medium";"2. Abschnitt: § 6 QJF-G";;;;;;;;;;;;;"Förderung abgelehnt";
"2024/2";"Fivemedia GmbH";"Journalismus-Förderung";"www.5min.at";"Online-Medium";"2. Abschnitt: § 6 QJF-G";"87274,07";"43637,04";"43637,03";"67133,90";"20140,17";;;;;;;;abgeschlossen;
"2024/2";"oe24 GmbH";"Journalismus-Förderung";"www.oe24.at";"Online-Medium";"2. Abschnitt: § 6 QJF-G";;;;;;;;;;;;;"Förderung abgelehnt";
"2024/2";"SALZBURG24 GmbH";"Journalismus-Förderung";"www.salzburg24.at";"Online-Medium";"2. Abschnitt: § 6 QJF-G";"81666,25";"40833,13";"40833,12";"58333,03";"23333,21";;;;;;;;abgeschlossen;
"2024/2";"VGN Medien Holding GmbH";"Journalismus-Förderung";Yachtrevue;Magazin;"2. Abschnitt: § 6 QJF-G";;;;;;;;;;;;;"Förderung abgelehnt";
"2024/2";"Mediengruppe ""Österreich"" GmbH";"Journalismus-Förderung";Österreich;Tageszeitung;"2. Abschnitt: § 6 QJF-G";"590023,27";"295011,64";"295011,63";"536384,79";"53638,48";;;;;;;;abgeschlossen;
"2024/2";"Agrar Media Verlagsges.m.b.H.";"Journalismus-Förderung";"Österreichische BauernZeitung";Wochenzeitung;"2. Abschnitt: § 6 QJF-G";"32657,77";"16328,89";"16328,88";"32657,77";;;;;;;;;abgeschlossen;
"2024/2";"Medienhaus Wien - Forschung und Weiterbildung GmbH";Medienforschung;"Medienhaus Wien - Forschung und Weiterbildung GmbH";;"6. Abschnitt: § 16 QJF-G";"37000,00";;;;;;;;;;;;abgeschlossen;
"2024/2";"Digitaler Kompass - Institut für Nachrichtenkompetenz und digitale Bildung";"Medienpädagogikeinrichtungen";"Digitaler Kompass - Institut für Nachrichtenkompetenz und digitale Bildung";;"5. Abschnitt: § 12 QJF-G";"75516,00";;;;;;;;;;;;abgeschlossen;
"2024/2";"MISCHA - Medien in Schule und Ausbildung, Verein zur Förderung der Nutzung von Zeitungen in der schulischen Ausbildung";"Medienpädagogikeinrichtungen";"MISCHA - Medien in Schule und Ausbildung, Verein zur Förderung der Nutzung von Zeitungen in der schulischen Ausbildung";;"5. Abschnitt: § 12 QJF-G";"209687,00";;;;;;;;;;;;abgeschlossen;
"2024/2";"Klub der Wirtschaftspublizisten";Presseclubs;"Klub der Wirtschaftspublizisten";;"6. Abschnitt: § 15 QJF-G";"5000,00";;;;;;;;;;;;abgeschlossen;
"2024/2";"OÖ Presseclub";Presseclubs;"OÖ Presseclub";;"6. Abschnitt: § 15 QJF-G";"11250,00";;;;;;;;;;;;abgeschlossen;
"2024/2";"Presseclub Concordia - Vereinigung österreichischer Journalisten und Schriftsteller";Presseclubs;"Presseclub Concordia - Vereinigung österreichischer Journalisten und Schriftsteller";;"6. Abschnitt: § 15 QJF-G";"31250,00";;;;;;;;;;;;abgeschlossen;
"2024/2";"Steirischer Presseclub";Presseclubs;"Steirischer Presseclub";;"6. Abschnitt: § 15 QJF-G";"9375,00";;;;;;;;;;;;abgeschlossen;
"2024/2";"Verband der Auslandspresse in Wien";Presseclubs;"Verband der Auslandspresse in Wien";;"6. Abschnitt: § 15 QJF-G";"5625,00";;;;;;;;;;;;abgeschlossen;
"2024/2";"""Die Presse"" Verlags-Gesellschaft m.b.H. & Co KG";"Verteilung von Schüler-Abos";"""Die Presse"" Unabhängige Tageszeitung für Österreich";Tageszeitung;"5. Abschnitt: § 13 QJF-G";"31771,35";;;;;;;;;;;;abgeschlossen;
"2024/2";"BVZ Burgenländische Volkszeitung GmbH";"Verteilung von Schüler-Abos";BVZ;Wochenzeitung;"5. Abschnitt: § 13 QJF-G";"544,58";;;;;;;;;;;;abgeschlossen;
"2024/2";"STANDARD Verlagsgesellschaft m.b.H";"Verteilung von Schüler-Abos";"DER STANDARD";Tageszeitung;"5. Abschnitt: § 13 QJF-G";"31771,35";;;;;;;;;;;;abgeschlossen;
"2024/2";"Die Furche-Zeitschriften-Betriebsgesellschaft m.b.H & Co KG";"Verteilung von Schüler-Abos";"DIE FURCHE";Wochenzeitung;"5. Abschnitt: § 13 QJF-G";"31771,35";;;;;;;;;;;;abgeschlossen;
"2024/2";"Falter - Zeitschriften Gesellschaft m.b.H.";"Verteilung von Schüler-Abos";"FALTER Die Wochenzeitung aus Wien.";Wochenzeitung;"5. Abschnitt: § 13 QJF-G";"19094,40";;;;;;;;;;;;abgeschlossen;
"2024/2";"Kroatischer Presseverein (Hrvatsko stamparsko drustvo)";"Verteilung von Schüler-Abos";"Hrvatske novine";Wochenzeitung;"5. Abschnitt: § 13 QJF-G";"5376,00";;;;;;;;;;;;abgeschlossen;
"2024/2";"Diözese Linz";"Verteilung von Schüler-Abos";"Kirchenzeitung Diözese Linz";Wochenzeitung;"5. Abschnitt: § 13 QJF-G";"368,00";;;;;;;;;;;;abgeschlossen;
"2024/2";"Kitzbüheler Anzeiger Gesellschaft m.b.H.";"Verteilung von Schüler-Abos";"Kitzbüheler Anzeiger";Wochenzeitung;"5. Abschnitt: § 13 QJF-G";"1496,00";;;;;;;;;;;;abgeschlossen;
"2024/2";"Kleine Zeitung GmbH & Co KG";"Verteilung von Schüler-Abos";"Kleine Kinderzeitung";Wochenzeitung;"5. Abschnitt: § 13 QJF-G";"10294,71";;;;;;;;;;;;abgeschlossen;
"2024/2";"Kleine Zeitung GmbH & Co KG";"Verteilung von Schüler-Abos";"Kleine Zeitung";Tageszeitung;"5. Abschnitt: § 13 QJF-G";"25087,26";;;;;;;;;;;;abgeschlossen;
"2024/2";"KRONE - Verlag Gesellschaft m.b.H. & Co. KG";"Verteilung von Schüler-Abos";"Kronen Zeitung";Tageszeitung;"5. Abschnitt: § 13 QJF-G";"31771,35";;;;;;;;;;;;abgeschlossen;
"2024/2";"KURIER Zeitungsverlag und Druckerei Gesellschaft m.b.H.";"Verteilung von Schüler-Abos";KURIER;Tageszeitung;"5. Abschnitt: § 13 QJF-G";"31771,35";;;;;;;;;;;;abgeschlossen;
"2024/2";"NEUE Zeitungs GmbH";"Verteilung von Schüler-Abos";"NEUE Vorarlberger Tageszeitung";Tageszeitung;"5. Abschnitt: § 13 QJF-G";"539,88";;;;;;;;;;;;abgeschlossen;
"2024/2";"VGN Medien Holding GmbH";"Verteilung von Schüler-Abos";News;Wochenzeitung;"5. Abschnitt: § 13 QJF-G";"5369,00";;;;;;;;;;;;abgeschlossen;
"2024/2";"Niederösterreichisches Pressehaus Druck- und Verlagsgesellschaft m.b.H.";"Verteilung von Schüler-Abos";NÖN;Wochenzeitung;"5. Abschnitt: § 13 QJF-G";"5169,89";;;;;;;;;;;;abgeschlossen;
"2024/2";"OÖN Redaktion GmbH & Co KG";"Verteilung von Schüler-Abos";OÖNachrichten;Tageszeitung;"5. Abschnitt: § 13 QJF-G";"31771,35";;;;;;;;;;;;abgeschlossen;
"2024/2";"Profil Redaktion GmbH";"Verteilung von Schüler-Abos";Profil;Wochenzeitung;"5. Abschnitt: § 13 QJF-G";"10153,50";;;;;;;;;;;;abgeschlossen;
"2024/2";"Salzburger Nachrichten Medien GmbH & Co.KG";"Verteilung von Schüler-Abos";"Salzburger Nachrichten";Tageszeitung;"5. Abschnitt: § 13 QJF-G";"31771,35";;;;;;;;;;;;abgeschlossen;
"2024/2";"Schlüsselverlag J.S. Moser GmbH";"Verteilung von Schüler-Abos";"Tiroler Tageszeitung";Tageszeitung;"5. Abschnitt: § 13 QJF-G";"31771,35";;;;;;;;;;;;abgeschlossen;
"2024/2";"Unterkärntner Nachrichten Verlags GmbH";"Verteilung von Schüler-Abos";"Unterkärntner Nachrichten";Wochenzeitung;"5. Abschnitt: § 13 QJF-G";"860,00";;;;;;;;;;;;abgeschlossen;
"2024/2";"Russmedia Verlag GmbH";"Verteilung von Schüler-Abos";"Vorarlberger Nachrichten";Tageszeitung;"5. Abschnitt: § 13 QJF-G";"10364,98";;;;;;;;;;;;abgeschlossen;
"2024/2";"WOMAN GmbH & Co KG";"Verteilung von Schüler-Abos";Woman;Magazin;"5. Abschnitt: § 13 QJF-G";"1469,60";;;;;;;;;;;;abgeschlossen;
"2025";"""Die Presse"" Verlags-Gesellschaft m.b.H. & Co KG";"Ausbildung Nachwuchsjournalisten";"""Die Presse"" Unabhängige Tageszeitung für Österreich";Tageszeitung;"4. Abschnitt: § 11 QJF-G";"50000,00";;;;;;;;;;;;abgeschlossen;
"2025";"NEUE Zeitungs GmbH";"Ausbildung Nachwuchsjournalisten";"NEUE Vorarlberger Tageszeitung";Tageszeitung;"4. Abschnitt: § 11 QJF-G";"36681,00";;;;;;;;;;;;abgeschlossen;
"2025";"OÖN Redaktion GmbH & Co KG";"Ausbildung Nachwuchsjournalisten";OÖNachrichten;Tageszeitung;"4. Abschnitt: § 11 QJF-G";"50000,00";;;;;;;;;;;;abgeschlossen;
"2025";"Profil Redaktion GmbH";"Ausbildung Nachwuchsjournalisten";Profil;Wochenzeitung;"4. Abschnitt: § 11 QJF-G";"50000,00";;;;;;;;;;;;abgeschlossen;
"2025";"TIPS Zeitungs GmbH & CoKG";"Ausbildung Nachwuchsjournalisten";TIPS;Wochenzeitung;"4. Abschnitt: § 11 QJF-G";"31685,00";;;;;;;;;;;;abgeschlossen;
"2025";"Russmedia Verlag GmbH";"Ausbildung Nachwuchsjournalisten";"Vorarlberger Nachrichten";Tageszeitung;"4. Abschnitt: § 11 QJF-G";"32749,00";;;;;;;;;;;;abgeschlossen;
"2025";"STANDARD Verlagsgesellschaft m.b.H";"Berufsbegleitende Aus-und Fortbildung";"DER STANDARD";Tageszeitung;"4. Abschnitt: § 10 QJF-G";"6103,06";;;;;;;;;;;;abgeschlossen;
"2025";"OÖN Redaktion GmbH & Co KG";"Berufsbegleitende Aus-und Fortbildung";OÖNachrichten;Tageszeitung;"4. Abschnitt: § 10 QJF-G";"45,00";;;;;;;;;;;;abgeschlossen;
"2025";"Salzburger Verlagshaus GmbH";"Berufsbegleitende Aus-und Fortbildung";"Salzburger Woche";Wochenzeitung;"4. Abschnitt: § 10 QJF-G";"3065,43";;;;;;;;;;;;abgeschlossen;
"2025";"Fivemedia GmbH";"Berufsbegleitende Aus-und Fortbildung";"www.5min.at";"Online-Medium";"4. Abschnitt: § 10 QJF-G";"2016,39";;;;;;;;;;;;abgeschlossen;
"2025";"Agrar Media Verlagsges.m.b.H.";"Berufsbegleitende Aus-und Fortbildung";"Österreichische BauernZeitung";Wochenzeitung;"4. Abschnitt: § 10 QJF-G";"6625,57";;;;;;;;;;;;abgeschlossen;
"2025";"COMMIT - Community Medien Institut für Weiterbildung, Forschung und Beratung";"Einrichtungen der Aus- und Fortbildung";;;"4. Abschnitt: § 9 QJF-G";",00";;;;;;;;;;;;"Förderung abgelehnt";"Ablehnung gemäß § 1 iVm § 9 Abs. 4 Z 2 QJF-G"
"2025";"Forum Journalismus und Medien Wien - Verein Wiener Medienfortbildung";"Einrichtungen der Aus- und Fortbildung";;;"4. Abschnitt: § 9 QJF-G";"289732,13";;;;;;;;;;;;abgeschlossen;
"2025";"Friedrich Austerlitz-Institut für JournalistInnenausbildung";"Einrichtungen der Aus- und Fortbildung";;;"4. Abschnitt: § 9 QJF-G";"61937,21";;;;;;;;;;;;abgeschlossen;
"2025";"Friedrich Funder Institut für Publizistik, Medienforschung und Journalistenausbildung - Kurzbezeichnung FFI";"Einrichtungen der Aus- und Fortbildung";;;"4. Abschnitt: § 9 QJF-G";"46511,85";;;;;;;;;;;;abgeschlossen;
"2025";"Katholische Medien Akademie (KMA)";"Einrichtungen der Aus- und Fortbildung";;;"4. Abschnitt: § 9 QJF-G";"37722,58";;;;;;;;;;;;abgeschlossen;
"2025";"OÖ. Journalismusakademie";"Einrichtungen der Aus- und Fortbildung";;;"4. Abschnitt: § 9 QJF-G";"47777,23";;;;;;;;;;;;abgeschlossen;
"2025";"Österreichische Gesellschaft für Publizistik und Medienforschung";"Einrichtungen der Aus- und Fortbildung";;;"4. Abschnitt: § 9 QJF-G";"19035,31";;;;;;;;;;;;abgeschlossen;
"2025";"Österreichische Medienakademie - Ausbildungsinstitut für Journalistinnen und Journalisten";"Einrichtungen der Aus- und Fortbildung";;;"4. Abschnitt: § 9 QJF-G";"340267,87";;;;;;;;;;;;abgeschlossen;
"2025";"Tiroler Journalismusakademie";"Einrichtungen der Aus- und Fortbildung";;;"4. Abschnitt: § 9 QJF-G";"57015,82";;;;;;;;;;;;abgeschlossen;
"2025";"Verein zur Selbstkontrolle der österreichischen Presse - Österreichischer Presserat";"Förderung der Selbstkontrolle der Presse - Selbstkontrolleinrichtungen im Print- und Online-Bereich";;;"6. Abschnitt: § 14 QJF-G";"186000,00";;;;;;;;;;;;abgeschlossen;
"2025";"""Die Presse"" Verlags-Gesellschaft m.b.H. & Co KG";"Inhaltsvielfalts-Förderung";"""Die Presse"" Unabhängige Tageszeitung für Österreich";Tageszeitung;"3. Abschnitt: §§ 7, 8 QJF-G";"60580,83";"30290,40";"30290,40";;;;;;;"60580,83";;"60580,83";abgeschlossen;
"2025";"Verein zur Förderung einer Straßenzeitung in Tirol";"Inhaltsvielfalts-Förderung";"20er - Die Tiroler Strassenzeitung";Magazin;"3. Abschnitt: §§ 7, 8 QJF-G";"3879,67";"1939,85";"1939,86";;;;;;;"3879,67";"3879,67";;abgeschlossen;
"2025";"Sand und Zeit, Herausgabe und Vertrieb der Straßenzeitung AUGUSTIN";"Inhaltsvielfalts-Förderung";Augustin;Magazin;"3. Abschnitt: §§ 7, 8 QJF-G";"3713,40";"1856,70";"1856,71";;;;;;;"3713,40";"3713,40";;abgeschlossen;
"2025";"Badener Zeitungsverlag GmbH";"Inhaltsvielfalts-Förderung";"Badener Zeitung";Wochenzeitung;"3. Abschnitt: §§ 7, 8 QJF-G";"3020,60";"1510,30";"1510,31";;;;;;;"3020,60";"3020,60";;abgeschlossen;
"2025";"Bezirksblätter Burgenland Verlag GmbH";"Inhaltsvielfalts-Förderung";"Bezirksblätter Burgenland / Mein Bezirk Burgenland";Wochenzeitung;"3. Abschnitt: §§ 7, 8 QJF-G";"35748,36";"17874,20";"17874,20";;;;;;;"35748,36";"35748,36";;abgeschlossen;
"2025";"RegionalMedien Niederösterreich GmbH";"Inhaltsvielfalts-Förderung";"Bezirksblätter Niederösterreich / MeinBezirk Niederösterreich";Wochenzeitung;"3. Abschnitt: §§ 7, 8 QJF-G";"67981,64";"33990,80";"33990,80";;;;;;;"67981,64";"67981,64";;abgeschlossen;
"2025";"RegionalMedien Salzburg GmbH";"Inhaltsvielfalts-Förderung";"Bezirksblätter Salzburg / MeinBezirk Salzburg";Wochenzeitung;"3. Abschnitt: §§ 7, 8 QJF-G";"35568,23";"17784,10";"17784,10";;;;;;;"35568,23";"35568,23";;abgeschlossen;
"2025";"RegionalMedien Inntal GmbH";"Inhaltsvielfalts-Förderung";"Bezirksblätter Tirol (Schwaz, Kufstein, Kitzbühel) / MeinBezirk Tirol";Wochenzeitung;"3. Abschnitt: §§ 7, 8 QJF-G";"14950,57";"7475,30";"7475,30";;;;;;;"14950,57";"14950,57";;abgeschlossen;
"2025";"RegionalMedien Tirol GmbH";"Inhaltsvielfalts-Förderung";"Bezirksblätter Tirol / MeinBezirk Tirol";Wochenzeitung;"3. Abschnitt: §§ 7, 8 QJF-G";"49884,03";"24942,00";"24942,00";;;;;;;"49884,03";"49884,03";;abgeschlossen;
"2025";"RegionalMedien Oberösterreich GmbH";"Inhaltsvielfalts-Förderung";"BezirksRundSchau Oberösterreich";Wochenzeitung;"3. Abschnitt: §§ 7, 8 QJF-G";"53991,46";"26995,75";"26995,75";;;;;;;"53991,46";"53991,46";;abgeschlossen;
"2025";"bz Wiener Bezirkszeitung GmbH";"Inhaltsvielfalts-Förderung";"BezirksZeitung Wien / MeinBezirk Wien";Wochenzeitung;"3. Abschnitt: §§ 7, 8 QJF-G";"48075,83";"24037,90";"24037,90";;;;;;;"48075,83";"48075,83";;abgeschlossen;
"2025";"BVZ Burgenländische Volkszeitung GmbH";"Inhaltsvielfalts-Förderung";BVZ;Wochenzeitung;"3. Abschnitt: §§ 7, 8 QJF-G";"12179,38";"6089,70";"6089,70";;;;;;;"12179,38";"12179,38";;abgeschlossen;
"2025";"Zielgruppen-Zeitungsverlags GmbH";"Inhaltsvielfalts-Förderung";ChefInfo;Magazin;"3. Abschnitt: §§ 7, 8 QJF-G";"22391,22";"11195,60";"11195,60";;;;;;;"22391,22";"22391,22";;abgeschlossen;
"2025";"Media 21 GmbH";"Inhaltsvielfalts-Förderung";"der Grazer";Wochenzeitung;"3. Abschnitt: §§ 7, 8 QJF-G";"11611,29";"5805,65";"5805,65";;;;;;;"11611,29";"11611,29";;abgeschlossen;
"2025";"Wiener Dom-Verlag Gesellschaft m.b.H.";"Inhaltsvielfalts-Förderung";"Der SONNTAG";Wochenzeitung;"3. Abschnitt: §§ 7, 8 QJF-G";"3145,30";"1572,65";"1572,66";;;;;;;"3145,30";"3145,30";;abgeschlossen;
"2025";"STANDARD Verlagsgesellschaft m.b.H";"Inhaltsvielfalts-Förderung";"DER STANDARD";Tageszeitung;"3. Abschnitt: §§ 7, 8 QJF-G";"69993,35";"34996,65";"34996,65";;;;;;;"69993,35";;"69993,35";abgeschlossen;
"2025";"Falter - Zeitschriften Gesellschaft m.b.H.";"Inhaltsvielfalts-Förderung";"FALTER Die Wochenzeitung aus Wien.";Wochenzeitung;"3. Abschnitt: §§ 7, 8 QJF-G";"28363,14";"14181,55";"14181,55";;;;;;;"28363,14";"28363,14";;abgeschlossen;
"2025";"AHVV Verlags GmbH";"Inhaltsvielfalts-Förderung";HEUTE;Tageszeitung;"3. Abschnitt: §§ 7, 8 QJF-G";"138845,75";"69422,85";"69422,85";;;;;;;"138845,75";"92563,83";"46281,92";abgeschlossen;
"2025";"Kroatischer Presseverein (Hrvatsko stamparsko drustvo)";"Inhaltsvielfalts-Förderung";"Hrvatske novine";Wochenzeitung;"3. Abschnitt: §§ 7, 8 QJF-G";"5279,12";"2639,55";"2639,56";;;;;;;"5279,12";"5279,12";;abgeschlossen;
"2025";"Kirchenblatt für die Diözese St. Pölten";"Inhaltsvielfalts-Förderung";"Kirche bunt - St. Pöltner Kirchenzeitung";Wochenzeitung;"3. Abschnitt: §§ 7, 8 QJF-G";"2771,19";"1385,60";"1385,61";;;;;;;"2771,19";"2771,19";;abgeschlossen;
"2025";"Diözese Linz";"Inhaltsvielfalts-Förderung";"Kirchenzeitung Diözese Linz";Wochenzeitung;"3. Abschnitt: §§ 7, 8 QJF-G";"8355,14";"4177,55";"4177,55";;;;;;;"8355,14";"8355,14";;abgeschlossen;
"2025";"Kitzbüheler Anzeiger Gesellschaft m.b.H.";"Inhaltsvielfalts-Förderung";"Kitzbüheler Anzeiger";Wochenzeitung;"3. Abschnitt: §§ 7, 8 QJF-G";"7856,33";"3928,15";"3928,15";;;;;;;"7856,33";"7856,33";;abgeschlossen;
"2025";"Kleine Zeitung GmbH";"Inhaltsvielfalts-Förderung";"Kleine Zeitung";Tageszeitung;"3. Abschnitt: §§ 7, 8 QJF-G";"164158,41";"82079,20";"82079,20";;;;;;;"164158,41";"164158,41";;abgeschlossen;
"2025";"KRONE - Verlag Gesellschaft m.b.H. & Co. KG";"Inhaltsvielfalts-Förderung";"Kronen Zeitung";Tageszeitung;"3. Abschnitt: §§ 7, 8 QJF-G";"364698,22";"182349,10";"182349,10";;;;;;;"364698,22";"243132,15";"121566,07";abgeschlossen;
"2025";"KURIER Zeitungsverlag und Druckerei Gesellschaft m.b.H.";"Inhaltsvielfalts-Förderung";KURIER;Tageszeitung;"3. Abschnitt: §§ 7, 8 QJF-G";"239869,94";"119934,95";"119934,95";;;;;;;"239869,94";"159913,29";"79956,65";abgeschlossen;
"2025";"Kärntner Monat Zeitungs-GmbH";"Inhaltsvielfalts-Förderung";"Kärntner Monat";Magazin;"3. Abschnitt: §§ 7, 8 QJF-G";"4738,74";"2369,35";"2369,36";;;;;;;"4738,74";"4738,74";;abgeschlossen;
"2025";"""Leibnitz Aktuell"" Zeitungsverlagsgesellschaft mit beschränkter Haftung";"Inhaltsvielfalts-Förderung";"Leibnitz Aktuell";Magazin;"3. Abschnitt: §§ 7, 8 QJF-G";",00";",00";",00";;;;;;;",00";",00";;"Förderung abgelehnt";"Ablehnung gemäß § 4 Abs. 6 Z 1 iVm § 2 Z 2 QJF-G"
"2025";"NEUE Zeitungs GmbH";"Inhaltsvielfalts-Förderung";"NEUE Vorarlberger Tageszeitung";Tageszeitung;"3. Abschnitt: §§ 7, 8 QJF-G";"25938,35";"12969,15";"12969,15";;;;;;;"25938,35";"25938,35";;abgeschlossen;
"2025";"VGN Medien Holding GmbH";"Inhaltsvielfalts-Förderung";News;Wochenzeitung;"3. Abschnitt: §§ 7, 8 QJF-G";"8853,95";"4427,00";"4427,00";;;;;;;"8853,95";",00";"8853,95";abgeschlossen;
"2025";"SloMedia - Slovenski medijski center - Slowenisches Medienzentrum GmbH";"Inhaltsvielfalts-Förderung";Novice;Wochenzeitung;"3. Abschnitt: §§ 7, 8 QJF-G";"6803,27";"3401,65";"3401,66";;;;;;;"6803,27";"6803,27";;abgeschlossen;
"2025";"Niederösterreichisches Pressehaus Druck- und Verlagsgesellschaft m.b.H.";"Inhaltsvielfalts-Förderung";NÖN;Wochenzeitung;"3. Abschnitt: §§ 7, 8 QJF-G";"81254,78";"40627,40";"40627,40";;;;;;;"81254,78";"81254,78";;abgeschlossen;
"2025";"""Obersteirische Rundschau"" Medien GmbH";"Inhaltsvielfalts-Förderung";"Obersteirische Rundschau";Magazin;"3. Abschnitt: §§ 7, 8 QJF-G";"5958,06";"2979,05";"2979,06";;;;;;;"5958,06";"5958,06";;abgeschlossen;
"2025";"Neu-Media GmbH";"Inhaltsvielfalts-Förderung";Oberösterreicherin;Magazin;"3. Abschnitt: §§ 7, 8 QJF-G";"9976,29";"4988,15";"4988,15";;;;;;;"9976,29";"9976,29";;abgeschlossen;
"2025";"Mediengruppe ""Österreich"" GmbH";"Inhaltsvielfalts-Förderung";"oe24/Österreich";Tageszeitung;"3. Abschnitt: §§ 7, 8 QJF-G";"153400,99";"76700,50";"76700,50";;;;;;;"153400,99";"102267,33";"51133,66";abgeschlossen;
"2025";"Osttiroler Bote Medienunternehmen GmbH";"Inhaltsvielfalts-Förderung";"Osttiroler Bote";Wochenzeitung;"3. Abschnitt: §§ 7, 8 QJF-G";"6955,69";"3477,85";"3477,85";;;;;;;"6955,69";"6955,69";;abgeschlossen;
"2025";"OÖN Redaktion GmbH & Co KG";"Inhaltsvielfalts-Förderung";OÖNachrichten;Tageszeitung;"3. Abschnitt: §§ 7, 8 QJF-G";"80623,46";"40311,75";"40311,75";;;;;;;"80623,46";"80623,46";;abgeschlossen;
"2025";"prima! Magazin e.U.";"Inhaltsvielfalts-Förderung";"prima! Magazin";Magazin;"3. Abschnitt: §§ 7, 8 QJF-G";"2826,61";"1413,30";"1413,31";;;;;;;"2826,61";"2826,61";;abgeschlossen;
"2025";"Profil Redaktion GmbH";"Inhaltsvielfalts-Förderung";Profil;Wochenzeitung;"3. Abschnitt: §§ 7, 8 QJF-G";"20139,63";"10069,80";"10069,80";;;;;;;"20139,63";;"20139,63";abgeschlossen;
"2025";"Oberländer Rundschau GmbH";"Inhaltsvielfalts-Förderung";Rundschau;Wochenzeitung;"3. Abschnitt: §§ 7, 8 QJF-G";"17361,51";"8680,75";"8680,75";;;;;;;"17361,51";"17361,51";;abgeschlossen;
"2025";"Ordinariat der Erzdiözese Salzburg";"Inhaltsvielfalts-Förderung";"Rupertusblatt Wochenzeitung der Erzdiözese SAlzburg";Wochenzeitung;"3. Abschnitt: §§ 7, 8 QJF-G";"4655,60";"2327,80";"2327,81";;;;;;;"4655,60";"4655,60";;abgeschlossen;
"2025";"RZ Regionalzeitungs GmbH";"Inhaltsvielfalts-Förderung";"RZ Regionalzeitungen";Wochenzeitung;"3. Abschnitt: §§ 7, 8 QJF-G";"8036,45";"4018,25";"4018,25";;;;;;;"8036,45";"8036,45";;abgeschlossen;
"2025";"Salzburger Nachrichten Medien GmbH & Co.KG";"Inhaltsvielfalts-Förderung";"Salzburger Nachrichten";Tageszeitung;"3. Abschnitt: §§ 7, 8 QJF-G";"73275,48";"36637,75";"36637,75";;;;;;;"73275,48";"73275,48";;abgeschlossen;
"2025";"Salzburger Verlagshaus GmbH";"Inhaltsvielfalts-Förderung";"Salzburger Woche";Wochenzeitung;"3. Abschnitt: §§ 7, 8 QJF-G";"31286,74";"15643,35";"15643,35";;;;;;;"31286,74";"31286,74";;abgeschlossen;
"2025";"Bischöfliches Ordinariat - Diözese Graz-Seckau";"Inhaltsvielfalts-Förderung";"SONNTAGSBLATT für Steiermark";Wochenzeitung;"3. Abschnitt: §§ 7, 8 QJF-G";"10579,02";"5289,50";"5289,50";;;;;;;"10579,02";"7052,68";"3526,34";abgeschlossen;
"2025";"Die Steirerin Verlags GmbH & Co KG";"Inhaltsvielfalts-Förderung";Steirerin;Magazin;"3. Abschnitt: §§ 7, 8 QJF-G";"10433,53";"5216,75";"5216,75";;;;;;;"10433,53";"10433,53";;abgeschlossen;
"2025";"Südwind Verein für Entwicklungspolitik und globale Gerechtigkeit, Kurzform: Südwind";"Inhaltsvielfalts-Förderung";"Südwind-Magazin";Magazin;"3. Abschnitt: §§ 7, 8 QJF-G";"1447,95";"723,95";"723,96";;;;;;;"1447,95";;"1447,95";abgeschlossen;
"2025";"Comrades GmbH";"Inhaltsvielfalts-Förderung";"The Gap";Magazin;"3. Abschnitt: §§ 7, 8 QJF-G";"2771,19";"1385,60";"1385,61";;;;;;;"2771,19";"2771,19";;abgeschlossen;
"2025";"TIPS Zeitungs GmbH & CoKG";"Inhaltsvielfalts-Förderung";TIPS;Wochenzeitung;"3. Abschnitt: §§ 7, 8 QJF-G";"55915,01";"27957,50";"27957,50";;;;;;;"55915,01";"55915,01";;abgeschlossen;
"2025";"Diözese Innsbruck";"Inhaltsvielfalts-Förderung";"Tiroler Sonntag - Kirchenzeitung der Diözese Innsbruck";Wochenzeitung;"3. Abschnitt: §§ 7, 8 QJF-G";"3242,29";"1621,15";"1621,16";;;;;;;"3242,29";"3242,29";;abgeschlossen;
"2025";"Schlüsselverlag J.S. Moser GmbH";"Inhaltsvielfalts-Förderung";"Tiroler Tageszeitung";Tageszeitung;"3. Abschnitt: §§ 7, 8 QJF-G";"88807,14";"44403,55";"44403,55";;;;;;;"88807,14";"88807,14";;abgeschlossen;
"2025";"Tirolerin Verlags GmbH";"Inhaltsvielfalts-Förderung";Tirolerin;Magazin;"3. Abschnitt: §§ 7, 8 QJF-G";"10918,49";"5459,25";"5459,25";;;;;;;"10918,49";"10918,49";;abgeschlossen;
"2025";"Rieder Magazin Verlags Gesellschaft m.b.H";"Inhaltsvielfalts-Förderung";"Unser Magazin DIE POSITIVE GRATISZEITUNG";Wochenzeitung;"3. Abschnitt: §§ 7, 8 QJF-G";"3935,09";"1967,55";"1967,56";;;;;;;"3935,09";"3935,09";;abgeschlossen;
"2025";"Unterkärntner Nachrichten Verlags GmbH";"Inhaltsvielfalts-Förderung";"Unterkärntner Nachrichten";Wochenzeitung;"3. Abschnitt: §§ 7, 8 QJF-G";"4156,79";"2078,40";"2078,41";;;;;;;"4156,79";"4156,79";;abgeschlossen;
"2025";"Diözese Feldkirch";"Inhaltsvielfalts-Förderung";"Vorarlberger KirchenBlatt";Wochenzeitung;"3. Abschnitt: §§ 7, 8 QJF-G";"2909,75";"1454,90";"1454,91";;;;;;;"2909,75";"2909,75";;abgeschlossen;
"2025";"Russmedia Verlag GmbH";"Inhaltsvielfalts-Förderung";"Vorarlberger Nachrichten";Tageszeitung;"3. Abschnitt: §§ 7, 8 QJF-G";"73180,22";"36590,10";"36590,10";;;;;;;"73180,22";"73180,22";;abgeschlossen;
"2025";"Russmedia GmbH";"Inhaltsvielfalts-Förderung";Vorarlbergerin;Magazin;"3. Abschnitt: §§ 7, 8 QJF-G";"5057,42";"2528,70";"2528,71";;;;;;;"5057,42";"5057,42";;abgeschlossen;
"2025";"vormagazin ges.m.b.h.";"Inhaltsvielfalts-Förderung";vormagazin;Magazin;"3. Abschnitt: §§ 7, 8 QJF-G";"6830,99";"3415,50";"3415,51";;;;;;;"6830,99";"6830,99";;abgeschlossen;
"2025";"Weekend Magazin GmbH";"Inhaltsvielfalts-Förderung";"Weekend Magazin OÖ";Magazin;"3. Abschnitt: §§ 7, 8 QJF-G";"44778,98";"22389,50";"22389,50";;;;;;;"44778,98";"44778,98";;abgeschlossen;
"2025";"Wiener Bezirksblatt GmbH";"Inhaltsvielfalts-Förderung";"Wiener Bezirksblatt";Magazin;"3. Abschnitt: §§ 7, 8 QJF-G";"12775,19";"6387,60";"6387,60";;;;;;;"12775,19";"12775,19";;abgeschlossen;
"2025";"Life Style Projekt GmbH";"Inhaltsvielfalts-Förderung";Wienerin;Magazin;"3. Abschnitt: §§ 7, 8 QJF-G";"5874,92";"2937,45";"2937,46";;;;;;;"5874,92";"5874,92";;abgeschlossen;
"2025";"RMK Regionalmedien Kärnten GmbH";"Inhaltsvielfalts-Förderung";"Woche Kärnten / MeinBezirk Kärnten";Wochenzeitung;"3. Abschnitt: §§ 7, 8 QJF-G";"48652,58";"24326,30";"24326,30";;;;;;;"48652,58";"48652,58";;abgeschlossen;
"2025";"Wochenzeitungs GmbH Steiermark";"Inhaltsvielfalts-Förderung";"WOCHE Steiermark / MeinBezirk Steiermark";Wochenzeitung;"3. Abschnitt: §§ 7, 8 QJF-G";"59158,86";"29579,45";"29579,45";;;;;;;"59158,86";"59158,86";;abgeschlossen;
"2025";"Weizer Zeitung Gesellschaft m.b.H. & Co KG";"Inhaltsvielfalts-Förderung";"WOCHE Weiz/Birkfeld, Gleisdorf / MeinBezirk Steiermark";Wochenzeitung;"3. Abschnitt: §§ 7, 8 QJF-G";"7038,82";"3519,40";"3519,40";;;;;;;"7038,82";"7038,82";;abgeschlossen;
"2025";"Fivemedia GmbH";"Inhaltsvielfalts-Förderung";"www.5min.at";"Online-Medium";"3. Abschnitt: §§ 7, 8 QJF-G";"22141,81";"11070,90";"11070,90";;;;;;;"22141,81";"22141,81";;abgeschlossen;
"2025";"SALZBURG24 GmbH";"Inhaltsvielfalts-Förderung";"www.salzburg24.at";"Online-Medium";"3. Abschnitt: §§ 7, 8 QJF-G";"10350,40";"5175,20";"5175,20";;;;;;;"10350,40";"10350,40";;abgeschlossen;
"2025";"Agrar Media Verlagsgesellschaft mbH";"Inhaltsvielfalts-Förderung";"Österreichische BauernZeitung";Wochenzeitung;"3. Abschnitt: §§ 7, 8 QJF-G";"10045,57";"5022,80";"5022,80";;;;;;;"10045,57";"10045,57";;abgeschlossen;
"2025";"""Die Presse"" Verlags-Gesellschaft m.b.H. & Co KG";"Journalismus-Förderung";"""Die Presse"" Unabhängige Tageszeitung für Österreich";Tageszeitung;"2. Abschnitt: § 6 QJF-G";"743301,67";"371650,85";"371650,85";"571770,51";"171531,15";"57177,05";"57177,05";"57177,05";;;;;abgeschlossen;
"2025";"Verein zur Förderung einer Straßenzeitung in Tirol";"Journalismus-Förderung";"20er - Die Tiroler Strassenzeitung";Magazin;"2. Abschnitt: § 6 QJF-G";"18308,43";"9154,20";"9154,21";"18308,43";;;;;;;;;abgeschlossen;
"2025";"Camu Camu Media GmbH";"Journalismus-Förderung";APONOVUM;Magazin;"2. Abschnitt: § 6 QJF-G";",00";",00";",00";",00";;;;;;;;;"Förderung abgelehnt";"Ablehnung gemäß § 4 Abs 1 Z 1 QJF-G"
"2025";"Sand und Zeit, Herausgabe und Vertrieb der Straßenzeitung AUGUSTIN";"Journalismus-Förderung";Augustin;Magazin;"2. Abschnitt: § 6 QJF-G";"21028,54";"10514,25";"10514,26";"17523,78";"3504,76";"1752,38";;;"1752,38";;;;abgeschlossen;
"2025";"Badener Zeitungsverlag GmbH";"Journalismus-Förderung";"Badener Zeitung";Wochenzeitung;"2. Abschnitt: § 6 QJF-G";"14254,42";"7127,20";"7127,21";"14254,42";;;;;;;;;abgeschlossen;
"2025";"Bezirksblätter Burgenland Verlag GmbH";"Journalismus-Förderung";"Bezirksblätter Burgenland / Mein Bezirk Burgenland";Wochenzeitung;"2. Abschnitt: § 6 QJF-G";"236178,70";"118089,35";"118089,35";"168699,07";"67479,63";"16869,91";"16869,91";"16869,91";"16869,91";;;;abgeschlossen;
"2025";"RegionalMedien Niederösterreich GmbH";"Journalismus-Förderung";"Bezirksblätter Niederösterreich / MeinBezirk Niederösterreich";Wochenzeitung;"2. Abschnitt: § 6 QJF-G";"449134,30";"224567,15";"224567,15";"320810,21";"128324,09";"32081,02";"32081,02";"32081,02";"32081,02";;;;abgeschlossen;
"2025";"RegionalMedien Salzburg GmbH";"Journalismus-Förderung";"Bezirksblätter Salzburg / MeinBezirk Salzburg";Wochenzeitung;"2. Abschnitt: § 6 QJF-G";"234988,65";"117494,30";"117494,30";"167849,04";"67139,61";"16784,90";"16784,90";"16784,90";"16784,90";;;;abgeschlossen;
"2025";"RegionalMedien Inntal GmbH";"Journalismus-Förderung";"Bezirksblätter Tirol (Schwaz, Kufstein, Kitzbühel) / MeinBezirk Tirol";Wochenzeitung;"2. Abschnitt: § 6 QJF-G";"98773,96";"49387,00";"49387,00";"70552,83";"28221,13";"7055,28";"7055,28";"7055,28";"7055,28";;;;abgeschlossen;
"2025";"RegionalMedien Tirol GmbH";"Journalismus-Förderung";"Bezirksblätter Tirol / MeinBezirk Tirol";Wochenzeitung;"2. Abschnitt: § 6 QJF-G";"329568,83";"164784,40";"164784,40";"235406,31";"94162,52";"23540,63";"23540,63";"23540,63";"23540,63";;;;abgeschlossen;
"2025";"RegionalMedien Oberösterreich GmbH";"Journalismus-Förderung";"BezirksRundSchau Oberösterreich";Wochenzeitung;"2. Abschnitt: § 6 QJF-G";"331226,40";"165613,20";"165613,20";"254789,54";"76436,86";;"25478,95";"25478,95";"25478,95";;;;abgeschlossen;
"2025";"bz Wiener Bezirkszeitung GmbH";"Journalismus-Förderung";"BezirksZeitung Wien / MeinBezirk Wien";Wochenzeitung;"2. Abschnitt: § 6 QJF-G";"317622,59";"158811,30";"158811,30";"226873,28";"90749,31";"22687,33";"22687,33";"22687,33";"22687,33";;;;abgeschlossen;
"2025";"BVZ Burgenländische Volkszeitung GmbH";"Journalismus-Förderung";BVZ;Wochenzeitung;"2. Abschnitt: § 6 QJF-G";"80465,53";"40232,75";"40232,75";"57475,38";"22990,15";"5747,54";"5747,54";"5747,54";"5747,54";;;;abgeschlossen;
"2025";"Zielgruppen-Zeitungsverlags GmbH";"Journalismus-Förderung";ChefInfo;Magazin;"2. Abschnitt: § 6 QJF-G";"126798,93";"63399,45";"63399,45";"105665,77";"21133,15";"10566,58";"10566,58";;;;;;abgeschlossen;
"2025";"Media 21 GmbH";"Journalismus-Förderung";"der Grazer";Wochenzeitung;"2. Abschnitt: § 6 QJF-G";"76712,31";"38356,15";"38356,15";"54794,50";"21917,80";"5479,45";"5479,45";"5479,45";"5479,45";;;;abgeschlossen;
"2025";"Wiener Dom-Verlag Gesellschaft m.b.H.";"Journalismus-Förderung";"Der SONNTAG";Wochenzeitung;"2. Abschnitt: § 6 QJF-G";"14842,90";"7421,45";"7421,46";"14842,90";;;;;;;;;abgeschlossen;
"2025";"STANDARD Verlagsgesellschaft m.b.H";"Journalismus-Förderung";"DER STANDARD";Tageszeitung;"2. Abschnitt: § 6 QJF-G";"924850,15";"462425,05";"462425,05";"660607,25";"264242,90";"66060,72";"66060,72";"66060,72";"66060,72";;;;abgeschlossen;
"2025";"Die Furche-Zeitschriften-Betriebsgesellschaft m.b.H & Co KG";"Journalismus-Förderung";"DIE FURCHE";Wochenzeitung;"2. Abschnitt: § 6 QJF-G";"77310,60";"38655,30";"38655,30";"59469,69";"17840,91";;"5946,97";"5946,97";"5946,97";;;;abgeschlossen;
"2025";"Dossier GmbH";"Journalismus-Förderung";"DOSSIER Magazin";Magazin;"2. Abschnitt: § 6 QJF-G";"23617,87";"11808,95";"11808,96";"16869,91";"6747,96";"1686,99";"1686,99";"1686,99";"1686,99";;;;abgeschlossen;
"2025";"Falter - Zeitschriften Gesellschaft m.b.H.";"Journalismus-Förderung";"FALTER Die Wochenzeitung aus Wien.";Wochenzeitung;"2. Abschnitt: § 6 QJF-G";"147232,44";"73616,20";"73616,20";"133847,67";"13384,77";;"13384,77";;;;;;abgeschlossen;
"2025";"Wailand und Waldstein Gesellschaft m.b.H.";"Journalismus-Förderung";GEWINN;Magazin;"2. Abschnitt: § 6 QJF-G";"47902,69";"23951,35";"23951,35";"43547,90";"4354,79";"4354,79";;;;;;;abgeschlossen;
"2025";"AHVV Verlags GmbH";"Journalismus-Förderung";HEUTE;Tageszeitung;"2. Abschnitt: § 6 QJF-G";"524178,41";"262089,20";"262089,20";"436815,35";"87363,07";;"43681,53";"43681,53";;;;;abgeschlossen;
"2025";"Kroatischer Presseverein (Hrvatsko stamparsko drustvo)";"Journalismus-Förderung";"Hrvatske novine";Wochenzeitung;"2. Abschnitt: § 6 QJF-G";"24912,54";"12456,25";"12456,26";"24912,54";;;;;;;;;abgeschlossen;
"2025";"Kirchenblatt für die Diözese St. Pölten";"Journalismus-Förderung";"Kirche bunt - St. Pöltner Kirchenzeitung";Wochenzeitung;"2. Abschnitt: § 6 QJF-G";"13077,45";"6538,70";"6538,71";"13077,45";;;;;;;;;abgeschlossen;
"2025";"Diözese Linz";"Journalismus-Förderung";"Kirchenzeitung Diözese Linz";Wochenzeitung;"2. Abschnitt: § 6 QJF-G";"43371,35";"21685,70";"21685,70";"39428,50";"3942,85";"3942,85";;;;;;;abgeschlossen;
"2025";"Kitzbüheler Anzeiger Gesellschaft m.b.H.";"Journalismus-Förderung";"Kitzbüheler Anzeiger";Wochenzeitung;"2. Abschnitt: § 6 QJF-G";"40782,02";"20391,00";"20391,00";"37074,56";"3707,46";"3707,46";",00";",00";",00";;;;abgeschlossen;
"2025";"Kleine Zeitung GmbH";"Journalismus-Förderung";"Kleine Zeitung";Tageszeitung;"2. Abschnitt: § 6 QJF-G";"1007077,87";"503538,95";"503538,95";"774675,28";"232402,58";"77467,53";"77467,53";"77467,53";;;;;abgeschlossen;
"2025";"Twist Zeitschriften Verlag GmbH";"Journalismus-Förderung";Kosmo;Magazin;"2. Abschnitt: § 6 QJF-G";"32039,75";"16019,85";"16019,86";"32039,75";;;;;;;;;abgeschlossen;
"2025";"KRONE - Verlag Gesellschaft m.b.H. & Co. KG";"Journalismus-Förderung";"Kronen Zeitung";Tageszeitung;"2. Abschnitt: § 6 QJF-G";"1491565,41";"745782,70";"745782,70";"1147358,01";"344207,40";"114735,80";"114735,80";",00";"114735,80";;;;abgeschlossen;
"2025";"KURIER Zeitungsverlag und Druckerei Gesellschaft m.b.H.";"Journalismus-Förderung";KURIER;Tageszeitung;"2. Abschnitt: § 6 QJF-G";"1056499,17";"528249,60";"528249,60";"754642,27";"301856,91";"75464,23";"75464,23";"75464,23";"75464,23";;;;abgeschlossen;
"2025";"Kärntner Monat Zeitungs-GmbH";"Journalismus-Förderung";"Kärntner Monat";Magazin;"2. Abschnitt: § 6 QJF-G";"24598,68";"12299,35";"12299,36";"22362,43";"2236,24";;;;"2236,24";;;;abgeschlossen;
"2025";"""Leibnitz Aktuell"" Zeitungsverlagsgesellschaft mit beschränkter Haftung";"Journalismus-Förderung";"Leibnitz Aktuell";Magazin;"2. Abschnitt: § 6 QJF-G";",00";",00";",00";",00";",00";",00";;;;;;;"Förderung abgelehnt";"Ablehnung gemäß § 4 Abs. 6 Z 1 iVm § 2 Z 2 QJF-G"
"2025";"NEUE Zeitungs GmbH";"Journalismus-Förderung";"NEUE Vorarlberger Tageszeitung";Tageszeitung;"2. Abschnitt: § 6 QJF-G";"171366,87";"85683,45";"85683,45";"122404,91";"48961,96";"12240,49";"12240,49";"12240,49";"12240,49";;;;abgeschlossen;
"2025";"VGN Medien Holding GmbH";"Journalismus-Förderung";News;Wochenzeitung;"2. Abschnitt: § 6 QJF-G";"108634,35";"54317,20";"54317,20";"83564,89";"25069,47";;"8356,49";"8356,49";"8356,49";;;;abgeschlossen;
"2025";"SloMedia - Slovenski medijski center - Slowenisches Medienzentrum GmbH";"Journalismus-Förderung";Novice;Wochenzeitung;"2. Abschnitt: § 6 QJF-G";"32105,13";"16052,55";"16052,56";"32105,13";;;;;;;;;abgeschlossen;
"2025";"Niederösterreichisches Pressehaus Druck- und Verlagsgesellschaft m.b.H.";"Journalismus-Förderung";NÖN;Wochenzeitung;"2. Abschnitt: § 6 QJF-G";"536825,94";"268412,95";"268412,95";"383447,10";"153378,84";"38344,71";"38344,71";"38344,71";"38344,71";;;;abgeschlossen;
"2025";"""Obersteirische Rundschau"" Medien GmbH";"Journalismus-Förderung";"Obersteirische Rundschau";Magazin;"2. Abschnitt: § 6 QJF-G";"30928,16";"15464,10";"15464,11";"28116,51";"2811,65";"2811,65";;;;;;;abgeschlossen;
"2025";"Neu-Media GmbH";"Journalismus-Förderung";Oberösterreicherin;Magazin;"2. Abschnitt: § 6 QJF-G";"51786,69";"25893,35";"25893,35";"47078,81";"4707,88";;;;"4707,88";;;;abgeschlossen;
"2025";"Mediengruppe ""Österreich"" GmbH";"Journalismus-Förderung";"oe24/Österreich";Tageszeitung;"2. Abschnitt: § 6 QJF-G";"675649,58";"337824,80";"337824,80";"482606,84";"193042,74";"48260,68";"48260,68";"48260,68";"48260,68";;;;abgeschlossen;
"2025";"Osttiroler Bote Medienunternehmen GmbH";"Journalismus-Förderung";"Osttiroler Bote";Wochenzeitung;"2. Abschnitt: § 6 QJF-G";"32824,39";"16412,20";"16412,20";"32824,39";;;;;;;;;abgeschlossen;
"2025";"OÖN Redaktion GmbH & Co KG";"Journalismus-Förderung";OÖNachrichten;Tageszeitung;"2. Abschnitt: § 6 QJF-G";"532655,05";"266327,55";"266327,55";"380467,89";"152187,16";"38046,79";"38046,79";"38046,79";"38046,79";;;;abgeschlossen;
"2025";"prima! Magazin e.U.";"Journalismus-Förderung";"prima! Magazin";Magazin;"2. Abschnitt: § 6 QJF-G";"18674,59";"9337,30";"9337,31";"13339,00";"5335,60";"1333,90";"1333,90";"1333,90";"1333,90";;;;abgeschlossen;
"2025";"Profil Redaktion GmbH";"Journalismus-Förderung";Profil;Wochenzeitung;"2. Abschnitt: § 6 QJF-G";"266112,97";"133056,50";"133056,50";"190080,70";"76032,28";"19008,07";"19008,07";"19008,07";"19008,07";;;;abgeschlossen;
"2025";"Oberländer Rundschau GmbH";"Journalismus-Förderung";Rundschau;Wochenzeitung;"2. Abschnitt: § 6 QJF-G";"114702,29";"57351,15";"57351,15";"81930,21";"32772,08";"8193,02";"8193,02";"8193,02";"8193,02";;;;abgeschlossen;
"2025";"Ordinariat der Erzdiözese Salzburg";"Journalismus-Förderung";"Rupertusblatt Wochenzeitung der Erzdiözese SAlzburg";Wochenzeitung;"2. Abschnitt: § 6 QJF-G";"21970,11";"10985,05";"10985,06";"21970,11";;;;;;;;;abgeschlossen;
"2025";"RZ Regionalzeitungs GmbH";"Journalismus-Förderung";"RZ Regionalzeitungen";Wochenzeitung;"2. Abschnitt: § 6 QJF-G";"53094,44";"26547,20";"26547,20";"37924,60";"15169,84";"3792,46";"3792,46";"3792,46";"3792,46";;;;abgeschlossen;
"2025";"Salzburger Nachrichten Medien GmbH & Co.KG";"Journalismus-Förderung";"Salzburger Nachrichten";Tageszeitung;"2. Abschnitt: § 6 QJF-G";"414950,67";"207475,35";"207475,35";"345792,23";"69158,45";;"34579,22";"34579,22";;;;;abgeschlossen;
"2025";"Salzburger Verlagshaus GmbH";"Journalismus-Förderung";"Salzburger Woche";Wochenzeitung;"2. Abschnitt: § 6 QJF-G";"147644,38";"73822,20";"73822,20";"147644,38";;;;;;;;;abgeschlossen;
"2025";"CRM Medientrend GmbH";"Journalismus-Förderung";"schau Magazin";Magazin;"2. Abschnitt: § 6 QJF-G";"31320,49";"15660,25";"15660,26";"31320,49";;;;;;;;;abgeschlossen;
"2025";"Bischöfliches Ordinariat - Diözese Graz-Seckau";"Journalismus-Förderung";"SONNTAGSBLATT für Steiermark";Wochenzeitung;"2. Abschnitt: § 6 QJF-G";"33282,10";"16641,05";"16641,05";"33282,10";;;;;;;;;abgeschlossen;
"2025";"Die Steirerin Verlags GmbH & Co KG";"Journalismus-Förderung";Steirerin;Magazin;"2. Abschnitt: § 6 QJF-G";"54160,25";"27080,10";"27080,10";"49236,59";"4923,66";;;;"4923,66";;;;abgeschlossen;
"2025";"Südwind Verein für Entwicklungspolitik und globale Gerechtigkeit, Kurzform: Südwind";"Journalismus-Förderung";"Südwind-Magazin";Magazin;"2. Abschnitt: § 6 QJF-G";"19132,31";"9566,15";"9566,16";"13665,93";"5466,37";"1366,59";"1366,59";"1366,59";"1366,59";;;;abgeschlossen;
"2025";"Comrades GmbH";"Journalismus-Förderung";"The Gap";Magazin;"2. Abschnitt: § 6 QJF-G";"14385,19";"7192,60";"7192,61";"13077,45";"1307,74";"1307,74";;;;;;;abgeschlossen;
"2025";"TIPS Zeitungs GmbH & CoKG";"Journalismus-Förderung";TIPS;Wochenzeitung;"2. Abschnitt: § 6 QJF-G";"369413,69";"184706,85";"184706,85";"263866,92";"105546,77";"26386,69";"26386,69";"26386,69";"26386,69";;;;abgeschlossen;
"2025";"Diözese Innsbruck";"Journalismus-Förderung";"Tiroler Sonntag - Kirchenzeitung der Diözese Innsbruck";Wochenzeitung;"2. Abschnitt: § 6 QJF-G";"15300,61";"7650,30";"7650,31";"15300,61";;;;;;;;;abgeschlossen;
"2025";"Schlüsselverlag J.S. Moser GmbH";"Journalismus-Förderung";"Tiroler Tageszeitung";Tageszeitung;"2. Abschnitt: § 6 QJF-G";"544813,40";"272406,70";"272406,70";"419087,23";"125726,17";;"41908,72";"41908,72";"41908,72";;;;abgeschlossen;
"2025";"Tirolerin Verlags GmbH";"Journalismus-Förderung";Tirolerin;Magazin;"2. Abschnitt: § 6 QJF-G";"56677,66";"28338,85";"28338,85";"51525,14";"5152,51";;;;"5152,51";;;;abgeschlossen;
"2025";"VGN Medien Holding GmbH";"Journalismus-Förderung";Trend;Magazin;"2. Abschnitt: § 6 QJF-G";"91208,66";"45604,35";"45604,35";"70160,50";"21048,15";;"7016,05";"7016,05";"7016,05";;;;abgeschlossen;
"2025";"VGN Medien Holding GmbH";"Journalismus-Förderung";"TV Media";Wochenzeitung;"2. Abschnitt: § 6 QJF-G";"122064,89";"61032,45";"61032,45";"93896,07";"28168,82";;"9389,61";"9389,61";"9389,61";;;;abgeschlossen;
"2025";"Rieder Magazin Verlags Gesellschaft m.b.H";"Journalismus-Förderung";"Unser Magazin DIE POSITIVE GRATISZEITUNG";Wochenzeitung;"2. Abschnitt: § 6 QJF-G";"22283,97";"11142,00";"11142,01";"18569,98";"3714,00";;"1857,00";"1857,00";;;;;abgeschlossen;
"2025";"Unterkärntner Nachrichten Verlags GmbH";"Journalismus-Förderung";"Unterkärntner Nachrichten";Wochenzeitung;"2. Abschnitt: § 6 QJF-G";"19616,17";"9808,10";"9808,11";"19616,17";;;;;;;;;abgeschlossen;
"2025";"Diözese Feldkirch";"Journalismus-Förderung";"Vorarlberger KirchenBlatt";Wochenzeitung;"2. Abschnitt: § 6 QJF-G";"13731,32";"6865,65";"6865,66";"13731,32";;;;;;;;;abgeschlossen;
"2025";"Russmedia Verlag GmbH";"Journalismus-Förderung";"Vorarlberger Nachrichten";Tageszeitung;"2. Abschnitt: § 6 QJF-G";"483479,76";"241739,90";"241739,90";"345342,69";"138137,08";"34534,27";"34534,27";"34534,27";"34534,27";;;;abgeschlossen;
"2025";"Russmedia GmbH";"Journalismus-Förderung";Vorarlbergerin;Magazin;"2. Abschnitt: § 6 QJF-G";"33412,88";"16706,45";"16706,45";"23866,34";"9546,54";"2386,63";"2386,63";"2386,63";"2386,63";;;;abgeschlossen;
"2025";"vormagazin ges.m.b.h.";"Journalismus-Förderung";vormagazin;Magazin;"2. Abschnitt: § 6 QJF-G";"41906,68";"20953,35";"20953,35";"32235,91";"9670,77";"3223,59";"3223,59";"3223,59";;;;;abgeschlossen;
"2025";"Wald Verlags GmbH";"Journalismus-Förderung";"Wald Magazin";Magazin;"2. Abschnitt: § 6 QJF-G";"39938,52";"19969,25";"19969,25";"33282,10";"6656,42";"3328,21";;;"3328,21";;;;abgeschlossen;
"2025";"Weekend Magazin GmbH";"Journalismus-Förderung";"Weekend Magazin OÖ";Magazin;"2. Abschnitt: § 6 QJF-G";"253578,24";"126789,10";"126789,10";"211315,20";"42263,04";"21131,52";"21131,52";;;;;;abgeschlossen;
"2025";"Wiener Bezirksblatt GmbH";"Journalismus-Förderung";"Wiener Bezirksblatt";Magazin;"2. Abschnitt: § 6 QJF-G";"78373,14";"39186,55";"39186,55";"60287,03";"18086,11";"6028,70";"6028,70";"6028,70";;;;;abgeschlossen;
"2025";"Life Style Projekt GmbH";"Journalismus-Förderung";Wienerin;Magazin;"2. Abschnitt: § 6 QJF-G";"30496,61";"15248,30";"15248,31";"27724,19";"2772,42";;;;"2772,42";;;;abgeschlossen;
"2025";"RMK Regionalmedien Kärnten GmbH";"Journalismus-Förderung";"Woche Kärnten / MeinBezirk Kärnten";Wochenzeitung;"2. Abschnitt: § 6 QJF-G";"321433,03";"160716,50";"160716,50";"229595,02";"91838,01";"22959,50";"22959,50";"22959,50";"22959,50";;;;abgeschlossen;
"2025";"Wochenzeitungs GmbH Steiermark";"Journalismus-Förderung";"WOCHE Steiermark / MeinBezirk Steiermark";Wochenzeitung;"2. Abschnitt: § 6 QJF-G";"390844,85";"195422,40";"195422,40";"279174,89";"111669,96";"27917,49";"27917,49";"27917,49";"27917,49";;;;abgeschlossen;
"2025";"Weizer Zeitung Gesellschaft m.b.H. & Co KG";"Journalismus-Förderung";"WOCHE Weiz/Birkfeld, Gleisdorf / MeinBezirk Steiermark";Wochenzeitung;"2. Abschnitt: § 6 QJF-G";"46503,40";"23251,70";"23251,70";"33216,72";"13286,69";"3321,67";"3321,67";"3321,67";"3321,67";;;;abgeschlossen;
"2025";"WOMAN GmbH & Co KG";"Journalismus-Förderung";Woman;Magazin;"2. Abschnitt: § 6 QJF-G";"123764,96";"61882,50";"61882,50";"95203,82";"28561,14";;"9520,38";"9520,38";"9520,38";;;;abgeschlossen;
"2025";"Fivemedia GmbH";"Journalismus-Förderung";"www.5min.at";"Online-Medium";"2. Abschnitt: § 6 QJF-G";"146284,32";"73142,15";"73142,15";"104488,80";"41795,52";"10448,88";"10448,88";"10448,88";"10448,88";;;;abgeschlossen;
"2025";"web eXXpress Medien Holding GmbH";"Journalismus-Förderung";"www.exxpress.at";"Online-Medium";"2. Abschnitt: § 6 QJF-G";"41259,35";"20629,65";"20629,65";"41259,35";;;;;;;;;abgeschlossen;
"2025";"SALZBURG24 GmbH";"Journalismus-Förderung";"www.salzburg24.at";"Online-Medium";"2. Abschnitt: § 6 QJF-G";"63497,55";"31748,75";"31748,75";"48844,27";"14653,28";;"4884,43";"4884,43";"4884,43";;;;abgeschlossen;
"2025";"Agrar Media Verlagsgesellschaft mbH";"Journalismus-Förderung";"Österreichische BauernZeitung";Wochenzeitung;"2. Abschnitt: § 6 QJF-G";"47405,75";"23702,85";"23702,85";"47405,75";;;;;;;;;abgeschlossen;
"2025";"Medienhaus Wien - Forschung und Weiterbildung GmbH";Medienforschungsprojekte;;;"6. Abschnitt: § 16 QJF-G";"50000,00";;;;;;;;;;;;abgeschlossen;
"2025";"Digitaler Kompass - Institut für Nachrichtenkompetenz und digitale Bildung";"Medienpädagogikeinrichtungen";;;"5. Abschnitt: § 12 QJF-G";"140307,21";;;;;;;;;;;;abgeschlossen;
"2025";"MISCHA - Medien in Schule und Ausbildung, Verein zur Förderung der Nutzung von Zeitungen in der schulischen Ausbildung";"Medienpädagogikeinrichtungen";;;"5. Abschnitt: § 12 QJF-G";"209005,00";;;;;;;;;;;;abgeschlossen;
"2025";"Klub der Wirtschaftspublizisten";Presseclubs;;;"6. Abschnitt: § 15 QJF-G";"4353,33";;;;;;;;;;;;abgeschlossen;
"2025";"OÖ Presseclub";Presseclubs;;;"6. Abschnitt: § 15 QJF-G";"12577,09";;;;;;;;;;;;abgeschlossen;
"2025";"Österreichischer Journalisten Club";Presseclubs;;;"6. Abschnitt: § 15 QJF-G";"5749,10";;;;;;;;;;;;abgeschlossen;
"2025";"Presseclub Concordia - Vereinigung österreichischer Journalisten und Schriftsteller";Presseclubs;;;"6. Abschnitt: § 15 QJF-G";"27121,63";;;;;;;;;;;;abgeschlossen;
"2025";"Steirischer Presseclub";Presseclubs;;;"6. Abschnitt: § 15 QJF-G";"7695,81";;;;;;;;;;;;abgeschlossen;
"2025";"Verband der Auslandspresse in Wien";Presseclubs;;;"6. Abschnitt: § 15 QJF-G";"5003,04";;;;;;;;;;;;abgeschlossen;
"2025";"""Die Presse"" Verlags-Gesellschaft m.b.H. & Co KG";"Verteilung von Schüler-Abos";"""Die Presse"" Unabhängige Tageszeitung für Österreich";Tageszeitung;"5. Abschnitt: § 13 QJF-G";"31600,00";;;;;;;;;;;;abgeschlossen;
"2025";"BVZ Burgenländische Volkszeitung GmbH";"Verteilung von Schüler-Abos";BVZ;Wochenzeitung;"5. Abschnitt: § 13 QJF-G";"295,68";;;;;;;;;;;;abgeschlossen;
"2025";"STANDARD Verlagsgesellschaft m.b.H";"Verteilung von Schüler-Abos";"DER STANDARD";Tageszeitung;"5. Abschnitt: § 13 QJF-G";"31600,00";;;;;;;;;;;;abgeschlossen;
"2025";"Die Furche-Zeitschriften-Betriebsgesellschaft m.b.H & Co KG";"Verteilung von Schüler-Abos";"DIE FURCHE";Wochenzeitung;"5. Abschnitt: § 13 QJF-G";"31600,00";;;;;;;;;;;;abgeschlossen;
"2025";"Falter - Zeitschriften Gesellschaft m.b.H.";"Verteilung von Schüler-Abos";"FALTER Die Wochenzeitung aus Wien.";Wochenzeitung;"5. Abschnitt: § 13 QJF-G";"18800,10";;;;;;;;;;;;abgeschlossen;
"2025";"Kroatischer Presseverein (Hrvatsko stamparsko drustvo)";"Verteilung von Schüler-Abos";"Hrvatske novine";Wochenzeitung;"5. Abschnitt: § 13 QJF-G";"614,72";;;;;;;;;;;;abgeschlossen;
"2025";"Diözese Linz";"Verteilung von Schüler-Abos";"Kirchenzeitung Diözese Linz";Wochenzeitung;"5. Abschnitt: § 13 QJF-G";"484,80";;;;;;;;;;;;abgeschlossen;
"2025";"Kitzbüheler Anzeiger Gesellschaft m.b.H.";"Verteilung von Schüler-Abos";"Kitzbüheler Anzeiger";Wochenzeitung;"5. Abschnitt: § 13 QJF-G";"710,60";;;;;;;;;;;;abgeschlossen;
"2025";"Kleine Zeitung GmbH";"Verteilung von Schüler-Abos";"Kleine Kinderzeitung";Wochenzeitung;"5. Abschnitt: § 13 QJF-G";"9982,47";;;;;;;;;;;;abgeschlossen;
"2025";"Kleine Zeitung GmbH & Co KG";"Verteilung von Schüler-Abos";"Kleine Zeitung";Tageszeitung;"5. Abschnitt: § 13 QJF-G";"25808,48";;;;;;;;;;;;abgeschlossen;
"2025";"KRONE - Verlag Gesellschaft m.b.H. & Co. KG";"Verteilung von Schüler-Abos";"Kronen Zeitung";Tageszeitung;"5. Abschnitt: § 13 QJF-G";"31600,00";;;;;;;;;;;;abgeschlossen;
"2025";"KURIER Zeitungsverlag und Druckerei Gesellschaft m.b.H.";"Verteilung von Schüler-Abos";KURIER;Tageszeitung;"5. Abschnitt: § 13 QJF-G";"31600,00";;;;;;;;;;;;abgeschlossen;
"2025";"NEUE Zeitungs GmbH";"Verteilung von Schüler-Abos";"NEUE Vorarlberger Tageszeitung";Tageszeitung;"5. Abschnitt: § 13 QJF-G";"733,36";;;;;;;;;;;;abgeschlossen;
"2025";"VGN Medien Holding GmbH";"Verteilung von Schüler-Abos";News;Wochenzeitung;"5. Abschnitt: § 13 QJF-G";"2285,55";;;;;;;;;;;;abgeschlossen;
"2025";"Niederösterreichisches Pressehaus Druck- und Verlagsgesellschaft m.b.H.";"Verteilung von Schüler-Abos";NÖN;Wochenzeitung;"5. Abschnitt: § 13 QJF-G";"5837,83";;;;;;;;;;;;abgeschlossen;
"2025";"OÖN Redaktion GmbH & Co KG";"Verteilung von Schüler-Abos";OÖNachrichten;Tageszeitung;"5. Abschnitt: § 13 QJF-G";"31600,00";;;;;;;;;;;;abgeschlossen;
"2025";"Profil Redaktion GmbH";"Verteilung von Schüler-Abos";Profil;Wochenzeitung;"5. Abschnitt: § 13 QJF-G";"13313,97";;;;;;;;;;;;abgeschlossen;
"2025";"Salzburger Nachrichten Medien GmbH & Co.KG";"Verteilung von Schüler-Abos";"Salzburger Nachrichten";Tageszeitung;"5. Abschnitt: § 13 QJF-G";"31600,00";;;;;;;;;;;;abgeschlossen;
"2025";"Diözese Innsbruck";"Verteilung von Schüler-Abos";"Tiroler Sonntag - Kirchenzeitung der Diözese Innsbruck";Wochenzeitung;"5. Abschnitt: § 13 QJF-G";"252,00";;;;;;;;;;;;abgeschlossen;
"2025";"Schlüsselverlag J.S. Moser GmbH";"Verteilung von Schüler-Abos";"Tiroler Tageszeitung";Tageszeitung;"5. Abschnitt: § 13 QJF-G";"31600,00";;;;;;;;;;;;abgeschlossen;
"2025";"VGN Medien Holding GmbH";"Verteilung von Schüler-Abos";Trend;Magazin;"5. Abschnitt: § 13 QJF-G";"5369,00";;;;;;;;;;;;abgeschlossen;
"2025";"Unterkärntner Nachrichten Verlags GmbH";"Verteilung von Schüler-Abos";"Unterkärntner Nachrichten";Wochenzeitung;"5. Abschnitt: § 13 QJF-G";"340,00";;;;;;;;;;;;abgeschlossen;
"2025";"Russmedia Verlag GmbH";"Verteilung von Schüler-Abos";"Vorarlberger Nachrichten";Tageszeitung;"5. Abschnitt: § 13 QJF-G";"10242,60";;;;;;;;;;;;abgeschlossen;
"2025";"WOMAN GmbH & Co KG";"Verteilung von Schüler-Abos";Woman;Magazin;"5. Abschnitt: § 13 QJF-G";"2128,27";;;;;;;;;;;;abgeschlossen;
